basename,frame,split,sha256,source_image,source_xml,image_path,label_path,mask_path,lane_polygons,width,height,foreground_fraction
frame_0002_f52.jpg,2,train,a8a7e19f8273da035254cbcc34d41a74bace10aafd823f85aafb9e7f2f344a5a,frame2-401/images/frame_0002_f52.jpg,frame2-401/annotations.xml,data/images/train/frame_0002_f52.jpg,data/labels/train/frame_0002_f52.txt,data/masks-original/train/frame_0002_f52.png,2,1280,720,0.495101
frame_0003_f78.jpg,3,train,fa970606a4a614817429ea40b4aa5c4ee23277785db57168ff06189299659ce1,frame2-401/images/frame_0003_f78.jpg,frame2-401/annotations.xml,data/images/train/frame_0003_f78.jpg,data/labels/train/frame_0003_f78.txt,data/masks-original/train/frame_0003_f78.png,2,1280,720,0.495815
frame_0004_f104.jpg,4,train,82d1e6594dd7c0f4ed85197923407c2224967bf4262f63299e09032c4b5cd121,frame2-401/images/frame_0004_f104.jpg,frame2-401/annotations.xml,data/images/train/frame_0004_f104.jpg,data/labels/train/frame_0004_f104.txt,data/masks-original/train/frame_0004_f104.png,2,1280,720,0.494964
frame_0005_f130.jpg,5,train,53ddae8358e2304d04d882760d36ad43ce5c66ad829d37a3da496f353460d368,frame2-401/images/frame_0005_f130.jpg,frame2-401/annotations.xml,data/images/train/frame_0005_f130.jpg,data/labels/train/frame_0005_f130.txt,data/masks-original/train/frame_0005_f130.png,2,1280,720,0.48916
frame_0006_f156.jpg,6,train,7589a35701d7d036fbfa8f2cf1221e9cfc49028595d9aa95ffeaf8ac2958d20e,frame2-401/images/frame_0006_f156.jpg,frame2-401/annotations.xml,data/images/train/frame_0006_f156.jpg,data/labels/train/frame_0006_f156.txt,data/masks-original/train/frame_0006_f156.png,2,1280,720,0.492079
frame_0007_f182.jpg,7,train,c03c81a7c4897a30ce5c2c0645c4833288ed3c4dd911cfd2c0fc69140d2629a3,frame2-401/images/frame_0007_f182.jpg,frame2-401/annotations.xml,data/images/train/frame_0007_f182.jpg,data/labels/train/frame_0007_f182.txt,data/masks-original/train/frame_0007_f182.png,2,1280,720,0.499796
frame_0008_f207.jpg,8,train,b05f5f3e1b513e1606219513a8a3500f952f2611d38d7ca900f3eb1b9355b901,frame2-401/images/frame_0008_f207.jpg,frame2-401/annotations.xml,data/images/train/frame_0008_f207.jpg,data/labels/train/frame_0008_f207.txt,data/masks-original/train/frame_0008_f207.png,2,1280,720,0.499979
frame_0009_f233.jpg,9,train,6380ae2223a9b46d20eabefad04e5127dbb811b02b4d4752ae218ad53aa5ac52,frame2-401/images/frame_0009_f233.jpg,frame2-401/annotations.xml,data/images/train/frame_0009_f233.jpg,data/labels/train/frame_0009_f233.txt,data/masks-original/train/frame_0009_f233.png,2,1280,720,0.493876
frame_0010_f259.jpg,10,train,077f72fad2d7f64a9521524e6c2cca59ffea423f940d560da2c4dd396db1b0d9,frame2-401/images/frame_0010_f259.jpg,frame2-401/annotations.xml,data/images/train/frame_0010_f259.jpg,data/labels/train/frame_0010_f259.txt,data/masks-original/train/frame_0010_f259.png,2,1280,720,0.509708
frame_0011_f285.jpg,11,train,3d6e3c092ffd1066bc83ab305d43924ec70d45016dff07cd11b569f7c87a3279,frame2-401/images/frame_0011_f285.jpg,frame2-401/annotations.xml,data/images/train/frame_0011_f285.jpg,data/labels/train/frame_0011_f285.txt,data/masks-original/train/frame_0011_f285.png,2,1280,720,0.498118
frame_0012_f311.jpg,12,train,51eaa972ad73205ad8bca351ffdacbfd6eb641f713fa5e29d18eb240845fdcad,frame2-401/images/frame_0012_f311.jpg,frame2-401/annotations.xml,data/images/train/frame_0012_f311.jpg,data/labels/train/frame_0012_f311.txt,data/masks-original/train/frame_0012_f311.png,2,1280,720,0.498397
frame_0013_f337.jpg,13,train,2d9117752f6ccd7d8b32774f959ca93a21047da8649405096a528f22a298d530,frame2-401/images/frame_0013_f337.jpg,frame2-401/annotations.xml,data/images/train/frame_0013_f337.jpg,data/labels/train/frame_0013_f337.txt,data/masks-original/train/frame_0013_f337.png,2,1280,720,0.500639
frame_0014_f363.jpg,14,train,e32c3a3c53da23cb049ae995e5874ed908636870e22644f78a4dc38ebf3a38af,frame2-401/images/frame_0014_f363.jpg,frame2-401/annotations.xml,data/images/train/frame_0014_f363.jpg,data/labels/train/frame_0014_f363.txt,data/masks-original/train/frame_0014_f363.png,2,1280,720,0.490437
frame_0015_f389.jpg,15,train,caea83a24b3dd042ada5302a626005489c2a21504f4abc734aaadb3807a5ed07,frame2-401/images/frame_0015_f389.jpg,frame2-401/annotations.xml,data/images/train/frame_0015_f389.jpg,data/labels/train/frame_0015_f389.txt,data/masks-original/train/frame_0015_f389.png,2,1280,720,0.509022
frame_0016_f415.jpg,16,train,46a00f72663e56aec339e392a79051b18090897b653de4fbd4d69f03589073b9,frame2-401/images/frame_0016_f415.jpg,frame2-401/annotations.xml,data/images/train/frame_0016_f415.jpg,data/labels/train/frame_0016_f415.txt,data/masks-original/train/frame_0016_f415.png,2,1280,720,0.490914
frame_0017_f441.jpg,17,train,29eb33559acafd5244138b2926fe6724b5d54363efd6112b9c5e4e70b42090c3,frame2-401/images/frame_0017_f441.jpg,frame2-401/annotations.xml,data/images/train/frame_0017_f441.jpg,data/labels/train/frame_0017_f441.txt,data/masks-original/train/frame_0017_f441.png,2,1280,720,0.49381
frame_0018_f467.jpg,18,train,3dbbfc1cb5408a4a8cdbd0dd42462c7b9f38e979aac9e846a3fb76d65b3ab57f,frame2-401/images/frame_0018_f467.jpg,frame2-401/annotations.xml,data/images/train/frame_0018_f467.jpg,data/labels/train/frame_0018_f467.txt,data/masks-original/train/frame_0018_f467.png,2,1280,720,0.516249
frame_0019_f493.jpg,19,train,6429b19d4909bbaf4573eb7696b021126a30a742e017689e1c0a21a4e6a0d30e,frame2-401/images/frame_0019_f493.jpg,frame2-401/annotations.xml,data/images/train/frame_0019_f493.jpg,data/labels/train/frame_0019_f493.txt,data/masks-original/train/frame_0019_f493.png,2,1280,720,0.507406
frame_0020_f519.jpg,20,train,4faefa4d647dac896b04c2d6b318cbb0f49cbc6e0de68c61762ccd77d13ed621,frame2-401/images/frame_0020_f519.jpg,frame2-401/annotations.xml,data/images/train/frame_0020_f519.jpg,data/labels/train/frame_0020_f519.txt,data/masks-original/train/frame_0020_f519.png,2,1280,720,0.496202
frame_0021_f545.jpg,21,train,adff142e9c48e24737d1425ce865537d1534c69f13c6af759f7d7f46115bf74d,frame2-401/images/frame_0021_f545.jpg,frame2-401/annotations.xml,data/images/train/frame_0021_f545.jpg,data/labels/train/frame_0021_f545.txt,data/masks-original/train/frame_0021_f545.png,2,1280,720,0.499757
frame_0022_f571.jpg,22,train,e1a9e6b2a8944ce7cb701a821124a9aefb9e5c6dacd79cf040621cc7d623b04d,frame2-401/images/frame_0022_f571.jpg,frame2-401/annotations.xml,data/images/train/frame_0022_f571.jpg,data/labels/train/frame_0022_f571.txt,data/masks-original/train/frame_0022_f571.png,2,1280,720,0.50866
frame_0023_f596.jpg,23,train,fa0b82ec427cdd7492ddbac0fd754c7b1a0551e86eddb4374f429a988bb58041,frame2-401/images/frame_0023_f596.jpg,frame2-401/annotations.xml,data/images/train/frame_0023_f596.jpg,data/labels/train/frame_0023_f596.txt,data/masks-original/train/frame_0023_f596.png,2,1280,720,0.501387
frame_0024_f622.jpg,24,train,07533db326ab03200684db52360580c3d232f34a4696ab3951545eda3faee41d,frame2-401/images/frame_0024_f622.jpg,frame2-401/annotations.xml,data/images/train/frame_0024_f622.jpg,data/labels/train/frame_0024_f622.txt,data/masks-original/train/frame_0024_f622.png,2,1280,720,0.503151
frame_0025_f648.jpg,25,train,f94bd6b3b1827dc9597fa95d70d3c5e873eb0a82a067f497e72ff965e664ea84,frame2-401/images/frame_0025_f648.jpg,frame2-401/annotations.xml,data/images/train/frame_0025_f648.jpg,data/labels/train/frame_0025_f648.txt,data/masks-original/train/frame_0025_f648.png,2,1280,720,0.503774
frame_0026_f674.jpg,26,train,84c477b271df71f86d904c6241e1261433bcb3f6e9689f1a9995af040905dc80,frame2-401/images/frame_0026_f674.jpg,frame2-401/annotations.xml,data/images/train/frame_0026_f674.jpg,data/labels/train/frame_0026_f674.txt,data/masks-original/train/frame_0026_f674.png,2,1280,720,0.512325
frame_0027_f700.jpg,27,train,62d8b9cf55e6c8106e05079a671cbbb6aad46e5fb2a525f7c872815a7f8a02dd,frame2-401/images/frame_0027_f700.jpg,frame2-401/annotations.xml,data/images/train/frame_0027_f700.jpg,data/labels/train/frame_0027_f700.txt,data/masks-original/train/frame_0027_f700.png,2,1280,720,0.504023
frame_0028_f726.jpg,28,train,c4c7b804be9b2b0bdf24fd06e2fc58f33ca6cd385080e7b165f9746e7933eab6,frame2-401/images/frame_0028_f726.jpg,frame2-401/annotations.xml,data/images/train/frame_0028_f726.jpg,data/labels/train/frame_0028_f726.txt,data/masks-original/train/frame_0028_f726.png,2,1280,720,0.523788
frame_0029_f752.jpg,29,train,3d584f1c1f2dc166c791d735a347b2c084324e8c46415b547da095d0feb3010b,frame2-401/images/frame_0029_f752.jpg,frame2-401/annotations.xml,data/images/train/frame_0029_f752.jpg,data/labels/train/frame_0029_f752.txt,data/masks-original/train/frame_0029_f752.png,2,1280,720,0.496555
frame_0030_f778.jpg,30,train,30a5d0fbf941569f9e82f5dbb2e7aebe30df7ec3978213ce71c615e7c861f25b,frame2-401/images/frame_0030_f778.jpg,frame2-401/annotations.xml,data/images/train/frame_0030_f778.jpg,data/labels/train/frame_0030_f778.txt,data/masks-original/train/frame_0030_f778.png,2,1280,720,0.505445
frame_0031_f804.jpg,31,train,65039f1021eb88576f06292ad48c2c5f9e33315e65eba74ac3c3d9b8c566e404,frame2-401/images/frame_0031_f804.jpg,frame2-401/annotations.xml,data/images/train/frame_0031_f804.jpg,data/labels/train/frame_0031_f804.txt,data/masks-original/train/frame_0031_f804.png,2,1280,720,0.497201
frame_0032_f830.jpg,32,train,9aef67400a4ba5cdf95d1374981119e01a9d139c46bf5f6184d89caf1a5d9665,frame2-401/images/frame_0032_f830.jpg,frame2-401/annotations.xml,data/images/train/frame_0032_f830.jpg,data/labels/train/frame_0032_f830.txt,data/masks-original/train/frame_0032_f830.png,2,1280,720,0.497474
frame_0033_f856.jpg,33,train,cb0312e7f9c0ff294842901ad2c5bb0cd4894599e6d4c235829528f519f5cd90,frame2-401/images/frame_0033_f856.jpg,frame2-401/annotations.xml,data/images/train/frame_0033_f856.jpg,data/labels/train/frame_0033_f856.txt,data/masks-original/train/frame_0033_f856.png,2,1280,720,0.512995
frame_0034_f882.jpg,34,train,f12f49bfc2c8896398ca56cb1b0c78f03ae323d0ff483dde55a5b0d6f1023639,frame2-401/images/frame_0034_f882.jpg,frame2-401/annotations.xml,data/images/train/frame_0034_f882.jpg,data/labels/train/frame_0034_f882.txt,data/masks-original/train/frame_0034_f882.png,2,1280,720,0.513912
frame_0035_f908.jpg,35,train,b5d1653bbc0adce3243a2c2b445a56159fb107c29236aacdbd9fc98efaf2320d,frame2-401/images/frame_0035_f908.jpg,frame2-401/annotations.xml,data/images/train/frame_0035_f908.jpg,data/labels/train/frame_0035_f908.txt,data/masks-original/train/frame_0035_f908.png,2,1280,720,0.512571
frame_0036_f934.jpg,36,train,8a507351d8b18099b7a4c687e9bfe1c4bb7c3b7db96e17658118c546552158a6,frame2-401/images/frame_0036_f934.jpg,frame2-401/annotations.xml,data/images/train/frame_0036_f934.jpg,data/labels/train/frame_0036_f934.txt,data/masks-original/train/frame_0036_f934.png,2,1280,720,0.499328
frame_0037_f960.jpg,37,train,26a5049db45a75a7408f2db625b9a0aea6b1557ff23b3d62c7069dc37a2817f2,frame2-401/images/frame_0037_f960.jpg,frame2-401/annotations.xml,data/images/train/frame_0037_f960.jpg,data/labels/train/frame_0037_f960.txt,data/masks-original/train/frame_0037_f960.png,2,1280,720,0.482759
frame_0038_f986.jpg,38,train,6a90b3bad57eecce353dcbb445d9f96265c5cf04afedee1640142a156ee6b8b9,frame2-401/images/frame_0038_f986.jpg,frame2-401/annotations.xml,data/images/train/frame_0038_f986.jpg,data/labels/train/frame_0038_f986.txt,data/masks-original/train/frame_0038_f986.png,2,1280,720,0.50068
frame_0039_f1011.jpg,39,train,d871f6a40a3594dda4f6ded4defb75928e7cdcd9f10cba95c32ca4afe2ab783a,frame2-401/images/frame_0039_f1011.jpg,frame2-401/annotations.xml,data/images/train/frame_0039_f1011.jpg,data/labels/train/frame_0039_f1011.txt,data/masks-original/train/frame_0039_f1011.png,2,1280,720,0.494693
frame_0040_f1037.jpg,40,train,a3cdd6d60f3d57fb22edb7ff5b804c52984a4ca64e6f17551acad9308fb9d7d5,frame2-401/images/frame_0040_f1037.jpg,frame2-401/annotations.xml,data/images/train/frame_0040_f1037.jpg,data/labels/train/frame_0040_f1037.txt,data/masks-original/train/frame_0040_f1037.png,2,1280,720,0.522066
frame_0041_f1063.jpg,41,train,582e64a986779e55d7828904f5455ad37cb5d4cde443f67852b9d1544cdbc896,frame2-401/images/frame_0041_f1063.jpg,frame2-401/annotations.xml,data/images/train/frame_0041_f1063.jpg,data/labels/train/frame_0041_f1063.txt,data/masks-original/train/frame_0041_f1063.png,2,1280,720,0.491944
frame_0042_f1089.jpg,42,train,240eb9bb586f2b43afa70cd1f9692242d62ffa0166dfd2f1237fdff7b0c98af0,frame2-401/images/frame_0042_f1089.jpg,frame2-401/annotations.xml,data/images/train/frame_0042_f1089.jpg,data/labels/train/frame_0042_f1089.txt,data/masks-original/train/frame_0042_f1089.png,2,1280,720,0.517133
frame_0043_f1115.jpg,43,train,e2d4e42c5906a4df828fff15d9b7712b9172167f024589ef8754c43528586bf8,frame2-401/images/frame_0043_f1115.jpg,frame2-401/annotations.xml,data/images/train/frame_0043_f1115.jpg,data/labels/train/frame_0043_f1115.txt,data/masks-original/train/frame_0043_f1115.png,2,1280,720,0.508364
frame_0044_f1141.jpg,44,train,50f5a7808ba89afca23883281b3b2579b6a94446be6ddb37c6a29ddf9074ced0,frame2-401/images/frame_0044_f1141.jpg,frame2-401/annotations.xml,data/images/train/frame_0044_f1141.jpg,data/labels/train/frame_0044_f1141.txt,data/masks-original/train/frame_0044_f1141.png,2,1280,720,0.512628
frame_0045_f1167.jpg,45,train,c6058772e0b504c9bb47ae9f9e6c0f34c07e05f631de63d43a80ad94cf7ea860,frame2-401/images/frame_0045_f1167.jpg,frame2-401/annotations.xml,data/images/train/frame_0045_f1167.jpg,data/labels/train/frame_0045_f1167.txt,data/masks-original/train/frame_0045_f1167.png,2,1280,720,0.504069
frame_0046_f1193.jpg,46,train,288303ab84d562f74196632822b8f14233926a9ec35d14afed31eeeca3ab0b5d,frame2-401/images/frame_0046_f1193.jpg,frame2-401/annotations.xml,data/images/train/frame_0046_f1193.jpg,data/labels/train/frame_0046_f1193.txt,data/masks-original/train/frame_0046_f1193.png,2,1280,720,0.515676
frame_0047_f1219.jpg,47,train,c627243aefe7185ec7fb903710fe13be65abddbdae46eba8190a888e0ccdad78,frame2-401/images/frame_0047_f1219.jpg,frame2-401/annotations.xml,data/images/train/frame_0047_f1219.jpg,data/labels/train/frame_0047_f1219.txt,data/masks-original/train/frame_0047_f1219.png,2,1280,720,0.503775
frame_0048_f1245.jpg,48,train,0c142a9c7c1ea31f97d16360cf674cd3b0dc8e7012721852ed6cb401e30aece9,frame2-401/images/frame_0048_f1245.jpg,frame2-401/annotations.xml,data/images/train/frame_0048_f1245.jpg,data/labels/train/frame_0048_f1245.txt,data/masks-original/train/frame_0048_f1245.png,2,1280,720,0.503215
frame_0049_f1271.jpg,49,train,6e8dfce81a7adf14b0618d317feeba10b87548aa0c5f24712d05e22c74674de5,frame2-401/images/frame_0049_f1271.jpg,frame2-401/annotations.xml,data/images/train/frame_0049_f1271.jpg,data/labels/train/frame_0049_f1271.txt,data/masks-original/train/frame_0049_f1271.png,2,1280,720,0.507542
frame_0050_f1297.jpg,50,train,4b816d86318be37e9972443b45925e2a0bf50b8a535374bcaad371a144192973,frame2-401/images/frame_0050_f1297.jpg,frame2-401/annotations.xml,data/images/train/frame_0050_f1297.jpg,data/labels/train/frame_0050_f1297.txt,data/masks-original/train/frame_0050_f1297.png,2,1280,720,0.496019
frame_0051_f1323.jpg,51,train,21022ca9bdfc521eb048e443c315e1a28ad4422d5f36eb56df7a049abd4aaeb3,frame2-401/images/frame_0051_f1323.jpg,frame2-401/annotations.xml,data/images/train/frame_0051_f1323.jpg,data/labels/train/frame_0051_f1323.txt,data/masks-original/train/frame_0051_f1323.png,2,1280,720,0.495188
frame_0052_f1349.jpg,52,train,8b8ffeb5d6cfa02d9938f6ffbfa54f169168cc2a39ec624244f55a3854b12dd4,frame2-401/images/frame_0052_f1349.jpg,frame2-401/annotations.xml,data/images/train/frame_0052_f1349.jpg,data/labels/train/frame_0052_f1349.txt,data/masks-original/train/frame_0052_f1349.png,2,1280,720,0.504851
frame_0053_f1375.jpg,53,train,7ee6e40ab62070a62deb01613d625cbfb8412930f580ac416f120b06f8857733,frame2-401/images/frame_0053_f1375.jpg,frame2-401/annotations.xml,data/images/train/frame_0053_f1375.jpg,data/labels/train/frame_0053_f1375.txt,data/masks-original/train/frame_0053_f1375.png,2,1280,720,0.509146
frame_0054_f1400.jpg,54,train,e4b4520c8a4f9d683ab251489e58bd1c56a2651af91a8b40bee58e0c4815f5b0,frame2-401/images/frame_0054_f1400.jpg,frame2-401/annotations.xml,data/images/train/frame_0054_f1400.jpg,data/labels/train/frame_0054_f1400.txt,data/masks-original/train/frame_0054_f1400.png,2,1280,720,0.518665
frame_0055_f1426.jpg,55,train,2c4b1ed0f265197758e5c688c2a9a88edcda04de80509a5aa7205a4f9084c84a,frame2-401/images/frame_0055_f1426.jpg,frame2-401/annotations.xml,data/images/train/frame_0055_f1426.jpg,data/labels/train/frame_0055_f1426.txt,data/masks-original/train/frame_0055_f1426.png,2,1280,720,0.508797
frame_0056_f1452.jpg,56,train,5f25504d65c11edbd6dab8ae475868594cb063d101ea4d274ec2e6121dadba2f,frame2-401/images/frame_0056_f1452.jpg,frame2-401/annotations.xml,data/images/train/frame_0056_f1452.jpg,data/labels/train/frame_0056_f1452.txt,data/masks-original/train/frame_0056_f1452.png,2,1280,720,0.501407
frame_0057_f1478.jpg,57,train,e825f3db4d55d849c290ea288654b32a254eb70ba0f4530d336accb6c566f23f,frame2-401/images/frame_0057_f1478.jpg,frame2-401/annotations.xml,data/images/train/frame_0057_f1478.jpg,data/labels/train/frame_0057_f1478.txt,data/masks-original/train/frame_0057_f1478.png,2,1280,720,0.503848
frame_0058_f1504.jpg,58,train,176f834e81a3530e19624951e7ebdb897754b679f1b3ea462a58f316f36983d7,frame2-401/images/frame_0058_f1504.jpg,frame2-401/annotations.xml,data/images/train/frame_0058_f1504.jpg,data/labels/train/frame_0058_f1504.txt,data/masks-original/train/frame_0058_f1504.png,2,1280,720,0.494875
frame_0059_f1530.jpg,59,train,ce8a3498875aff39724ed2f12005869c482732f540ff800d9e711cc665af70b6,frame2-401/images/frame_0059_f1530.jpg,frame2-401/annotations.xml,data/images/train/frame_0059_f1530.jpg,data/labels/train/frame_0059_f1530.txt,data/masks-original/train/frame_0059_f1530.png,2,1280,720,0.48873
frame_0060_f1556.jpg,60,train,f0fa503a80d21309edb4e4c78f2c8b36aaec1474e9ebc9110710a16e778978ad,frame2-401/images/frame_0060_f1556.jpg,frame2-401/annotations.xml,data/images/train/frame_0060_f1556.jpg,data/labels/train/frame_0060_f1556.txt,data/masks-original/train/frame_0060_f1556.png,2,1280,720,0.492202
frame_0061_f1582.jpg,61,train,c61d5af7104a167f10a835bba368838c53ab25634e51f217e9436785cc6e01d2,frame2-401/images/frame_0061_f1582.jpg,frame2-401/annotations.xml,data/images/train/frame_0061_f1582.jpg,data/labels/train/frame_0061_f1582.txt,data/masks-original/train/frame_0061_f1582.png,2,1280,720,0.5008
frame_0062_f1608.jpg,62,train,b4ce1d0ceeab8f17731c751d74fd9bd2142367338447b88247ea3541b75b2a95,frame2-401/images/frame_0062_f1608.jpg,frame2-401/annotations.xml,data/images/train/frame_0062_f1608.jpg,data/labels/train/frame_0062_f1608.txt,data/masks-original/train/frame_0062_f1608.png,2,1280,720,0.510509
frame_0063_f1634.jpg,63,train,4591d6244ac8b64f6ff08036140e915214d5fa18cc4132a3ca7d67d71ec03906,frame2-401/images/frame_0063_f1634.jpg,frame2-401/annotations.xml,data/images/train/frame_0063_f1634.jpg,data/labels/train/frame_0063_f1634.txt,data/masks-original/train/frame_0063_f1634.png,2,1280,720,0.50538
frame_0064_f1660.jpg,64,train,3f1aed0a8797499a8ce6992d975a8ab90fb06ecdb3bb2e4e07b732ffaeca3323,frame2-401/images/frame_0064_f1660.jpg,frame2-401/annotations.xml,data/images/train/frame_0064_f1660.jpg,data/labels/train/frame_0064_f1660.txt,data/masks-original/train/frame_0064_f1660.png,2,1280,720,0.500829
frame_0065_f1686.jpg,65,train,48783dcc408a53280cc62afb977b3a98d88ea8024e4d25b303225e4ba5ec6e6b,frame2-401/images/frame_0065_f1686.jpg,frame2-401/annotations.xml,data/images/train/frame_0065_f1686.jpg,data/labels/train/frame_0065_f1686.txt,data/masks-original/train/frame_0065_f1686.png,2,1280,720,0.494553
frame_0066_f1712.jpg,66,train,8a156167f28d4d422ba397b2d64c7c638e2b10a89d61f5ddf699aa62f5abcdf5,frame2-401/images/frame_0066_f1712.jpg,frame2-401/annotations.xml,data/images/train/frame_0066_f1712.jpg,data/labels/train/frame_0066_f1712.txt,data/masks-original/train/frame_0066_f1712.png,2,1280,720,0.500254
frame_0067_f1738.jpg,67,train,13769741276dbd967fda21733cdc95b8dc63489ca2cb19f36b60b9aec2fa541c,frame2-401/images/frame_0067_f1738.jpg,frame2-401/annotations.xml,data/images/train/frame_0067_f1738.jpg,data/labels/train/frame_0067_f1738.txt,data/masks-original/train/frame_0067_f1738.png,2,1280,720,0.488313
frame_0068_f1764.jpg,68,train,703b51b61c1b46fd21a901b8a988788eed723b53e190a89da08af1027d9aed19,frame2-401/images/frame_0068_f1764.jpg,frame2-401/annotations.xml,data/images/train/frame_0068_f1764.jpg,data/labels/train/frame_0068_f1764.txt,data/masks-original/train/frame_0068_f1764.png,2,1280,720,0.502065
frame_0069_f1789.jpg,69,train,f8a538de26575845120c0df076b339dac1d09cc27c0884686c8da3f25b1d532b,frame2-401/images/frame_0069_f1789.jpg,frame2-401/annotations.xml,data/images/train/frame_0069_f1789.jpg,data/labels/train/frame_0069_f1789.txt,data/masks-original/train/frame_0069_f1789.png,2,1280,720,0.508462
frame_0070_f1815.jpg,70,train,64874f7edb85ce865c447b496c7d009978bc613a08541760243b6fcdebeea603,frame2-401/images/frame_0070_f1815.jpg,frame2-401/annotations.xml,data/images/train/frame_0070_f1815.jpg,data/labels/train/frame_0070_f1815.txt,data/masks-original/train/frame_0070_f1815.png,2,1280,720,0.493534
frame_0071_f1841.jpg,71,train,c95a480fc9a0bacb4e599474ba5505294ced9449d176b88da7598914a15c663a,frame2-401/images/frame_0071_f1841.jpg,frame2-401/annotations.xml,data/images/train/frame_0071_f1841.jpg,data/labels/train/frame_0071_f1841.txt,data/masks-original/train/frame_0071_f1841.png,2,1280,720,0.499002
frame_0072_f1867.jpg,72,train,e3174928dca87c788e284ec82f905cf9c48ea090bfd988b4bc7af102a237b083,frame2-401/images/frame_0072_f1867.jpg,frame2-401/annotations.xml,data/images/train/frame_0072_f1867.jpg,data/labels/train/frame_0072_f1867.txt,data/masks-original/train/frame_0072_f1867.png,2,1280,720,0.515421
frame_0073_f1893.jpg,73,train,e1023d3a8fc96fd6a11707b9f110d8f612e65b4f9a90f9997fc35d875dc3ce3c,frame2-401/images/frame_0073_f1893.jpg,frame2-401/annotations.xml,data/images/train/frame_0073_f1893.jpg,data/labels/train/frame_0073_f1893.txt,data/masks-original/train/frame_0073_f1893.png,2,1280,720,0.493371
frame_0074_f1919.jpg,74,train,b0d98961463401be5ce8d1d36ea7ec1080c117a2455f12361dcc1e175ae1eacc,frame2-401/images/frame_0074_f1919.jpg,frame2-401/annotations.xml,data/images/train/frame_0074_f1919.jpg,data/labels/train/frame_0074_f1919.txt,data/masks-original/train/frame_0074_f1919.png,2,1280,720,0.496595
frame_0075_f1945.jpg,75,train,a0bffa023f0268d8fab6a60bf6082979757bf45f3cce2ac94abc85970817bc01,frame2-401/images/frame_0075_f1945.jpg,frame2-401/annotations.xml,data/images/train/frame_0075_f1945.jpg,data/labels/train/frame_0075_f1945.txt,data/masks-original/train/frame_0075_f1945.png,2,1280,720,0.500156
frame_0076_f1971.jpg,76,train,f3790ca176d9e4073d8682086225f81cbb213975fe655132c1afdd5af3c8d0b2,frame2-401/images/frame_0076_f1971.jpg,frame2-401/annotations.xml,data/images/train/frame_0076_f1971.jpg,data/labels/train/frame_0076_f1971.txt,data/masks-original/train/frame_0076_f1971.png,2,1280,720,0.507389
frame_0077_f1997.jpg,77,train,ebdd715861dee170fc691b97644e8cd3eeb1a074f4a021b3682b02a7092a9eda,frame2-401/images/frame_0077_f1997.jpg,frame2-401/annotations.xml,data/images/train/frame_0077_f1997.jpg,data/labels/train/frame_0077_f1997.txt,data/masks-original/train/frame_0077_f1997.png,2,1280,720,0.499747
frame_0078_f2023.jpg,78,train,70c7d419a709b7a22734bbac38133a67dc33a26ff50a86b16eb372397e9884fe,frame2-401/images/frame_0078_f2023.jpg,frame2-401/annotations.xml,data/images/train/frame_0078_f2023.jpg,data/labels/train/frame_0078_f2023.txt,data/masks-original/train/frame_0078_f2023.png,2,1280,720,0.488877
frame_0079_f2049.jpg,79,train,f3edf32d10bc781093a7d356c2b8ee113ed21b86c4c6eb3f02e5da822476deff,frame2-401/images/frame_0079_f2049.jpg,frame2-401/annotations.xml,data/images/train/frame_0079_f2049.jpg,data/labels/train/frame_0079_f2049.txt,data/masks-original/train/frame_0079_f2049.png,2,1280,720,0.493997
frame_0080_f2075.jpg,80,train,8f8c84751db9526658b7f795a7cf1b615de945abb2753c3b159aaa8351db90d9,frame2-401/images/frame_0080_f2075.jpg,frame2-401/annotations.xml,data/images/train/frame_0080_f2075.jpg,data/labels/train/frame_0080_f2075.txt,data/masks-original/train/frame_0080_f2075.png,2,1280,720,0.4833
frame_0081_f2101.jpg,81,train,ab92495ac717fc5a7874fac1d1bfcdfddefdb733e5e9a0ca62dbaede68ecf0a2,frame2-401/images/frame_0081_f2101.jpg,frame2-401/annotations.xml,data/images/train/frame_0081_f2101.jpg,data/labels/train/frame_0081_f2101.txt,data/masks-original/train/frame_0081_f2101.png,2,1280,720,0.500005
frame_0082_f2127.jpg,82,train,096c9b9f949f0de9b4193b75b5f7e10a9ca4a50f6a74c4d80752762e9b58c99d,frame2-401/images/frame_0082_f2127.jpg,frame2-401/annotations.xml,data/images/train/frame_0082_f2127.jpg,data/labels/train/frame_0082_f2127.txt,data/masks-original/train/frame_0082_f2127.png,2,1280,720,0.495932
frame_0083_f2153.jpg,83,train,4bec3929cc734866e56580164f2621d313e2b747af33d9f110d4a17844215def,frame2-401/images/frame_0083_f2153.jpg,frame2-401/annotations.xml,data/images/train/frame_0083_f2153.jpg,data/labels/train/frame_0083_f2153.txt,data/masks-original/train/frame_0083_f2153.png,2,1280,720,0.493315
frame_0084_f2179.jpg,84,train,f09cbfe7e7372e4ea0ac3a64bd0c5907ee0e3642500a417fd2357608c141ab59,frame2-401/images/frame_0084_f2179.jpg,frame2-401/annotations.xml,data/images/train/frame_0084_f2179.jpg,data/labels/train/frame_0084_f2179.txt,data/masks-original/train/frame_0084_f2179.png,2,1280,720,0.501801
frame_0085_f2204.jpg,85,train,5d641fc4cade297253cdae27f11cef8e4a62709ce9c221c8f227deabdaf980af,frame2-401/images/frame_0085_f2204.jpg,frame2-401/annotations.xml,data/images/train/frame_0085_f2204.jpg,data/labels/train/frame_0085_f2204.txt,data/masks-original/train/frame_0085_f2204.png,2,1280,720,0.489227
frame_0086_f2230.jpg,86,train,001eeae0f0b3df117b12f93c84cfc1207e3caf0603cbf9e01113b5273b1aac2c,frame2-401/images/frame_0086_f2230.jpg,frame2-401/annotations.xml,data/images/train/frame_0086_f2230.jpg,data/labels/train/frame_0086_f2230.txt,data/masks-original/train/frame_0086_f2230.png,2,1280,720,0.486962
frame_0087_f2256.jpg,87,train,094c3e9de31fd0fbbf148dfba0fdc9d3c72e4b61ef5b7f892caa8d705816a4db,frame2-401/images/frame_0087_f2256.jpg,frame2-401/annotations.xml,data/images/train/frame_0087_f2256.jpg,data/labels/train/frame_0087_f2256.txt,data/masks-original/train/frame_0087_f2256.png,2,1280,720,0.484169
frame_0088_f2282.jpg,88,train,919f9f670a30047992579e9862ecf8539230567600d78767f59475a25917b395,frame2-401/images/frame_0088_f2282.jpg,frame2-401/annotations.xml,data/images/train/frame_0088_f2282.jpg,data/labels/train/frame_0088_f2282.txt,data/masks-original/train/frame_0088_f2282.png,2,1280,720,0.49371
frame_0089_f2308.jpg,89,train,72a1df04892c280efa4af814da8a34527ce731f94e8000ff7f0f888291a7f925,frame2-401/images/frame_0089_f2308.jpg,frame2-401/annotations.xml,data/images/train/frame_0089_f2308.jpg,data/labels/train/frame_0089_f2308.txt,data/masks-original/train/frame_0089_f2308.png,2,1280,720,0.495779
frame_0090_f2334.jpg,90,train,d2123272f9c9775b14d075d45c38ba5fd48a5c001699ffbd0972fed40c13b8a6,frame2-401/images/frame_0090_f2334.jpg,frame2-401/annotations.xml,data/images/train/frame_0090_f2334.jpg,data/labels/train/frame_0090_f2334.txt,data/masks-original/train/frame_0090_f2334.png,2,1280,720,0.496201
frame_0091_f2360.jpg,91,train,da847bb798fa35a114d265c6329d8af5ed2f6c17a55fa84f45c59880a7c46ef8,frame2-401/images/frame_0091_f2360.jpg,frame2-401/annotations.xml,data/images/train/frame_0091_f2360.jpg,data/labels/train/frame_0091_f2360.txt,data/masks-original/train/frame_0091_f2360.png,2,1280,720,0.496689
frame_0092_f2386.jpg,92,train,765035d33b03bfae6dfc379c1165beebbef47d7e6fda49df9b26f183706e170b,frame2-401/images/frame_0092_f2386.jpg,frame2-401/annotations.xml,data/images/train/frame_0092_f2386.jpg,data/labels/train/frame_0092_f2386.txt,data/masks-original/train/frame_0092_f2386.png,2,1280,720,0.502062
frame_0093_f2412.jpg,93,train,1ceb0bf2b84ff6ec092ba431faa3a6ad529d3f3dac66672fb3e1d1e856816dd9,frame2-401/images/frame_0093_f2412.jpg,frame2-401/annotations.xml,data/images/train/frame_0093_f2412.jpg,data/labels/train/frame_0093_f2412.txt,data/masks-original/train/frame_0093_f2412.png,2,1280,720,0.48588
frame_0094_f2438.jpg,94,train,390fcbb255c34c8f344c2c7eb748adda647bbde28ac3d3a28e1632f939b2066e,frame2-401/images/frame_0094_f2438.jpg,frame2-401/annotations.xml,data/images/train/frame_0094_f2438.jpg,data/labels/train/frame_0094_f2438.txt,data/masks-original/train/frame_0094_f2438.png,2,1280,720,0.498069
frame_0095_f2464.jpg,95,train,d262548c3c700e1bf225d1eb0e2d9dabc832ab23fff02d0254b89404758750b0,frame2-401/images/frame_0095_f2464.jpg,frame2-401/annotations.xml,data/images/train/frame_0095_f2464.jpg,data/labels/train/frame_0095_f2464.txt,data/masks-original/train/frame_0095_f2464.png,2,1280,720,0.494915
frame_0096_f2490.jpg,96,train,5cb9af79c0008325e257bbfca0a1322775f90900b0612c8dfc8df783a1071137,frame2-401/images/frame_0096_f2490.jpg,frame2-401/annotations.xml,data/images/train/frame_0096_f2490.jpg,data/labels/train/frame_0096_f2490.txt,data/masks-original/train/frame_0096_f2490.png,2,1280,720,0.502877
frame_0097_f2516.jpg,97,train,5942df2d0fde0c551d60650d6f8285b1c41990fb3fe33d65589a26140203c4ea,frame2-401/images/frame_0097_f2516.jpg,frame2-401/annotations.xml,data/images/train/frame_0097_f2516.jpg,data/labels/train/frame_0097_f2516.txt,data/masks-original/train/frame_0097_f2516.png,2,1280,720,0.501035
frame_0098_f2542.jpg,98,train,05eb29c3acc79aa131e87e927ac1ee7d6cb21a5cafb5c137c770802848ba743e,frame2-401/images/frame_0098_f2542.jpg,frame2-401/annotations.xml,data/images/train/frame_0098_f2542.jpg,data/labels/train/frame_0098_f2542.txt,data/masks-original/train/frame_0098_f2542.png,2,1280,720,0.50665
frame_0099_f2568.jpg,99,train,44bdf9f92d113cd6e6d0bf24c62e266e797b962566beabfd2945d170bacd66c2,frame2-401/images/frame_0099_f2568.jpg,frame2-401/annotations.xml,data/images/train/frame_0099_f2568.jpg,data/labels/train/frame_0099_f2568.txt,data/masks-original/train/frame_0099_f2568.png,2,1280,720,0.50572
frame_0100_f2593.jpg,100,train,bf91272377ea4cfa45959a171cf411df1728354d410be36ea9b9d49ed1f1c917,frame2-401/images/frame_0100_f2593.jpg,frame2-401/annotations.xml,data/images/train/frame_0100_f2593.jpg,data/labels/train/frame_0100_f2593.txt,data/masks-original/train/frame_0100_f2593.png,2,1280,720,0.505584
frame_0101_f2619.jpg,101,train,11c675ffe7c9d13a10d116608caaa0a72a2c6f63c3a9ce15b92fbec3dc5367b9,frame2-401/images/frame_0101_f2619.jpg,frame2-401/annotations.xml,data/images/train/frame_0101_f2619.jpg,data/labels/train/frame_0101_f2619.txt,data/masks-original/train/frame_0101_f2619.png,2,1280,720,0.511518
frame_0102_f2645.jpg,102,train,18ad39dd4eca4f08835507792dc2fa652262a926e074c3220c6c5e10556a58ff,frame2-401/images/frame_0102_f2645.jpg,frame2-401/annotations.xml,data/images/train/frame_0102_f2645.jpg,data/labels/train/frame_0102_f2645.txt,data/masks-original/train/frame_0102_f2645.png,2,1280,720,0.500996
frame_0103_f2671.jpg,103,train,5d30a38b00b8cf41da040dfe08f3f08d5315a76844f2ceb9a3510cf937467d76,frame2-401/images/frame_0103_f2671.jpg,frame2-401/annotations.xml,data/images/train/frame_0103_f2671.jpg,data/labels/train/frame_0103_f2671.txt,data/masks-original/train/frame_0103_f2671.png,2,1280,720,0.485153
frame_0104_f2697.jpg,104,train,691e30edd006dacee70d436c54d90fc07eec9b32477c08c11a7317acf05ff931,frame2-401/images/frame_0104_f2697.jpg,frame2-401/annotations.xml,data/images/train/frame_0104_f2697.jpg,data/labels/train/frame_0104_f2697.txt,data/masks-original/train/frame_0104_f2697.png,2,1280,720,0.477616
frame_0105_f2723.jpg,105,train,13d4a2802facc4cf5be08fec6ec97967e419538830e45b8b0a77e6d741114dfe,frame2-401/images/frame_0105_f2723.jpg,frame2-401/annotations.xml,data/images/train/frame_0105_f2723.jpg,data/labels/train/frame_0105_f2723.txt,data/masks-original/train/frame_0105_f2723.png,2,1280,720,0.495908
frame_0106_f2749.jpg,106,train,c06902f64dbfad2b124a7dffbede6ad1cf4005f67e1e2f51a1e9e6e9f778f17f,frame2-401/images/frame_0106_f2749.jpg,frame2-401/annotations.xml,data/images/train/frame_0106_f2749.jpg,data/labels/train/frame_0106_f2749.txt,data/masks-original/train/frame_0106_f2749.png,2,1280,720,0.512042
frame_0107_f2775.jpg,107,train,3de0bffd168e00334efd81ef8e3a608c0b120fa91c6dd55a3d03ff2cbafe29dc,frame2-401/images/frame_0107_f2775.jpg,frame2-401/annotations.xml,data/images/train/frame_0107_f2775.jpg,data/labels/train/frame_0107_f2775.txt,data/masks-original/train/frame_0107_f2775.png,2,1280,720,0.493005
frame_0108_f2801.jpg,108,train,3b7863370b8cc9e399191a0aab46b8458f579adaecee83a1a5d2ddefa3827667,frame2-401/images/frame_0108_f2801.jpg,frame2-401/annotations.xml,data/images/train/frame_0108_f2801.jpg,data/labels/train/frame_0108_f2801.txt,data/masks-original/train/frame_0108_f2801.png,2,1280,720,0.502326
frame_0109_f2827.jpg,109,train,ec9fbffa442d15ecf8edd0535d53c25cec7f8999c7ee8b31a9c70fb94b983eda,frame2-401/images/frame_0109_f2827.jpg,frame2-401/annotations.xml,data/images/train/frame_0109_f2827.jpg,data/labels/train/frame_0109_f2827.txt,data/masks-original/train/frame_0109_f2827.png,2,1280,720,0.501442
frame_0110_f2853.jpg,110,train,66ad20b69042896f01af5775c65e457f9c02c87c294641bf06e4a5cad0f8bb0d,frame2-401/images/frame_0110_f2853.jpg,frame2-401/annotations.xml,data/images/train/frame_0110_f2853.jpg,data/labels/train/frame_0110_f2853.txt,data/masks-original/train/frame_0110_f2853.png,2,1280,720,0.497156
frame_0111_f2879.jpg,111,train,ff46b98eda97184815a424b4867e17d10ede3de13ea888359a323342378bc4bc,frame2-401/images/frame_0111_f2879.jpg,frame2-401/annotations.xml,data/images/train/frame_0111_f2879.jpg,data/labels/train/frame_0111_f2879.txt,data/masks-original/train/frame_0111_f2879.png,2,1280,720,0.498231
frame_0112_f2905.jpg,112,train,3b4d63b23b43d2462f3ab7ca15657a3773be1be4929ba4675d30d4443410395a,frame2-401/images/frame_0112_f2905.jpg,frame2-401/annotations.xml,data/images/train/frame_0112_f2905.jpg,data/labels/train/frame_0112_f2905.txt,data/masks-original/train/frame_0112_f2905.png,2,1280,720,0.506128
frame_0113_f2931.jpg,113,train,5e123e351ba88bec69376a21149d03b029ec703495a5846710d90d030ba2a654,frame2-401/images/frame_0113_f2931.jpg,frame2-401/annotations.xml,data/images/train/frame_0113_f2931.jpg,data/labels/train/frame_0113_f2931.txt,data/masks-original/train/frame_0113_f2931.png,2,1280,720,0.512554
frame_0114_f2957.jpg,114,train,dd8251aa1e03b26f34d44a06ce9b1035c3468764085226a1c761388440647fd3,frame2-401/images/frame_0114_f2957.jpg,frame2-401/annotations.xml,data/images/train/frame_0114_f2957.jpg,data/labels/train/frame_0114_f2957.txt,data/masks-original/train/frame_0114_f2957.png,2,1280,720,0.496497
frame_0115_f2982.jpg,115,train,9450ac81dbb0d0c8e706821f4d525479020cc8b7e0891465d87053db165ca5b9,frame2-401/images/frame_0115_f2982.jpg,frame2-401/annotations.xml,data/images/train/frame_0115_f2982.jpg,data/labels/train/frame_0115_f2982.txt,data/masks-original/train/frame_0115_f2982.png,2,1280,720,0.494063
frame_0116_f3008.jpg,116,train,98b94f5b868de4d16d3a4a2d45947504a8f355c20be1b1a3b03e45c8768c5732,frame2-401/images/frame_0116_f3008.jpg,frame2-401/annotations.xml,data/images/train/frame_0116_f3008.jpg,data/labels/train/frame_0116_f3008.txt,data/masks-original/train/frame_0116_f3008.png,2,1280,720,0.496447
frame_0117_f3034.jpg,117,train,41b3043ebba63c6012ce2c93dc3348fce344dedbeba0d6b1d679af5f1500ac60,frame2-401/images/frame_0117_f3034.jpg,frame2-401/annotations.xml,data/images/train/frame_0117_f3034.jpg,data/labels/train/frame_0117_f3034.txt,data/masks-original/train/frame_0117_f3034.png,2,1280,720,0.511974
frame_0118_f3060.jpg,118,train,48f1cbd9e1c2c9a33b4d89d9a873156340eb9a5dd026ee8999e811a20ab4a25d,frame2-401/images/frame_0118_f3060.jpg,frame2-401/annotations.xml,data/images/train/frame_0118_f3060.jpg,data/labels/train/frame_0118_f3060.txt,data/masks-original/train/frame_0118_f3060.png,2,1280,720,0.491787
frame_0119_f3086.jpg,119,train,f621ff02b76cb42585f637b5614a2689a9cf125c5914c6f11646fe6ed394e510,frame2-401/images/frame_0119_f3086.jpg,frame2-401/annotations.xml,data/images/train/frame_0119_f3086.jpg,data/labels/train/frame_0119_f3086.txt,data/masks-original/train/frame_0119_f3086.png,2,1280,720,0.494335
frame_0120_f3112.jpg,120,train,f93c92aaef62a5e065138880555a74b25e51660ba680b7e16088ae7253f4fac4,frame2-401/images/frame_0120_f3112.jpg,frame2-401/annotations.xml,data/images/train/frame_0120_f3112.jpg,data/labels/train/frame_0120_f3112.txt,data/masks-original/train/frame_0120_f3112.png,2,1280,720,0.490211
frame_0121_f3138.jpg,121,train,2d305bf1a430fb85e1f4dd372cdf864907b89d659f49394273bf93b1515fa16b,frame2-401/images/frame_0121_f3138.jpg,frame2-401/annotations.xml,data/images/train/frame_0121_f3138.jpg,data/labels/train/frame_0121_f3138.txt,data/masks-original/train/frame_0121_f3138.png,2,1280,720,0.50223
frame_0122_f3164.jpg,122,train,1c6e66678014f9598849082c4d8c8870f6167a659892294c56e702147d8010aa,frame2-401/images/frame_0122_f3164.jpg,frame2-401/annotations.xml,data/images/train/frame_0122_f3164.jpg,data/labels/train/frame_0122_f3164.txt,data/masks-original/train/frame_0122_f3164.png,2,1280,720,0.499392
frame_0123_f3190.jpg,123,train,0cb836955bf38d8d49adb1ecd677f74d7a19da6bbac134e3eab339fb17807880,frame2-401/images/frame_0123_f3190.jpg,frame2-401/annotations.xml,data/images/train/frame_0123_f3190.jpg,data/labels/train/frame_0123_f3190.txt,data/masks-original/train/frame_0123_f3190.png,2,1280,720,0.503376
frame_0124_f3216.jpg,124,train,16caec97c857d201c1759fd0da7a3d3fad53fd16ccfc16ef328289ee529dbc77,frame2-401/images/frame_0124_f3216.jpg,frame2-401/annotations.xml,data/images/train/frame_0124_f3216.jpg,data/labels/train/frame_0124_f3216.txt,data/masks-original/train/frame_0124_f3216.png,2,1280,720,0.509914
frame_0125_f3242.jpg,125,train,3dd76bc28693ba7e69f05e862d6aec9f434b93d92219ff3658e3ec66202ba200,frame2-401/images/frame_0125_f3242.jpg,frame2-401/annotations.xml,data/images/train/frame_0125_f3242.jpg,data/labels/train/frame_0125_f3242.txt,data/masks-original/train/frame_0125_f3242.png,2,1280,720,0.504805
frame_0126_f3268.jpg,126,train,823dd9e483c8a620a1da64deb1ace225cc36b39c01aba4a1c2653c1f74d241a1,frame2-401/images/frame_0126_f3268.jpg,frame2-401/annotations.xml,data/images/train/frame_0126_f3268.jpg,data/labels/train/frame_0126_f3268.txt,data/masks-original/train/frame_0126_f3268.png,2,1280,720,0.502391
frame_0127_f3294.jpg,127,train,d101fd4d8d620f3bb3a6a463a88d3768655a19fc34c4416b8f82575633122630,frame2-401/images/frame_0127_f3294.jpg,frame2-401/annotations.xml,data/images/train/frame_0127_f3294.jpg,data/labels/train/frame_0127_f3294.txt,data/masks-original/train/frame_0127_f3294.png,2,1280,720,0.475344
frame_0128_f3320.jpg,128,train,d15fe5467e8ad78bc492d391c6b745a787505ca8965a57c0ce3284794c7c754c,frame2-401/images/frame_0128_f3320.jpg,frame2-401/annotations.xml,data/images/train/frame_0128_f3320.jpg,data/labels/train/frame_0128_f3320.txt,data/masks-original/train/frame_0128_f3320.png,2,1280,720,0.501563
frame_0129_f3346.jpg,129,train,71f71eff3dbbd2ced3834660353fbb61b03d471749ba8f76be727edae560fe2d,frame2-401/images/frame_0129_f3346.jpg,frame2-401/annotations.xml,data/images/train/frame_0129_f3346.jpg,data/labels/train/frame_0129_f3346.txt,data/masks-original/train/frame_0129_f3346.png,2,1280,720,0.493728
frame_0130_f3372.jpg,130,train,0bf7cd807f03f1974bf0f444b19976e8b89b133fe1680f19d8d77160305aa53c,frame2-401/images/frame_0130_f3372.jpg,frame2-401/annotations.xml,data/images/train/frame_0130_f3372.jpg,data/labels/train/frame_0130_f3372.txt,data/masks-original/train/frame_0130_f3372.png,2,1280,720,0.497472
frame_0131_f3397.jpg,131,train,dac42bebd4046c596ac8a80ab587fc6e33c72318c08c1ebf3b5586d565f17b7d,frame2-401/images/frame_0131_f3397.jpg,frame2-401/annotations.xml,data/images/train/frame_0131_f3397.jpg,data/labels/train/frame_0131_f3397.txt,data/masks-original/train/frame_0131_f3397.png,2,1280,720,0.500219
frame_0132_f3423.jpg,132,train,b59df8048de16283cb65601f2594a70686b078e73054edc51f6afb022c50ec70,frame2-401/images/frame_0132_f3423.jpg,frame2-401/annotations.xml,data/images/train/frame_0132_f3423.jpg,data/labels/train/frame_0132_f3423.txt,data/masks-original/train/frame_0132_f3423.png,2,1280,720,0.494022
frame_0133_f3449.jpg,133,train,5499dda4392edaffe1835c1f7188c13c3862c827992978ab47f103e88076a9cf,frame2-401/images/frame_0133_f3449.jpg,frame2-401/annotations.xml,data/images/train/frame_0133_f3449.jpg,data/labels/train/frame_0133_f3449.txt,data/masks-original/train/frame_0133_f3449.png,2,1280,720,0.503499
frame_0134_f3475.jpg,134,train,696fad586a3f2ac07fc3efada4ac13d21df8b94b95aec488398f12009041440a,frame2-401/images/frame_0134_f3475.jpg,frame2-401/annotations.xml,data/images/train/frame_0134_f3475.jpg,data/labels/train/frame_0134_f3475.txt,data/masks-original/train/frame_0134_f3475.png,2,1280,720,0.501363
frame_0135_f3501.jpg,135,train,61bea61c6f9efbeeada797dfea2b189141b91c0cb907a43bae69efa948889005,frame2-401/images/frame_0135_f3501.jpg,frame2-401/annotations.xml,data/images/train/frame_0135_f3501.jpg,data/labels/train/frame_0135_f3501.txt,data/masks-original/train/frame_0135_f3501.png,2,1280,720,0.48249
frame_0136_f3527.jpg,136,train,1d959c6d67e7ae60961c7122c0c112f44f07a0063517bc988caca84ccd0c4546,frame2-401/images/frame_0136_f3527.jpg,frame2-401/annotations.xml,data/images/train/frame_0136_f3527.jpg,data/labels/train/frame_0136_f3527.txt,data/masks-original/train/frame_0136_f3527.png,2,1280,720,0.500545
frame_0137_f3553.jpg,137,train,efca20c2467e26e289d5141f11504e23e1e4185fc3d7d20da8c7002d6348a054,frame2-401/images/frame_0137_f3553.jpg,frame2-401/annotations.xml,data/images/train/frame_0137_f3553.jpg,data/labels/train/frame_0137_f3553.txt,data/masks-original/train/frame_0137_f3553.png,2,1280,720,0.50853
frame_0138_f3579.jpg,138,train,2d324ef9b1075542e0bba5ee47176253debc5421454d98a4ba4b3632414d7f98,frame2-401/images/frame_0138_f3579.jpg,frame2-401/annotations.xml,data/images/train/frame_0138_f3579.jpg,data/labels/train/frame_0138_f3579.txt,data/masks-original/train/frame_0138_f3579.png,2,1280,720,0.507547
frame_0139_f3605.jpg,139,train,114ea566ad098729b6bf2709f8bf6d131a5e8edc19b4a4a7edb62adcd09758e4,frame2-401/images/frame_0139_f3605.jpg,frame2-401/annotations.xml,data/images/train/frame_0139_f3605.jpg,data/labels/train/frame_0139_f3605.txt,data/masks-original/train/frame_0139_f3605.png,2,1280,720,0.494861
frame_0140_f3631.jpg,140,train,ff54f6b86e93e47a0f37343cb887e622b36c32fdd6c482661e80c5605e9ff2db,frame2-401/images/frame_0140_f3631.jpg,frame2-401/annotations.xml,data/images/train/frame_0140_f3631.jpg,data/labels/train/frame_0140_f3631.txt,data/masks-original/train/frame_0140_f3631.png,2,1280,720,0.47839
frame_0141_f3657.jpg,141,train,4b66fa80e361fc86d8fbb138599c859a1e3756b113e2728d681724c861f069b8,frame2-401/images/frame_0141_f3657.jpg,frame2-401/annotations.xml,data/images/train/frame_0141_f3657.jpg,data/labels/train/frame_0141_f3657.txt,data/masks-original/train/frame_0141_f3657.png,2,1280,720,0.489622
frame_0142_f3683.jpg,142,train,7c386d3551e1d083ddb3a204375438aaa06540c702d9badc6aec8b06b218f308,frame2-401/images/frame_0142_f3683.jpg,frame2-401/annotations.xml,data/images/train/frame_0142_f3683.jpg,data/labels/train/frame_0142_f3683.txt,data/masks-original/train/frame_0142_f3683.png,2,1280,720,0.495882
frame_0143_f3709.jpg,143,train,85967d6c863c0d49eefb93dc6a4af504af26320fd3053a7fdb538e6f053943d7,frame2-401/images/frame_0143_f3709.jpg,frame2-401/annotations.xml,data/images/train/frame_0143_f3709.jpg,data/labels/train/frame_0143_f3709.txt,data/masks-original/train/frame_0143_f3709.png,2,1280,720,0.487307
frame_0144_f3735.jpg,144,train,97d0737795f5a3e492118e1a3f684cafe2fc20beb5ed4e8ccbacfd72372a892e,frame2-401/images/frame_0144_f3735.jpg,frame2-401/annotations.xml,data/images/train/frame_0144_f3735.jpg,data/labels/train/frame_0144_f3735.txt,data/masks-original/train/frame_0144_f3735.png,2,1280,720,0.505822
frame_0145_f3761.jpg,145,train,8a98434dc1346380d352d90d4f26138e6e246cec0a04acfc4ed3ebfd00e4a913,frame2-401/images/frame_0145_f3761.jpg,frame2-401/annotations.xml,data/images/train/frame_0145_f3761.jpg,data/labels/train/frame_0145_f3761.txt,data/masks-original/train/frame_0145_f3761.png,2,1280,720,0.498124
frame_0146_f3786.jpg,146,train,37950b407a7389fd519769e2a63f7b53b5aeba8d4ae87ded07b136f16c48af24,frame2-401/images/frame_0146_f3786.jpg,frame2-401/annotations.xml,data/images/train/frame_0146_f3786.jpg,data/labels/train/frame_0146_f3786.txt,data/masks-original/train/frame_0146_f3786.png,2,1280,720,0.504685
frame_0147_f3812.jpg,147,train,0d8acd6406c497fe9b1eb8e1027017d2cb38940736cf0a355632a2228623584f,frame2-401/images/frame_0147_f3812.jpg,frame2-401/annotations.xml,data/images/train/frame_0147_f3812.jpg,data/labels/train/frame_0147_f3812.txt,data/masks-original/train/frame_0147_f3812.png,2,1280,720,0.500021
frame_0148_f3838.jpg,148,train,dfedfeea4614cc811f821cfdd83c7fd9d172f5b64f1722e9e27fd4d95bad9c4d,frame2-401/images/frame_0148_f3838.jpg,frame2-401/annotations.xml,data/images/train/frame_0148_f3838.jpg,data/labels/train/frame_0148_f3838.txt,data/masks-original/train/frame_0148_f3838.png,2,1280,720,0.49946
frame_0149_f3864.jpg,149,train,bd4dd7c0830243df2eca7b460736e048b9bbd3bc22d63d5a884f75d45ce023b5,frame2-401/images/frame_0149_f3864.jpg,frame2-401/annotations.xml,data/images/train/frame_0149_f3864.jpg,data/labels/train/frame_0149_f3864.txt,data/masks-original/train/frame_0149_f3864.png,2,1280,720,0.519293
frame_0150_f3890.jpg,150,train,10e9fefc14fd7e474f17cc8b64e9b5c4fd7030dbb9042dc2384772617c194493,frame2-401/images/frame_0150_f3890.jpg,frame2-401/annotations.xml,data/images/train/frame_0150_f3890.jpg,data/labels/train/frame_0150_f3890.txt,data/masks-original/train/frame_0150_f3890.png,2,1280,720,0.503892
frame_0151_f3916.jpg,151,train,9151da058bb0ad4fb201b9a37e642f800c51c989c2957fcea35d5bc5260a0d76,frame2-401/images/frame_0151_f3916.jpg,frame2-401/annotations.xml,data/images/train/frame_0151_f3916.jpg,data/labels/train/frame_0151_f3916.txt,data/masks-original/train/frame_0151_f3916.png,2,1280,720,0.500291
frame_0152_f3942.jpg,152,train,51bf7007262988212b37baecc762671ecc18fc87286f0c9be26dd772ec9c3690,frame2-401/images/frame_0152_f3942.jpg,frame2-401/annotations.xml,data/images/train/frame_0152_f3942.jpg,data/labels/train/frame_0152_f3942.txt,data/masks-original/train/frame_0152_f3942.png,2,1280,720,0.498353
frame_0153_f3968.jpg,153,train,1656a0503e5937dec5368619632bf610f51d039fc144dce839b55a4094a7049e,frame2-401/images/frame_0153_f3968.jpg,frame2-401/annotations.xml,data/images/train/frame_0153_f3968.jpg,data/labels/train/frame_0153_f3968.txt,data/masks-original/train/frame_0153_f3968.png,2,1280,720,0.51522
frame_0154_f3994.jpg,154,train,617b8402d4a58d3565246e078b696e8d28097a688c5ef0381cfa5db5910dc2c5,frame2-401/images/frame_0154_f3994.jpg,frame2-401/annotations.xml,data/images/train/frame_0154_f3994.jpg,data/labels/train/frame_0154_f3994.txt,data/masks-original/train/frame_0154_f3994.png,2,1280,720,0.50698
frame_0155_f4020.jpg,155,train,2a8cb71945e985cb8b899bbece4640f14ed5ee2ec6a5f4fdccace00874e149cc,frame2-401/images/frame_0155_f4020.jpg,frame2-401/annotations.xml,data/images/train/frame_0155_f4020.jpg,data/labels/train/frame_0155_f4020.txt,data/masks-original/train/frame_0155_f4020.png,2,1280,720,0.511844
frame_0156_f4046.jpg,156,train,89bab27937c03303589772ba8c1fe514ae415327b40fa7b2fcc13143d69b1f42,frame2-401/images/frame_0156_f4046.jpg,frame2-401/annotations.xml,data/images/train/frame_0156_f4046.jpg,data/labels/train/frame_0156_f4046.txt,data/masks-original/train/frame_0156_f4046.png,2,1280,720,0.524294
frame_0157_f4072.jpg,157,train,f21a35f1873a4887599158d380f71eadc0238b50c5d5979c60ffdf5372d329bc,frame2-401/images/frame_0157_f4072.jpg,frame2-401/annotations.xml,data/images/train/frame_0157_f4072.jpg,data/labels/train/frame_0157_f4072.txt,data/masks-original/train/frame_0157_f4072.png,2,1280,720,0.51561
frame_0158_f4098.jpg,158,train,1875def5f469144faafd2e04d46e74399d03a46d4e3f6c3c8761af5353b4fa82,frame2-401/images/frame_0158_f4098.jpg,frame2-401/annotations.xml,data/images/train/frame_0158_f4098.jpg,data/labels/train/frame_0158_f4098.txt,data/masks-original/train/frame_0158_f4098.png,2,1280,720,0.510847
frame_0159_f4124.jpg,159,train,c6ed0e5b1d0e43fb151aa471b831b02b4b575c7a85b1a41e55b62725a9870825,frame2-401/images/frame_0159_f4124.jpg,frame2-401/annotations.xml,data/images/train/frame_0159_f4124.jpg,data/labels/train/frame_0159_f4124.txt,data/masks-original/train/frame_0159_f4124.png,2,1280,720,0.514243
frame_0160_f4150.jpg,160,train,b84caa291599ea9611ce25a75058d6747fdb68205a57a23303b39803d008a100,frame2-401/images/frame_0160_f4150.jpg,frame2-401/annotations.xml,data/images/train/frame_0160_f4150.jpg,data/labels/train/frame_0160_f4150.txt,data/masks-original/train/frame_0160_f4150.png,2,1280,720,0.500518
frame_0161_f4175.jpg,161,train,7eb7628c301259043af4bbbaef44b1308ec941f76789a91956e079a14f6ec7c3,frame2-401/images/frame_0161_f4175.jpg,frame2-401/annotations.xml,data/images/train/frame_0161_f4175.jpg,data/labels/train/frame_0161_f4175.txt,data/masks-original/train/frame_0161_f4175.png,2,1280,720,0.4968
frame_0162_f4201.jpg,162,train,6a04bc625c652ce4f6607262e9dec0a7b472c793b3b83e15ae179c7994fcdb23,frame2-401/images/frame_0162_f4201.jpg,frame2-401/annotations.xml,data/images/train/frame_0162_f4201.jpg,data/labels/train/frame_0162_f4201.txt,data/masks-original/train/frame_0162_f4201.png,2,1280,720,0.503706
frame_0163_f4227.jpg,163,train,a6790a49a2eb93fefaafbfb4b320d038b08bb4636060d28a185f9d842f90a287,frame2-401/images/frame_0163_f4227.jpg,frame2-401/annotations.xml,data/images/train/frame_0163_f4227.jpg,data/labels/train/frame_0163_f4227.txt,data/masks-original/train/frame_0163_f4227.png,2,1280,720,0.506608
frame_0164_f4253.jpg,164,train,68b9dada5e8f9d5d62839be8877aa6a3bcb4cc9c59b46ae8822a98305acc3ca5,frame2-401/images/frame_0164_f4253.jpg,frame2-401/annotations.xml,data/images/train/frame_0164_f4253.jpg,data/labels/train/frame_0164_f4253.txt,data/masks-original/train/frame_0164_f4253.png,2,1280,720,0.493191
frame_0165_f4279.jpg,165,train,8c651c4ac25e3f5d3e2e8d58001faeb4bcf2fbdeaef28005edb961a08a1aead1,frame2-401/images/frame_0165_f4279.jpg,frame2-401/annotations.xml,data/images/train/frame_0165_f4279.jpg,data/labels/train/frame_0165_f4279.txt,data/masks-original/train/frame_0165_f4279.png,2,1280,720,0.50276
frame_0166_f4305.jpg,166,train,1c8473481609bc9cee60fddc7e58e9a82dc9bb2335859d2b5bb995c861de95b8,frame2-401/images/frame_0166_f4305.jpg,frame2-401/annotations.xml,data/images/train/frame_0166_f4305.jpg,data/labels/train/frame_0166_f4305.txt,data/masks-original/train/frame_0166_f4305.png,2,1280,720,0.511539
frame_0167_f4331.jpg,167,train,0be83d61cc47fd7a493f16a697ef52708e59cea8be3f59e25e5482c0ab5efd02,frame2-401/images/frame_0167_f4331.jpg,frame2-401/annotations.xml,data/images/train/frame_0167_f4331.jpg,data/labels/train/frame_0167_f4331.txt,data/masks-original/train/frame_0167_f4331.png,2,1280,720,0.491705
frame_0168_f4357.jpg,168,train,d593ef943dcc9d48f5a0164f1ccd32782aeb32cfe2c54c39a6b5a974f2659c75,frame2-401/images/frame_0168_f4357.jpg,frame2-401/annotations.xml,data/images/train/frame_0168_f4357.jpg,data/labels/train/frame_0168_f4357.txt,data/masks-original/train/frame_0168_f4357.png,2,1280,720,0.493451
frame_0169_f4383.jpg,169,train,5efac1cc9896187b7167567d0f986ede72db82be12c8746566c77a3e0594906d,frame2-401/images/frame_0169_f4383.jpg,frame2-401/annotations.xml,data/images/train/frame_0169_f4383.jpg,data/labels/train/frame_0169_f4383.txt,data/masks-original/train/frame_0169_f4383.png,2,1280,720,0.490317
frame_0170_f4409.jpg,170,train,b6eaa77bbe82bde7530456fac3d3c160abb5bad39408a046921469e500a0c95f,frame2-401/images/frame_0170_f4409.jpg,frame2-401/annotations.xml,data/images/train/frame_0170_f4409.jpg,data/labels/train/frame_0170_f4409.txt,data/masks-original/train/frame_0170_f4409.png,2,1280,720,0.508508
frame_0171_f4435.jpg,171,train,93d6e5bceee7b0c9b05f2cfc9612e3b98028847f0749c4a915518cf3ed07c334,frame2-401/images/frame_0171_f4435.jpg,frame2-401/annotations.xml,data/images/train/frame_0171_f4435.jpg,data/labels/train/frame_0171_f4435.txt,data/masks-original/train/frame_0171_f4435.png,2,1280,720,0.511541
frame_0172_f4461.jpg,172,train,acd5a433137891c3c5eae83d2fdc4e91ef902ffa2db3d8c8dd537ac5ae4e01aa,frame2-401/images/frame_0172_f4461.jpg,frame2-401/annotations.xml,data/images/train/frame_0172_f4461.jpg,data/labels/train/frame_0172_f4461.txt,data/masks-original/train/frame_0172_f4461.png,2,1280,720,0.497067
frame_0173_f4487.jpg,173,train,951b0e5ef2e3dd023a687b6d9ae0bf12fd143732e013ed97d64af7e410d33c99,frame2-401/images/frame_0173_f4487.jpg,frame2-401/annotations.xml,data/images/train/frame_0173_f4487.jpg,data/labels/train/frame_0173_f4487.txt,data/masks-original/train/frame_0173_f4487.png,2,1280,720,0.488586
frame_0174_f4513.jpg,174,train,736780839f2551e7a66b87d39a85ade9523d2b83282d1cac12e149ebc7a882ae,frame2-401/images/frame_0174_f4513.jpg,frame2-401/annotations.xml,data/images/train/frame_0174_f4513.jpg,data/labels/train/frame_0174_f4513.txt,data/masks-original/train/frame_0174_f4513.png,2,1280,720,0.519791
frame_0175_f4539.jpg,175,train,b0425136012779804ea293285f59f9ea45032fe5326389088da9025486d71a55,frame2-401/images/frame_0175_f4539.jpg,frame2-401/annotations.xml,data/images/train/frame_0175_f4539.jpg,data/labels/train/frame_0175_f4539.txt,data/masks-original/train/frame_0175_f4539.png,2,1280,720,0.504234
frame_0176_f4564.jpg,176,train,b58b0f5ee9627f4ff0c5c62b405423403c830d65a7a1278792f23c2e733b600e,frame2-401/images/frame_0176_f4564.jpg,frame2-401/annotations.xml,data/images/train/frame_0176_f4564.jpg,data/labels/train/frame_0176_f4564.txt,data/masks-original/train/frame_0176_f4564.png,2,1280,720,0.494428
frame_0177_f4590.jpg,177,train,ec3ceb0f4b01f623586d29f422db67c8db2a1cd5753ef905f1e15be8d96596aa,frame2-401/images/frame_0177_f4590.jpg,frame2-401/annotations.xml,data/images/train/frame_0177_f4590.jpg,data/labels/train/frame_0177_f4590.txt,data/masks-original/train/frame_0177_f4590.png,2,1280,720,0.498191
frame_0178_f4616.jpg,178,train,73feb86eefe89e96b6bea2580b5c9a8c5e1b9b57f83955009602c0312c0f7ca8,frame2-401/images/frame_0178_f4616.jpg,frame2-401/annotations.xml,data/images/train/frame_0178_f4616.jpg,data/labels/train/frame_0178_f4616.txt,data/masks-original/train/frame_0178_f4616.png,2,1280,720,0.505457
frame_0179_f4642.jpg,179,train,f885e87b470ab6c4a0549536da39707cb37df7b384377b558dfa33d2a5075e0d,frame2-401/images/frame_0179_f4642.jpg,frame2-401/annotations.xml,data/images/train/frame_0179_f4642.jpg,data/labels/train/frame_0179_f4642.txt,data/masks-original/train/frame_0179_f4642.png,2,1280,720,0.505635
frame_0180_f4668.jpg,180,train,1756586cc982043fd5fc56cbdf93d4d61c266ae8fb9049cf42ff1bc64b96842c,frame2-401/images/frame_0180_f4668.jpg,frame2-401/annotations.xml,data/images/train/frame_0180_f4668.jpg,data/labels/train/frame_0180_f4668.txt,data/masks-original/train/frame_0180_f4668.png,2,1280,720,0.495091
frame_0181_f4694.jpg,181,train,6f8a42503cf1ea9c3797743f7ac91c928a19d210ba46c214878c0a4f31017d6d,frame2-401/images/frame_0181_f4694.jpg,frame2-401/annotations.xml,data/images/train/frame_0181_f4694.jpg,data/labels/train/frame_0181_f4694.txt,data/masks-original/train/frame_0181_f4694.png,2,1280,720,0.508368
frame_0182_f4720.jpg,182,train,ecce96eb8de7a983aebd60ae3f1a0e780d1131a32ae4fb141886e71181beaec0,frame2-401/images/frame_0182_f4720.jpg,frame2-401/annotations.xml,data/images/train/frame_0182_f4720.jpg,data/labels/train/frame_0182_f4720.txt,data/masks-original/train/frame_0182_f4720.png,2,1280,720,0.516044
frame_0183_f4746.jpg,183,train,0c56dd8640d22e2e61e1783beb13f30b15b111f954428cef8d45069708394cfb,frame2-401/images/frame_0183_f4746.jpg,frame2-401/annotations.xml,data/images/train/frame_0183_f4746.jpg,data/labels/train/frame_0183_f4746.txt,data/masks-original/train/frame_0183_f4746.png,2,1280,720,0.506506
frame_0184_f4772.jpg,184,train,e8306695556a4e0233029379bcadc2356cf1176336081a6e3ca394f9928f331b,frame2-401/images/frame_0184_f4772.jpg,frame2-401/annotations.xml,data/images/train/frame_0184_f4772.jpg,data/labels/train/frame_0184_f4772.txt,data/masks-original/train/frame_0184_f4772.png,2,1280,720,0.51851
frame_0185_f4798.jpg,185,train,0f8c12c2f2386e673ae0bab8b5f62770d603a057e78aefe0040af26a53d59258,frame2-401/images/frame_0185_f4798.jpg,frame2-401/annotations.xml,data/images/train/frame_0185_f4798.jpg,data/labels/train/frame_0185_f4798.txt,data/masks-original/train/frame_0185_f4798.png,2,1280,720,0.49902
frame_0186_f4824.jpg,186,train,f75d82a324693130aadb90ea2c9ca750f566b771ad2d7968c8865f39c0264ca6,frame2-401/images/frame_0186_f4824.jpg,frame2-401/annotations.xml,data/images/train/frame_0186_f4824.jpg,data/labels/train/frame_0186_f4824.txt,data/masks-original/train/frame_0186_f4824.png,2,1280,720,0.502426
frame_0187_f4850.jpg,187,train,6e8eceb952f5fda343d27611a0b8f9f20b47f17062d0247b67a4feba95ecd2cf,frame2-401/images/frame_0187_f4850.jpg,frame2-401/annotations.xml,data/images/train/frame_0187_f4850.jpg,data/labels/train/frame_0187_f4850.txt,data/masks-original/train/frame_0187_f4850.png,2,1280,720,0.491214
frame_0188_f4876.jpg,188,train,b12f069e022a88a60f6e04246624279d8ccefce1984f9cbb5be20456d6a5ce5f,frame2-401/images/frame_0188_f4876.jpg,frame2-401/annotations.xml,data/images/train/frame_0188_f4876.jpg,data/labels/train/frame_0188_f4876.txt,data/masks-original/train/frame_0188_f4876.png,2,1280,720,0.492427
frame_0189_f4902.jpg,189,train,1542494578d2f168f0f25b7b8c9e9c0dc4e1af940c3a2c4ec96a94dc19f4f38d,frame2-401/images/frame_0189_f4902.jpg,frame2-401/annotations.xml,data/images/train/frame_0189_f4902.jpg,data/labels/train/frame_0189_f4902.txt,data/masks-original/train/frame_0189_f4902.png,2,1280,720,0.496842
frame_0190_f4928.jpg,190,train,0d159ce73ca400cf7766f758c6b046e7384d87f9aa0f7c680095d7bc16778366,frame2-401/images/frame_0190_f4928.jpg,frame2-401/annotations.xml,data/images/train/frame_0190_f4928.jpg,data/labels/train/frame_0190_f4928.txt,data/masks-original/train/frame_0190_f4928.png,2,1280,720,0.507631
frame_0191_f4954.jpg,191,train,44ba8074c4b42a122c178cf6c593433dbf4d97fe8a06313110ab446fbdd940ec,frame2-401/images/frame_0191_f4954.jpg,frame2-401/annotations.xml,data/images/train/frame_0191_f4954.jpg,data/labels/train/frame_0191_f4954.txt,data/masks-original/train/frame_0191_f4954.png,2,1280,720,0.510773
frame_0192_f4979.jpg,192,train,ed06a0877dca0f0e7d45bd8273fb6d3129f45244bb929205df59c3730cbf4d7c,frame2-401/images/frame_0192_f4979.jpg,frame2-401/annotations.xml,data/images/train/frame_0192_f4979.jpg,data/labels/train/frame_0192_f4979.txt,data/masks-original/train/frame_0192_f4979.png,2,1280,720,0.499434
frame_0193_f5005.jpg,193,train,5743c288f2f0feb8cc79eaa0a3db677d98eae2d441192755d95c6b87e9d46c85,frame2-401/images/frame_0193_f5005.jpg,frame2-401/annotations.xml,data/images/train/frame_0193_f5005.jpg,data/labels/train/frame_0193_f5005.txt,data/masks-original/train/frame_0193_f5005.png,2,1280,720,0.496135
frame_0194_f5031.jpg,194,train,fc4ff434208f8b913e49aa5f3756cfbc76668fc99ea92fd972c22a9467aeeb3c,frame2-401/images/frame_0194_f5031.jpg,frame2-401/annotations.xml,data/images/train/frame_0194_f5031.jpg,data/labels/train/frame_0194_f5031.txt,data/masks-original/train/frame_0194_f5031.png,2,1280,720,0.506008
frame_0195_f5057.jpg,195,train,f2819f3497f90044758c4d382e47c1ac3d14ca35eb32f208e21ba330b608415b,frame2-401/images/frame_0195_f5057.jpg,frame2-401/annotations.xml,data/images/train/frame_0195_f5057.jpg,data/labels/train/frame_0195_f5057.txt,data/masks-original/train/frame_0195_f5057.png,2,1280,720,0.546681
frame_0196_f5083.jpg,196,train,ee22870ce214d99c77967760b1b1a41bdb5ab2de52d16d3fef92d138cecddb1c,frame2-401/images/frame_0196_f5083.jpg,frame2-401/annotations.xml,data/images/train/frame_0196_f5083.jpg,data/labels/train/frame_0196_f5083.txt,data/masks-original/train/frame_0196_f5083.png,2,1280,720,0.492969
frame_0197_f5109.jpg,197,train,8479fd4885123b18517268cdee5c5e63331a23719291bc22de61fd48deda5082,frame2-401/images/frame_0197_f5109.jpg,frame2-401/annotations.xml,data/images/train/frame_0197_f5109.jpg,data/labels/train/frame_0197_f5109.txt,data/masks-original/train/frame_0197_f5109.png,2,1280,720,0.493723
frame_0198_f5135.jpg,198,train,1969d01ad9ec67adff0fe43b1bff6ce0767b003085497b59bd74dba0329ae3f2,frame2-401/images/frame_0198_f5135.jpg,frame2-401/annotations.xml,data/images/train/frame_0198_f5135.jpg,data/labels/train/frame_0198_f5135.txt,data/masks-original/train/frame_0198_f5135.png,2,1280,720,0.503442
frame_0199_f5161.jpg,199,train,b9ffb07ca2cfffe799dd1aa59f960fdd1b637fd2ca3b46ce3503861b09b36eb1,frame2-401/images/frame_0199_f5161.jpg,frame2-401/annotations.xml,data/images/train/frame_0199_f5161.jpg,data/labels/train/frame_0199_f5161.txt,data/masks-original/train/frame_0199_f5161.png,2,1280,720,0.497442
frame_0200_f5187.jpg,200,train,d647c83061ebbcbfe3c4542175c31d4103fa4db4cbdef6358ad6c4a5c48a9c3b,frame2-401/images/frame_0200_f5187.jpg,frame2-401/annotations.xml,data/images/train/frame_0200_f5187.jpg,data/labels/train/frame_0200_f5187.txt,data/masks-original/train/frame_0200_f5187.png,2,1280,720,0.505728
frame_0201_f5213.jpg,201,train,e4e75dad57cb79111b9aed7c2d5c5f2178edeed7d2ed31bf945ac368f0ada825,frame2-401/images/frame_0201_f5213.jpg,frame2-401/annotations.xml,data/images/train/frame_0201_f5213.jpg,data/labels/train/frame_0201_f5213.txt,data/masks-original/train/frame_0201_f5213.png,2,1280,720,0.510464
frame_0202_f5239.jpg,202,train,33ac9cddc170cb26f0a2984d7c54d5c95a74106b941f58f86b9c6cd5bf70c5fe,frame2-401/images/frame_0202_f5239.jpg,frame2-401/annotations.xml,data/images/train/frame_0202_f5239.jpg,data/labels/train/frame_0202_f5239.txt,data/masks-original/train/frame_0202_f5239.png,2,1280,720,0.494342
frame_0203_f5265.jpg,203,train,6bf2d5905a1b699d4eca157f75c5d27141a30f81891cfc4bbd9bd11df19798cc,frame2-401/images/frame_0203_f5265.jpg,frame2-401/annotations.xml,data/images/train/frame_0203_f5265.jpg,data/labels/train/frame_0203_f5265.txt,data/masks-original/train/frame_0203_f5265.png,2,1280,720,0.50178
frame_0204_f5291.jpg,204,train,82afacd6d579f67b2ddc47f924b309bbcf2a6fbb9e96cc5d033de1be808e2aac,frame2-401/images/frame_0204_f5291.jpg,frame2-401/annotations.xml,data/images/train/frame_0204_f5291.jpg,data/labels/train/frame_0204_f5291.txt,data/masks-original/train/frame_0204_f5291.png,2,1280,720,0.501489
frame_0205_f5317.jpg,205,train,0785d077442eb6006966de123af5ed6aad08e318fc930604d335673573444742,frame2-401/images/frame_0205_f5317.jpg,frame2-401/annotations.xml,data/images/train/frame_0205_f5317.jpg,data/labels/train/frame_0205_f5317.txt,data/masks-original/train/frame_0205_f5317.png,2,1280,720,0.505068
frame_0206_f5343.jpg,206,train,944397054dee8a9564e8cc65438c19769f4d7497582db38bf4587a639fc08d10,frame2-401/images/frame_0206_f5343.jpg,frame2-401/annotations.xml,data/images/train/frame_0206_f5343.jpg,data/labels/train/frame_0206_f5343.txt,data/masks-original/train/frame_0206_f5343.png,2,1280,720,0.512303
frame_0207_f5368.jpg,207,train,836e7d4b52eeca3930e51baf83e46563f4b46cc6c25ad6c17ff32ce685e97e6a,frame2-401/images/frame_0207_f5368.jpg,frame2-401/annotations.xml,data/images/train/frame_0207_f5368.jpg,data/labels/train/frame_0207_f5368.txt,data/masks-original/train/frame_0207_f5368.png,2,1280,720,0.513471
frame_0208_f5394.jpg,208,train,8402e0099a2c3b1143da1cdf37c3e42877b7a44b8116d919493391e6e23c98d0,frame2-401/images/frame_0208_f5394.jpg,frame2-401/annotations.xml,data/images/train/frame_0208_f5394.jpg,data/labels/train/frame_0208_f5394.txt,data/masks-original/train/frame_0208_f5394.png,2,1280,720,0.50812
frame_0209_f5420.jpg,209,train,a213bc3dd22f455cd4116e3b1c5b1cecd213296ec595ea2bf9f1cbb433c8d85f,frame2-401/images/frame_0209_f5420.jpg,frame2-401/annotations.xml,data/images/train/frame_0209_f5420.jpg,data/labels/train/frame_0209_f5420.txt,data/masks-original/train/frame_0209_f5420.png,2,1280,720,0.496411
frame_0210_f5446.jpg,210,train,fe4def8dc311f8ae6fb9c0164c6c948d178b3814e6c7d7d7cda3def4b931e1a7,frame2-401/images/frame_0210_f5446.jpg,frame2-401/annotations.xml,data/images/train/frame_0210_f5446.jpg,data/labels/train/frame_0210_f5446.txt,data/masks-original/train/frame_0210_f5446.png,2,1280,720,0.512734
frame_0211_f5472.jpg,211,train,88e85d89f546d781464d5392bf80be6bc351fd6d3c937d272133d63ab7dff422,frame2-401/images/frame_0211_f5472.jpg,frame2-401/annotations.xml,data/images/train/frame_0211_f5472.jpg,data/labels/train/frame_0211_f5472.txt,data/masks-original/train/frame_0211_f5472.png,2,1280,720,0.500843
frame_0212_f5498.jpg,212,train,74989afcd25c2104ec8fe9c0b2053ba643afadd468cf8b550dd53108ea18b8aa,frame2-401/images/frame_0212_f5498.jpg,frame2-401/annotations.xml,data/images/train/frame_0212_f5498.jpg,data/labels/train/frame_0212_f5498.txt,data/masks-original/train/frame_0212_f5498.png,2,1280,720,0.499385
frame_0213_f5524.jpg,213,train,25a77fed4a87532c90836161831238f58e480a5a857afe82df5824ba3e0c2cd0,frame2-401/images/frame_0213_f5524.jpg,frame2-401/annotations.xml,data/images/train/frame_0213_f5524.jpg,data/labels/train/frame_0213_f5524.txt,data/masks-original/train/frame_0213_f5524.png,2,1280,720,0.494061
frame_0214_f5550.jpg,214,train,754eaca06ff49f751a12625a96cfa7aaa8db76a26b0734b3b2c26312b7ff11fe,frame2-401/images/frame_0214_f5550.jpg,frame2-401/annotations.xml,data/images/train/frame_0214_f5550.jpg,data/labels/train/frame_0214_f5550.txt,data/masks-original/train/frame_0214_f5550.png,2,1280,720,0.514916
frame_0215_f5576.jpg,215,train,4939ce70edcbbb34b04bb62eb2c79aaf79c36d08577bdacaaa124dac47021f8f,frame2-401/images/frame_0215_f5576.jpg,frame2-401/annotations.xml,data/images/train/frame_0215_f5576.jpg,data/labels/train/frame_0215_f5576.txt,data/masks-original/train/frame_0215_f5576.png,2,1280,720,0.494281
frame_0216_f5602.jpg,216,train,900668fecf4417793667f5fc198829eb0b692f80af76144b723cc147b0fa9a8f,frame2-401/images/frame_0216_f5602.jpg,frame2-401/annotations.xml,data/images/train/frame_0216_f5602.jpg,data/labels/train/frame_0216_f5602.txt,data/masks-original/train/frame_0216_f5602.png,2,1280,720,0.505565
frame_0217_f5628.jpg,217,train,daee23f7b1cbbebb7468f531e96abd5ca49ef6a71290902c406390ad64d82f26,frame2-401/images/frame_0217_f5628.jpg,frame2-401/annotations.xml,data/images/train/frame_0217_f5628.jpg,data/labels/train/frame_0217_f5628.txt,data/masks-original/train/frame_0217_f5628.png,2,1280,720,0.523102
frame_0218_f5654.jpg,218,train,2cde22548b72be4d5310dbc5af85661b35c7fe4a5ddc5fa922496f485e055022,frame2-401/images/frame_0218_f5654.jpg,frame2-401/annotations.xml,data/images/train/frame_0218_f5654.jpg,data/labels/train/frame_0218_f5654.txt,data/masks-original/train/frame_0218_f5654.png,2,1280,720,0.508682
frame_0219_f5680.jpg,219,train,8acfc6abce8bab9abac5001d1f0d0f50a1cf37d10910a4d5453bb16fc9b43e2a,frame2-401/images/frame_0219_f5680.jpg,frame2-401/annotations.xml,data/images/train/frame_0219_f5680.jpg,data/labels/train/frame_0219_f5680.txt,data/masks-original/train/frame_0219_f5680.png,2,1280,720,0.516935
frame_0220_f5706.jpg,220,train,b44ad5c03d45ee6bfa52f450c0498c1e6ce7d4f5d882496f858b91920e135fe5,frame2-401/images/frame_0220_f5706.jpg,frame2-401/annotations.xml,data/images/train/frame_0220_f5706.jpg,data/labels/train/frame_0220_f5706.txt,data/masks-original/train/frame_0220_f5706.png,2,1280,720,0.508495
frame_0221_f5732.jpg,221,train,76d0b0457dd2e2df7ff6dd960f0ae02ee0ad9d494b2208dd7ada5d64fa079249,frame2-401/images/frame_0221_f5732.jpg,frame2-401/annotations.xml,data/images/train/frame_0221_f5732.jpg,data/labels/train/frame_0221_f5732.txt,data/masks-original/train/frame_0221_f5732.png,2,1280,720,0.504176
frame_0222_f5757.jpg,222,train,0100eb6ddeb14892ac442db409776b87ca889dee5b4216b710ac27dc175ca63b,frame2-401/images/frame_0222_f5757.jpg,frame2-401/annotations.xml,data/images/train/frame_0222_f5757.jpg,data/labels/train/frame_0222_f5757.txt,data/masks-original/train/frame_0222_f5757.png,2,1280,720,0.517199
frame_0223_f5783.jpg,223,train,7ef85fd5e96775d714eeea401e44091a996392c2b292e9bedee535be1224dad9,frame2-401/images/frame_0223_f5783.jpg,frame2-401/annotations.xml,data/images/train/frame_0223_f5783.jpg,data/labels/train/frame_0223_f5783.txt,data/masks-original/train/frame_0223_f5783.png,2,1280,720,0.507716
frame_0224_f5809.jpg,224,train,53deab649a88fcc3d8ab81bc56df4ac4974133dafa84bbbd3c0291c7312b0397,frame2-401/images/frame_0224_f5809.jpg,frame2-401/annotations.xml,data/images/train/frame_0224_f5809.jpg,data/labels/train/frame_0224_f5809.txt,data/masks-original/train/frame_0224_f5809.png,2,1280,720,0.498648
frame_0225_f5835.jpg,225,train,25dd4fdc0604c884af557f161ca4b145df2c58e2813ba68d5c8c582df1d087a2,frame2-401/images/frame_0225_f5835.jpg,frame2-401/annotations.xml,data/images/train/frame_0225_f5835.jpg,data/labels/train/frame_0225_f5835.txt,data/masks-original/train/frame_0225_f5835.png,2,1280,720,0.480872
frame_0226_f5861.jpg,226,train,165dba6f9c917d3ae7138095a3bf281eb813470da816adee941ac3d788ab7d74,frame2-401/images/frame_0226_f5861.jpg,frame2-401/annotations.xml,data/images/train/frame_0226_f5861.jpg,data/labels/train/frame_0226_f5861.txt,data/masks-original/train/frame_0226_f5861.png,2,1280,720,0.49929
frame_0227_f5887.jpg,227,train,4943645f80fb88532689c3a1cce5ca00a684ad89cfffe74429eaaa767dab9a02,frame2-401/images/frame_0227_f5887.jpg,frame2-401/annotations.xml,data/images/train/frame_0227_f5887.jpg,data/labels/train/frame_0227_f5887.txt,data/masks-original/train/frame_0227_f5887.png,2,1280,720,0.506752
frame_0228_f5913.jpg,228,train,fa93d94dce9a4d13f5215b2f5f584b98c56a2a60a7fa736556a66e7e150762bf,frame2-401/images/frame_0228_f5913.jpg,frame2-401/annotations.xml,data/images/train/frame_0228_f5913.jpg,data/labels/train/frame_0228_f5913.txt,data/masks-original/train/frame_0228_f5913.png,2,1280,720,0.506704
frame_0229_f5939.jpg,229,train,fbf854581460e0ea24fb7950ab372e0e69f78c7155b36e7fb088a5b1d553210c,frame2-401/images/frame_0229_f5939.jpg,frame2-401/annotations.xml,data/images/train/frame_0229_f5939.jpg,data/labels/train/frame_0229_f5939.txt,data/masks-original/train/frame_0229_f5939.png,2,1280,720,0.489537
frame_0230_f5965.jpg,230,train,0a53f1cab1b4ade2b62a9ef4ced3f60a0a9f9304fa4288b05a78c84e9aad5202,frame2-401/images/frame_0230_f5965.jpg,frame2-401/annotations.xml,data/images/train/frame_0230_f5965.jpg,data/labels/train/frame_0230_f5965.txt,data/masks-original/train/frame_0230_f5965.png,2,1280,720,0.492822
frame_0231_f5991.jpg,231,train,011c9909c100b6d54562c799f57f5e53799245f9ddd525ee791cfc643165afa3,frame2-401/images/frame_0231_f5991.jpg,frame2-401/annotations.xml,data/images/train/frame_0231_f5991.jpg,data/labels/train/frame_0231_f5991.txt,data/masks-original/train/frame_0231_f5991.png,2,1280,720,0.490729
frame_0232_f6017.jpg,232,train,8d2d85869cf5af6bc42f270f2b316b422c93d720d683bf6e38f83e6804b60206,frame2-401/images/frame_0232_f6017.jpg,frame2-401/annotations.xml,data/images/train/frame_0232_f6017.jpg,data/labels/train/frame_0232_f6017.txt,data/masks-original/train/frame_0232_f6017.png,2,1280,720,0.495838
frame_0233_f6043.jpg,233,train,0b6ddfa2e792f95168b618c29528d5e5062da9883f8e0a66938abd19f4dc579d,frame2-401/images/frame_0233_f6043.jpg,frame2-401/annotations.xml,data/images/train/frame_0233_f6043.jpg,data/labels/train/frame_0233_f6043.txt,data/masks-original/train/frame_0233_f6043.png,2,1280,720,0.486713
frame_0234_f6069.jpg,234,train,e9c258e11cc82028804fd2ba7593b1faf65947e891b1842fe3b5831eac19252a,frame2-401/images/frame_0234_f6069.jpg,frame2-401/annotations.xml,data/images/train/frame_0234_f6069.jpg,data/labels/train/frame_0234_f6069.txt,data/masks-original/train/frame_0234_f6069.png,2,1280,720,0.508388
frame_0235_f6095.jpg,235,train,34f9431d2eadf943d0d85515e1753decc88fa915f51510130821d2aba3ec20a9,frame2-401/images/frame_0235_f6095.jpg,frame2-401/annotations.xml,data/images/train/frame_0235_f6095.jpg,data/labels/train/frame_0235_f6095.txt,data/masks-original/train/frame_0235_f6095.png,2,1280,720,0.485704
frame_0236_f6121.jpg,236,train,ef43cc0e86ce8f84f15aa12aa1d57dc417adf64d2e354cf293f6586967081d53,frame2-401/images/frame_0236_f6121.jpg,frame2-401/annotations.xml,data/images/train/frame_0236_f6121.jpg,data/labels/train/frame_0236_f6121.txt,data/masks-original/train/frame_0236_f6121.png,2,1280,720,0.469705
frame_0237_f6147.jpg,237,train,28e162492bdc6f21a8504ad48ab9c87f0d49be9d6a22f0658c873ccd0148b0eb,frame2-401/images/frame_0237_f6147.jpg,frame2-401/annotations.xml,data/images/train/frame_0237_f6147.jpg,data/labels/train/frame_0237_f6147.txt,data/masks-original/train/frame_0237_f6147.png,2,1280,720,0.485196
frame_0238_f6172.jpg,238,train,238dd1e159d30d0fec1b88e9354aa8843539ed7878fddff768e3639706f3f76e,frame2-401/images/frame_0238_f6172.jpg,frame2-401/annotations.xml,data/images/train/frame_0238_f6172.jpg,data/labels/train/frame_0238_f6172.txt,data/masks-original/train/frame_0238_f6172.png,2,1280,720,0.514882
frame_0239_f6198.jpg,239,train,0e745ab84753c899c22adf01dab77dfc5d17ca19a4868945c0aad4dffd3c1c12,frame2-401/images/frame_0239_f6198.jpg,frame2-401/annotations.xml,data/images/train/frame_0239_f6198.jpg,data/labels/train/frame_0239_f6198.txt,data/masks-original/train/frame_0239_f6198.png,2,1280,720,0.519941
frame_0240_f6224.jpg,240,train,01ef15401c357de4811c993ae1ab3fc48d4e55e7fe17e84fe8efec3c5d168342,frame2-401/images/frame_0240_f6224.jpg,frame2-401/annotations.xml,data/images/train/frame_0240_f6224.jpg,data/labels/train/frame_0240_f6224.txt,data/masks-original/train/frame_0240_f6224.png,2,1280,720,0.517456
frame_0241_f6250.jpg,241,train,0eee59301da9db8d573e6d873bbaa9d342500376e4ebb923498f4d1734e93010,frame2-401/images/frame_0241_f6250.jpg,frame2-401/annotations.xml,data/images/train/frame_0241_f6250.jpg,data/labels/train/frame_0241_f6250.txt,data/masks-original/train/frame_0241_f6250.png,2,1280,720,0.508502
frame_0242_f6276.jpg,242,train,0cf87b077c3c8ed658bf41e5e3e2e45b8b7f4650362b6317fa30305d27415eab,frame2-401/images/frame_0242_f6276.jpg,frame2-401/annotations.xml,data/images/train/frame_0242_f6276.jpg,data/labels/train/frame_0242_f6276.txt,data/masks-original/train/frame_0242_f6276.png,2,1280,720,0.511839
frame_0243_f6302.jpg,243,train,ccca40d773105ed51198a27a1659e3bbe5d06937a94dc389252e76adf4f64e61,frame2-401/images/frame_0243_f6302.jpg,frame2-401/annotations.xml,data/images/train/frame_0243_f6302.jpg,data/labels/train/frame_0243_f6302.txt,data/masks-original/train/frame_0243_f6302.png,2,1280,720,0.503332
frame_0244_f6328.jpg,244,train,3a835b28caddee9e65b2da44a131c4129a00dc8f6f6703b89c123178dd537fb2,frame2-401/images/frame_0244_f6328.jpg,frame2-401/annotations.xml,data/images/train/frame_0244_f6328.jpg,data/labels/train/frame_0244_f6328.txt,data/masks-original/train/frame_0244_f6328.png,2,1280,720,0.50694
frame_0245_f6354.jpg,245,train,b7ca0a927fb7c38feeba26db3312398ef6159fe0b3272c84cbaecc7ca8c716ab,frame2-401/images/frame_0245_f6354.jpg,frame2-401/annotations.xml,data/images/train/frame_0245_f6354.jpg,data/labels/train/frame_0245_f6354.txt,data/masks-original/train/frame_0245_f6354.png,2,1280,720,0.509848
frame_0246_f6380.jpg,246,train,905cd4ce34f2ee76cb22aac3983e70be5f1e9be6dc877412a01c64a0fbdc3ef9,frame2-401/images/frame_0246_f6380.jpg,frame2-401/annotations.xml,data/images/train/frame_0246_f6380.jpg,data/labels/train/frame_0246_f6380.txt,data/masks-original/train/frame_0246_f6380.png,2,1280,720,0.509633
frame_0247_f6406.jpg,247,train,313e08646f68889329021ec88a6efe92c2df7634d4cc9f087f6aa6d40ef06bf2,frame2-401/images/frame_0247_f6406.jpg,frame2-401/annotations.xml,data/images/train/frame_0247_f6406.jpg,data/labels/train/frame_0247_f6406.txt,data/masks-original/train/frame_0247_f6406.png,2,1280,720,0.513384
frame_0248_f6432.jpg,248,train,7e1b999ad9c8b0e5747e9f0673d62ebbb64c424d4f03c4a7e8446a0ef945b6ee,frame2-401/images/frame_0248_f6432.jpg,frame2-401/annotations.xml,data/images/train/frame_0248_f6432.jpg,data/labels/train/frame_0248_f6432.txt,data/masks-original/train/frame_0248_f6432.png,2,1280,720,0.512738
frame_0249_f6458.jpg,249,train,6c6698e9aade6053986bd450b62a8156a92e2babf935316f1ced6e5d32a85a30,frame2-401/images/frame_0249_f6458.jpg,frame2-401/annotations.xml,data/images/train/frame_0249_f6458.jpg,data/labels/train/frame_0249_f6458.txt,data/masks-original/train/frame_0249_f6458.png,2,1280,720,0.515035
frame_0250_f6484.jpg,250,train,2c1a1e353c861e99b204a497650b4934b5c1bbd7c4e50412748400042d139f9e,frame2-401/images/frame_0250_f6484.jpg,frame2-401/annotations.xml,data/images/train/frame_0250_f6484.jpg,data/labels/train/frame_0250_f6484.txt,data/masks-original/train/frame_0250_f6484.png,2,1280,720,0.522632
frame_0251_f6510.jpg,251,train,5fdee852bdc955c3f3aa8800ae65b97587956a7c97c914442da662997c4b0151,frame2-401/images/frame_0251_f6510.jpg,frame2-401/annotations.xml,data/images/train/frame_0251_f6510.jpg,data/labels/train/frame_0251_f6510.txt,data/masks-original/train/frame_0251_f6510.png,2,1280,720,0.489848
frame_0252_f6536.jpg,252,train,b5cc13c65852a23222ac6729b6f7acd2995d2c8c781be61b31470d48f9d27191,frame2-401/images/frame_0252_f6536.jpg,frame2-401/annotations.xml,data/images/train/frame_0252_f6536.jpg,data/labels/train/frame_0252_f6536.txt,data/masks-original/train/frame_0252_f6536.png,2,1280,720,0.482626
frame_0253_f6561.jpg,253,train,82cccc126441cca6bf5b618449659a248b2f34bf9038baf1a1b9d7d4427425e2,frame2-401/images/frame_0253_f6561.jpg,frame2-401/annotations.xml,data/images/train/frame_0253_f6561.jpg,data/labels/train/frame_0253_f6561.txt,data/masks-original/train/frame_0253_f6561.png,2,1280,720,0.463572
frame_0254_f6587.jpg,254,train,e605b4d7b7a5efd9a599312aa68955da71cfe796d42b15b63594752ef6465b15,frame2-401/images/frame_0254_f6587.jpg,frame2-401/annotations.xml,data/images/train/frame_0254_f6587.jpg,data/labels/train/frame_0254_f6587.txt,data/masks-original/train/frame_0254_f6587.png,2,1280,720,0.485481
frame_0255_f6613.jpg,255,train,dd7b50e0bfc974302cfbaf58ba2b21258cc7a35c13e0d0135c2a5fcce23b04ba,frame2-401/images/frame_0255_f6613.jpg,frame2-401/annotations.xml,data/images/train/frame_0255_f6613.jpg,data/labels/train/frame_0255_f6613.txt,data/masks-original/train/frame_0255_f6613.png,2,1280,720,0.489577
frame_0256_f6639.jpg,256,train,154081f576cf8fb9cfb1f292f8a42391fe39cd3ceb4607bbc41d95ab002c65f4,frame2-401/images/frame_0256_f6639.jpg,frame2-401/annotations.xml,data/images/train/frame_0256_f6639.jpg,data/labels/train/frame_0256_f6639.txt,data/masks-original/train/frame_0256_f6639.png,2,1280,720,0.478827
frame_0257_f6665.jpg,257,train,b46342fb0ed73ce137a1ad8fccf3036883e4de84b8ab612e32ae329fb6c9b832,frame2-401/images/frame_0257_f6665.jpg,frame2-401/annotations.xml,data/images/train/frame_0257_f6665.jpg,data/labels/train/frame_0257_f6665.txt,data/masks-original/train/frame_0257_f6665.png,2,1280,720,0.512768
frame_0258_f6691.jpg,258,train,5bcce82e64375e730a23884a2ab33454a5a7b938f23241c294fa49c397ae2843,frame2-401/images/frame_0258_f6691.jpg,frame2-401/annotations.xml,data/images/train/frame_0258_f6691.jpg,data/labels/train/frame_0258_f6691.txt,data/masks-original/train/frame_0258_f6691.png,2,1280,720,0.510127
frame_0259_f6717.jpg,259,train,e9f2e6e1d10e4d10feec40a820a984a6ffd9c95ee0ace7377f3acc541fd5ba93,frame2-401/images/frame_0259_f6717.jpg,frame2-401/annotations.xml,data/images/train/frame_0259_f6717.jpg,data/labels/train/frame_0259_f6717.txt,data/masks-original/train/frame_0259_f6717.png,2,1280,720,0.509333
frame_0260_f6743.jpg,260,train,a49aafdab3dd1129cca80493c77fd130e454c2cd2c12492c34612556d353358b,frame2-401/images/frame_0260_f6743.jpg,frame2-401/annotations.xml,data/images/train/frame_0260_f6743.jpg,data/labels/train/frame_0260_f6743.txt,data/masks-original/train/frame_0260_f6743.png,2,1280,720,0.508494
frame_0261_f6769.jpg,261,train,e9943ff38b9d113f0293becf7945d1b024a48c734055c5c8d182cd12e592e7d1,frame2-401/images/frame_0261_f6769.jpg,frame2-401/annotations.xml,data/images/train/frame_0261_f6769.jpg,data/labels/train/frame_0261_f6769.txt,data/masks-original/train/frame_0261_f6769.png,2,1280,720,0.510603
frame_0262_f6795.jpg,262,train,60209a0b1f3ed1eadcdd8f6d47ab2fab40281182963039aa9f9969a5f803b23a,frame2-401/images/frame_0262_f6795.jpg,frame2-401/annotations.xml,data/images/train/frame_0262_f6795.jpg,data/labels/train/frame_0262_f6795.txt,data/masks-original/train/frame_0262_f6795.png,2,1280,720,0.45474
frame_0263_f6821.jpg,263,train,a9e1e947e8a710574f4e8abc2238e4908baf3e50aae703d0410567c83adb30f3,frame2-401/images/frame_0263_f6821.jpg,frame2-401/annotations.xml,data/images/train/frame_0263_f6821.jpg,data/labels/train/frame_0263_f6821.txt,data/masks-original/train/frame_0263_f6821.png,2,1280,720,0.493364
frame_0264_f6847.jpg,264,train,32abc2de2c55211a7afbe8df961a5bf9f0f5ae2f0cfe88cad548cad7adde7716,frame2-401/images/frame_0264_f6847.jpg,frame2-401/annotations.xml,data/images/train/frame_0264_f6847.jpg,data/labels/train/frame_0264_f6847.txt,data/masks-original/train/frame_0264_f6847.png,2,1280,720,0.506493
frame_0265_f6873.jpg,265,train,f96f78326bedbc77308dcd34c89319ea0a294a4f8e950ad870bd1baa64487fa8,frame2-401/images/frame_0265_f6873.jpg,frame2-401/annotations.xml,data/images/train/frame_0265_f6873.jpg,data/labels/train/frame_0265_f6873.txt,data/masks-original/train/frame_0265_f6873.png,2,1280,720,0.508404
frame_0266_f6899.jpg,266,train,9c4b51092556d6c421b3563969e63c7cade470662854e53339adf8de51eb14e2,frame2-401/images/frame_0266_f6899.jpg,frame2-401/annotations.xml,data/images/train/frame_0266_f6899.jpg,data/labels/train/frame_0266_f6899.txt,data/masks-original/train/frame_0266_f6899.png,2,1280,720,0.507174
frame_0267_f6925.jpg,267,train,b3e7f945d9744430f3045e5829b7d6f05205db551da74ef758cb97ad4ff003ef,frame2-401/images/frame_0267_f6925.jpg,frame2-401/annotations.xml,data/images/train/frame_0267_f6925.jpg,data/labels/train/frame_0267_f6925.txt,data/masks-original/train/frame_0267_f6925.png,2,1280,720,0.513745
frame_0268_f6950.jpg,268,train,bd05994fb56e081633efd98db991b16356d2702fffa484b167713f7185b019e8,frame2-401/images/frame_0268_f6950.jpg,frame2-401/annotations.xml,data/images/train/frame_0268_f6950.jpg,data/labels/train/frame_0268_f6950.txt,data/masks-original/train/frame_0268_f6950.png,2,1280,720,0.518041
frame_0269_f6976.jpg,269,train,5224baf0b0f4ffb8d0f222b9a1cfc309cb7ef5a67a63294bd3f961a67119e548,frame2-401/images/frame_0269_f6976.jpg,frame2-401/annotations.xml,data/images/train/frame_0269_f6976.jpg,data/labels/train/frame_0269_f6976.txt,data/masks-original/train/frame_0269_f6976.png,2,1280,720,0.505079
frame_0270_f7002.jpg,270,train,5f27069aae02dfe4c41a43a99402239256e7a7bcbeddb1b021756b14b733aac6,frame2-401/images/frame_0270_f7002.jpg,frame2-401/annotations.xml,data/images/train/frame_0270_f7002.jpg,data/labels/train/frame_0270_f7002.txt,data/masks-original/train/frame_0270_f7002.png,2,1280,720,0.480031
frame_0271_f7028.jpg,271,train,e2ba49e31ec0245fbfa7dfba6e4a1cd893484bd9f5f834715de225b1bfdd7656,frame2-401/images/frame_0271_f7028.jpg,frame2-401/annotations.xml,data/images/train/frame_0271_f7028.jpg,data/labels/train/frame_0271_f7028.txt,data/masks-original/train/frame_0271_f7028.png,2,1280,720,0.51593
frame_0272_f7054.jpg,272,train,156547f167777019fff1a9492e25702949c6651266e71441a1e547ea7d7d3302,frame2-401/images/frame_0272_f7054.jpg,frame2-401/annotations.xml,data/images/train/frame_0272_f7054.jpg,data/labels/train/frame_0272_f7054.txt,data/masks-original/train/frame_0272_f7054.png,2,1280,720,0.506184
frame_0273_f7080.jpg,273,train,6b030e5f57cf9e47d2de2808368d14070553404224e77dcf61ea7a1163f6c1b3,frame2-401/images/frame_0273_f7080.jpg,frame2-401/annotations.xml,data/images/train/frame_0273_f7080.jpg,data/labels/train/frame_0273_f7080.txt,data/masks-original/train/frame_0273_f7080.png,2,1280,720,0.514154
frame_0274_f7106.jpg,274,train,b0b9806362932e706a7603a77416b43df87ace002088970f3c9ba518adc03fbf,frame2-401/images/frame_0274_f7106.jpg,frame2-401/annotations.xml,data/images/train/frame_0274_f7106.jpg,data/labels/train/frame_0274_f7106.txt,data/masks-original/train/frame_0274_f7106.png,2,1280,720,0.506455
frame_0275_f7132.jpg,275,train,05646f62cd039fea15d882262c44823e133a2810fb36beedb3905739e86e14a2,frame2-401/images/frame_0275_f7132.jpg,frame2-401/annotations.xml,data/images/train/frame_0275_f7132.jpg,data/labels/train/frame_0275_f7132.txt,data/masks-original/train/frame_0275_f7132.png,2,1280,720,0.514937
frame_0276_f7158.jpg,276,train,a88e8ef51419a6ae20b6d5188c986a20d4945b593a16831c32201d89bce0a216,frame2-401/images/frame_0276_f7158.jpg,frame2-401/annotations.xml,data/images/train/frame_0276_f7158.jpg,data/labels/train/frame_0276_f7158.txt,data/masks-original/train/frame_0276_f7158.png,2,1280,720,0.515639
frame_0277_f7184.jpg,277,train,5b9101d236543fbf8498cef62a1a4706947f32981f14b176427955d23c64b825,frame2-401/images/frame_0277_f7184.jpg,frame2-401/annotations.xml,data/images/train/frame_0277_f7184.jpg,data/labels/train/frame_0277_f7184.txt,data/masks-original/train/frame_0277_f7184.png,2,1280,720,0.506073
frame_0278_f7210.jpg,278,train,969ea6543867cbf2a53d7c8688e76344729ae8de75c78d28c30d3dba680bd088,frame2-401/images/frame_0278_f7210.jpg,frame2-401/annotations.xml,data/images/train/frame_0278_f7210.jpg,data/labels/train/frame_0278_f7210.txt,data/masks-original/train/frame_0278_f7210.png,2,1280,720,0.508019
frame_0279_f7236.jpg,279,train,b19ad6a44e824259370fbcfd76b30918ced9f569d41050198d0c0c3cbc746419,frame2-401/images/frame_0279_f7236.jpg,frame2-401/annotations.xml,data/images/train/frame_0279_f7236.jpg,data/labels/train/frame_0279_f7236.txt,data/masks-original/train/frame_0279_f7236.png,2,1280,720,0.504865
frame_0280_f7262.jpg,280,train,e8654f6e2109c893dddf24babca899b7aca3117483dd5ebf24f2a72f4bb41ae1,frame2-401/images/frame_0280_f7262.jpg,frame2-401/annotations.xml,data/images/train/frame_0280_f7262.jpg,data/labels/train/frame_0280_f7262.txt,data/masks-original/train/frame_0280_f7262.png,2,1280,720,0.505688
frame_0281_f7288.jpg,281,train,ec5415cd2eba61501bb27a9a16609a2f7d84b6ab7a2697a1d773517d90620a45,frame2-401/images/frame_0281_f7288.jpg,frame2-401/annotations.xml,data/images/train/frame_0281_f7288.jpg,data/labels/train/frame_0281_f7288.txt,data/masks-original/train/frame_0281_f7288.png,2,1280,720,0.516286
frame_0282_f7314.jpg,282,train,0f6185e5dfc8a2b8417121d40ab8be513c45f34b56a5d68b1c25113671aa904e,frame2-401/images/frame_0282_f7314.jpg,frame2-401/annotations.xml,data/images/train/frame_0282_f7314.jpg,data/labels/train/frame_0282_f7314.txt,data/masks-original/train/frame_0282_f7314.png,2,1280,720,0.515544
frame_0283_f7339.jpg,283,train,fe29a7c91ade5847a8e540e8a3e20a195094067ccd94bb09a4edbb8e83294492,frame2-401/images/frame_0283_f7339.jpg,frame2-401/annotations.xml,data/images/train/frame_0283_f7339.jpg,data/labels/train/frame_0283_f7339.txt,data/masks-original/train/frame_0283_f7339.png,2,1280,720,0.508209
frame_0284_f7365.jpg,284,train,2a9711f198f175553bf684d0e5bd76eaa2725358730e17466a9591e10ed26365,frame2-401/images/frame_0284_f7365.jpg,frame2-401/annotations.xml,data/images/train/frame_0284_f7365.jpg,data/labels/train/frame_0284_f7365.txt,data/masks-original/train/frame_0284_f7365.png,2,1280,720,0.509076
frame_0285_f7391.jpg,285,train,a44721623df7d125a5f41eabbd4a96a0bf32a3d449c22769e919f355085d5858,frame2-401/images/frame_0285_f7391.jpg,frame2-401/annotations.xml,data/images/train/frame_0285_f7391.jpg,data/labels/train/frame_0285_f7391.txt,data/masks-original/train/frame_0285_f7391.png,2,1280,720,0.512944
frame_0286_f7417.jpg,286,train,5e3a3e5299323c4c8d15bad1f38f4184724af9664abfc4ca88c1f0ecd6c7a34f,frame2-401/images/frame_0286_f7417.jpg,frame2-401/annotations.xml,data/images/train/frame_0286_f7417.jpg,data/labels/train/frame_0286_f7417.txt,data/masks-original/train/frame_0286_f7417.png,2,1280,720,0.510365
frame_0287_f7443.jpg,287,train,1d6f297282f5ead434818c3900541eba5efd9f62092ed6fb83c4ec7a147bc73e,frame2-401/images/frame_0287_f7443.jpg,frame2-401/annotations.xml,data/images/train/frame_0287_f7443.jpg,data/labels/train/frame_0287_f7443.txt,data/masks-original/train/frame_0287_f7443.png,2,1280,720,0.506846
frame_0288_f7469.jpg,288,train,397a4091fc4a6d3d624a241df00369a5d64ab3a277e8d5eaa961058cd3fb5387,frame2-401/images/frame_0288_f7469.jpg,frame2-401/annotations.xml,data/images/train/frame_0288_f7469.jpg,data/labels/train/frame_0288_f7469.txt,data/masks-original/train/frame_0288_f7469.png,2,1280,720,0.524042
frame_0289_f7495.jpg,289,train,a7ef9cddcc601810bfa4f76d5e094564064f6acdcf1f1b66f1b5229b2deda121,frame2-401/images/frame_0289_f7495.jpg,frame2-401/annotations.xml,data/images/train/frame_0289_f7495.jpg,data/labels/train/frame_0289_f7495.txt,data/masks-original/train/frame_0289_f7495.png,2,1280,720,0.518554
frame_0290_f7521.jpg,290,train,913e99088d6daf55dce47774da43f52b70fa54aacd41db7fd97434dee8839b98,frame2-401/images/frame_0290_f7521.jpg,frame2-401/annotations.xml,data/images/train/frame_0290_f7521.jpg,data/labels/train/frame_0290_f7521.txt,data/masks-original/train/frame_0290_f7521.png,2,1280,720,0.510039
frame_0291_f7547.jpg,291,train,ec2bfef275f902a1613d139b3b1b4515eb39f5f37e370a96b4ac59b235384542,frame2-401/images/frame_0291_f7547.jpg,frame2-401/annotations.xml,data/images/train/frame_0291_f7547.jpg,data/labels/train/frame_0291_f7547.txt,data/masks-original/train/frame_0291_f7547.png,2,1280,720,0.509744
frame_0292_f7573.jpg,292,train,ed5276d1ede775823465b48df20b469e245cbe6f28785730b395d36a380891b9,frame2-401/images/frame_0292_f7573.jpg,frame2-401/annotations.xml,data/images/train/frame_0292_f7573.jpg,data/labels/train/frame_0292_f7573.txt,data/masks-original/train/frame_0292_f7573.png,2,1280,720,0.511332
frame_0293_f7599.jpg,293,train,ee7b8ab968e099773836deb9d986aac46984ab9dfecf2e724f4a55f9a05e546c,frame2-401/images/frame_0293_f7599.jpg,frame2-401/annotations.xml,data/images/train/frame_0293_f7599.jpg,data/labels/train/frame_0293_f7599.txt,data/masks-original/train/frame_0293_f7599.png,2,1280,720,0.515357
frame_0294_f7625.jpg,294,train,0f2286e6f9084414d5fcbf2692eca4d1809952c8997f0aaf5f7c0efdc7b9adab,frame2-401/images/frame_0294_f7625.jpg,frame2-401/annotations.xml,data/images/train/frame_0294_f7625.jpg,data/labels/train/frame_0294_f7625.txt,data/masks-original/train/frame_0294_f7625.png,2,1280,720,0.515207
frame_0295_f7651.jpg,295,train,cbc897681b51367782dedc7a0e19dfd869fd91e83f7d9095adf2763298755ed2,frame2-401/images/frame_0295_f7651.jpg,frame2-401/annotations.xml,data/images/train/frame_0295_f7651.jpg,data/labels/train/frame_0295_f7651.txt,data/masks-original/train/frame_0295_f7651.png,2,1280,720,0.513793
frame_0296_f7677.jpg,296,train,01e2b12c4d746d342a11f511cfe9a43021df0c5f460274e490a2a9e96b32de37,frame2-401/images/frame_0296_f7677.jpg,frame2-401/annotations.xml,data/images/train/frame_0296_f7677.jpg,data/labels/train/frame_0296_f7677.txt,data/masks-original/train/frame_0296_f7677.png,2,1280,720,0.515607
frame_0297_f7703.jpg,297,train,f6256b729d04619c00bc2659664b846734ea05f8ef46789eea75b35163b7d414,frame2-401/images/frame_0297_f7703.jpg,frame2-401/annotations.xml,data/images/train/frame_0297_f7703.jpg,data/labels/train/frame_0297_f7703.txt,data/masks-original/train/frame_0297_f7703.png,2,1280,720,0.515565
frame_0298_f7729.jpg,298,train,246af57fd4afbc1676b81618a40a0a84635554170a791729a311202279da42f9,frame2-401/images/frame_0298_f7729.jpg,frame2-401/annotations.xml,data/images/train/frame_0298_f7729.jpg,data/labels/train/frame_0298_f7729.txt,data/masks-original/train/frame_0298_f7729.png,2,1280,720,0.498829
frame_0299_f7754.jpg,299,train,f6de75ae1eed1f181436a367a434029fd594767e9d460b9c19864e168a953721,frame2-401/images/frame_0299_f7754.jpg,frame2-401/annotations.xml,data/images/train/frame_0299_f7754.jpg,data/labels/train/frame_0299_f7754.txt,data/masks-original/train/frame_0299_f7754.png,2,1280,720,0.51921
frame_0300_f7780.jpg,300,train,6866340d6f69c6c368cfefc87e9ff28866bdba6c5d61acd8815bcf9641bb0f56,frame2-401/images/frame_0300_f7780.jpg,frame2-401/annotations.xml,data/images/train/frame_0300_f7780.jpg,data/labels/train/frame_0300_f7780.txt,data/masks-original/train/frame_0300_f7780.png,2,1280,720,0.511349
frame_0301_f7806.jpg,301,train,d4fe5e29eaacee7eefcec0bd38c6d13f489f736e175e0a107bc34e55366f6a79,frame2-401/images/frame_0301_f7806.jpg,frame2-401/annotations.xml,data/images/train/frame_0301_f7806.jpg,data/labels/train/frame_0301_f7806.txt,data/masks-original/train/frame_0301_f7806.png,2,1280,720,0.511149
frame_0302_f7832.jpg,302,train,543bf15ab5bb4dc1b81a2f62d5b517b695820b5830cd464db576603d459ee233,frame2-401/images/frame_0302_f7832.jpg,frame2-401/annotations.xml,data/images/train/frame_0302_f7832.jpg,data/labels/train/frame_0302_f7832.txt,data/masks-original/train/frame_0302_f7832.png,2,1280,720,0.51307
frame_0303_f7858.jpg,303,train,bb395e13a349b0bb9e1844b06393d615a2c61115a59f1d23d4d8bfa957c3f65e,frame2-401/images/frame_0303_f7858.jpg,frame2-401/annotations.xml,data/images/train/frame_0303_f7858.jpg,data/labels/train/frame_0303_f7858.txt,data/masks-original/train/frame_0303_f7858.png,2,1280,720,0.514608
frame_0304_f7884.jpg,304,train,f7c53c7f43e5e906c13040cb1966a42f1fc944f66615d9cc77a44f003cdf9612,frame2-401/images/frame_0304_f7884.jpg,frame2-401/annotations.xml,data/images/train/frame_0304_f7884.jpg,data/labels/train/frame_0304_f7884.txt,data/masks-original/train/frame_0304_f7884.png,2,1280,720,0.514087
frame_0305_f7910.jpg,305,train,4a844e284c0008fae4c1e2280c972c4951a19c5d7f163b024fffed579ffc4e95,frame2-401/images/frame_0305_f7910.jpg,frame2-401/annotations.xml,data/images/train/frame_0305_f7910.jpg,data/labels/train/frame_0305_f7910.txt,data/masks-original/train/frame_0305_f7910.png,2,1280,720,0.51151
frame_0306_f7936.jpg,306,train,2deb0c29800eb556cfcf2f63f52b972e9282829e0eb13e9ea26ac940cb40dcc1,frame2-401/images/frame_0306_f7936.jpg,frame2-401/annotations.xml,data/images/train/frame_0306_f7936.jpg,data/labels/train/frame_0306_f7936.txt,data/masks-original/train/frame_0306_f7936.png,2,1280,720,0.50504
frame_0307_f7962.jpg,307,train,e705ab5b2c355671a146caccbb38de13927c483b0eac50df9ee62e030728bc7d,frame2-401/images/frame_0307_f7962.jpg,frame2-401/annotations.xml,data/images/train/frame_0307_f7962.jpg,data/labels/train/frame_0307_f7962.txt,data/masks-original/train/frame_0307_f7962.png,2,1280,720,0.509349
frame_0308_f7988.jpg,308,train,ab00cb4bdc3975fa2516d8a2298425f8c073e7e86d7af028a8e510051cb2b618,frame2-401/images/frame_0308_f7988.jpg,frame2-401/annotations.xml,data/images/train/frame_0308_f7988.jpg,data/labels/train/frame_0308_f7988.txt,data/masks-original/train/frame_0308_f7988.png,2,1280,720,0.549057
frame_0309_f8014.jpg,309,train,48852dc3ef4f7e3ddbd939f126f1b245673b844b20d0cf8b911fa67030e155ec,frame2-401/images/frame_0309_f8014.jpg,frame2-401/annotations.xml,data/images/train/frame_0309_f8014.jpg,data/labels/train/frame_0309_f8014.txt,data/masks-original/train/frame_0309_f8014.png,2,1280,720,0.525422
frame_0310_f8040.jpg,310,train,d324d6dc3074c9c0291e25d7941f520986945dd1939cef03772c818ddef12005,frame2-401/images/frame_0310_f8040.jpg,frame2-401/annotations.xml,data/images/train/frame_0310_f8040.jpg,data/labels/train/frame_0310_f8040.txt,data/masks-original/train/frame_0310_f8040.png,2,1280,720,0.516245
frame_0311_f8066.jpg,311,train,fce168042a62cdb71ccb07b763abeea36214cfb1ef1a8f2b77207c1307474748,frame2-401/images/frame_0311_f8066.jpg,frame2-401/annotations.xml,data/images/train/frame_0311_f8066.jpg,data/labels/train/frame_0311_f8066.txt,data/masks-original/train/frame_0311_f8066.png,2,1280,720,0.518569
frame_0312_f8092.jpg,312,train,92967e81f7a213ff6b95d5e63e747d00b69efce204b2c138b6df227b2f002979,frame2-401/images/frame_0312_f8092.jpg,frame2-401/annotations.xml,data/images/train/frame_0312_f8092.jpg,data/labels/train/frame_0312_f8092.txt,data/masks-original/train/frame_0312_f8092.png,2,1280,720,0.518076
frame_0313_f8118.jpg,313,train,016e8d4d15f569b23d096da3d86a9a1fac28b8601d5093f0413feb8749066d76,frame2-401/images/frame_0313_f8118.jpg,frame2-401/annotations.xml,data/images/train/frame_0313_f8118.jpg,data/labels/train/frame_0313_f8118.txt,data/masks-original/train/frame_0313_f8118.png,2,1280,720,0.503586
frame_0314_f8143.jpg,314,train,6922c80dd3f2003c5e48f232aa280697cae1cb649e8ff12fdab0bd475e170397,frame2-401/images/frame_0314_f8143.jpg,frame2-401/annotations.xml,data/images/train/frame_0314_f8143.jpg,data/labels/train/frame_0314_f8143.txt,data/masks-original/train/frame_0314_f8143.png,2,1280,720,0.518384
frame_0315_f8169.jpg,315,train,88291e499b3b2232aca120dcdf9b878eae62858d11e7f3079d9f515bc0427ec5,frame2-401/images/frame_0315_f8169.jpg,frame2-401/annotations.xml,data/images/train/frame_0315_f8169.jpg,data/labels/train/frame_0315_f8169.txt,data/masks-original/train/frame_0315_f8169.png,2,1280,720,0.508577
frame_0316_f8195.jpg,316,train,3db88f5e4baa7fc9a15462df103ca7045617f90472d3cebb1374543a070934a9,frame2-401/images/frame_0316_f8195.jpg,frame2-401/annotations.xml,data/images/train/frame_0316_f8195.jpg,data/labels/train/frame_0316_f8195.txt,data/masks-original/train/frame_0316_f8195.png,2,1280,720,0.523878
frame_0317_f8221.jpg,317,train,b7754dd04d174a73a5fb55594c0213934d2357bb9681c2e132418c7d2bef8485,frame2-401/images/frame_0317_f8221.jpg,frame2-401/annotations.xml,data/images/train/frame_0317_f8221.jpg,data/labels/train/frame_0317_f8221.txt,data/masks-original/train/frame_0317_f8221.png,2,1280,720,0.512382
frame_0318_f8247.jpg,318,train,ea9656c38299c75330869a492e99f949787af36c6c7cea13ef19d0c9c535385a,frame2-401/images/frame_0318_f8247.jpg,frame2-401/annotations.xml,data/images/train/frame_0318_f8247.jpg,data/labels/train/frame_0318_f8247.txt,data/masks-original/train/frame_0318_f8247.png,2,1280,720,0.513421
frame_0319_f8273.jpg,319,train,996b002352627b4074ac0f292614dcf82ca7abe86e63e262a2e4c4511bcd0ce5,frame2-401/images/frame_0319_f8273.jpg,frame2-401/annotations.xml,data/images/train/frame_0319_f8273.jpg,data/labels/train/frame_0319_f8273.txt,data/masks-original/train/frame_0319_f8273.png,2,1280,720,0.51616
frame_0320_f8299.jpg,320,train,57ea17876e0e8bd120c8fb3f6e0df050de07612ec174f9506db00840d3d2ebd2,frame2-401/images/frame_0320_f8299.jpg,frame2-401/annotations.xml,data/images/train/frame_0320_f8299.jpg,data/labels/train/frame_0320_f8299.txt,data/masks-original/train/frame_0320_f8299.png,2,1280,720,0.520717
frame_0321_f8325.jpg,321,train,73fe744e0d8c9bb38a1aa0816b12c8dbc513bf53ff4ece34527d5c73a99a2286,frame2-401/images/frame_0321_f8325.jpg,frame2-401/annotations.xml,data/images/train/frame_0321_f8325.jpg,data/labels/train/frame_0321_f8325.txt,data/masks-original/train/frame_0321_f8325.png,2,1280,720,0.518038
frame_0322_f8351.jpg,322,train,62b1aa24f89af4ceb68be19c0fdad078dbd49f8803c84cbb15f432d61fd8d9a2,frame2-401/images/frame_0322_f8351.jpg,frame2-401/annotations.xml,data/images/train/frame_0322_f8351.jpg,data/labels/train/frame_0322_f8351.txt,data/masks-original/train/frame_0322_f8351.png,2,1280,720,0.513706
frame_0323_f8377.jpg,323,train,549582e82c46e484b568a5b02982dafb8e83c4bcf2322339e5b37aaa95210111,frame2-401/images/frame_0323_f8377.jpg,frame2-401/annotations.xml,data/images/train/frame_0323_f8377.jpg,data/labels/train/frame_0323_f8377.txt,data/masks-original/train/frame_0323_f8377.png,2,1280,720,0.518596
frame_0324_f8403.jpg,324,train,43775bf777c0ffc09a20bd111136a71ff46076555caaa833d9538ab64b020ce6,frame2-401/images/frame_0324_f8403.jpg,frame2-401/annotations.xml,data/images/train/frame_0324_f8403.jpg,data/labels/train/frame_0324_f8403.txt,data/masks-original/train/frame_0324_f8403.png,2,1280,720,0.509946
frame_0325_f8429.jpg,325,train,1b37439b8e8bbb0279b96a3208c9da37058f9ee1bf74b9e6d86a50e6fb9b34d8,frame2-401/images/frame_0325_f8429.jpg,frame2-401/annotations.xml,data/images/train/frame_0325_f8429.jpg,data/labels/train/frame_0325_f8429.txt,data/masks-original/train/frame_0325_f8429.png,2,1280,720,0.517882
frame_0326_f8455.jpg,326,train,7c2ed67a898ff4e54157af90f5cf5fdc8ba7a3f2ecc75c5a34bb44102423b9e0,frame2-401/images/frame_0326_f8455.jpg,frame2-401/annotations.xml,data/images/train/frame_0326_f8455.jpg,data/labels/train/frame_0326_f8455.txt,data/masks-original/train/frame_0326_f8455.png,2,1280,720,0.517287
frame_0327_f8481.jpg,327,train,6919ec7443aebb144f9cd1ac6002d75025208c3a1660ce0361d7b19b7a40567e,frame2-401/images/frame_0327_f8481.jpg,frame2-401/annotations.xml,data/images/train/frame_0327_f8481.jpg,data/labels/train/frame_0327_f8481.txt,data/masks-original/train/frame_0327_f8481.png,2,1280,720,0.519452
frame_0328_f8507.jpg,328,train,1af4d18618afbaa8a74bbe55912151ab261b3c219ca1a450f1ee440f5120cf05,frame2-401/images/frame_0328_f8507.jpg,frame2-401/annotations.xml,data/images/train/frame_0328_f8507.jpg,data/labels/train/frame_0328_f8507.txt,data/masks-original/train/frame_0328_f8507.png,2,1280,720,0.512959
frame_0329_f8532.jpg,329,train,7b9cdf9b0a476aa5c885986e4e106f637bf87f01bf3ba50d020847caa155e2fe,frame2-401/images/frame_0329_f8532.jpg,frame2-401/annotations.xml,data/images/train/frame_0329_f8532.jpg,data/labels/train/frame_0329_f8532.txt,data/masks-original/train/frame_0329_f8532.png,2,1280,720,0.506598
frame_0330_f8558.jpg,330,train,deaab8a4d0bc9b6c04855df6c65af85e5b5d5eeeb8e7f421c386aad65673d8b8,frame2-401/images/frame_0330_f8558.jpg,frame2-401/annotations.xml,data/images/train/frame_0330_f8558.jpg,data/labels/train/frame_0330_f8558.txt,data/masks-original/train/frame_0330_f8558.png,2,1280,720,0.52434
frame_0331_f8584.jpg,331,train,6436760d73821b17a67c01bbb03620b9d5bfa22cb2530d9f93551f5b27b8d75b,frame2-401/images/frame_0331_f8584.jpg,frame2-401/annotations.xml,data/images/train/frame_0331_f8584.jpg,data/labels/train/frame_0331_f8584.txt,data/masks-original/train/frame_0331_f8584.png,2,1280,720,0.532943
frame_0332_f8610.jpg,332,train,8e66aa0b453b37900021c597c1c095fccb41cd99375f28bade9172143b08accf,frame2-401/images/frame_0332_f8610.jpg,frame2-401/annotations.xml,data/images/train/frame_0332_f8610.jpg,data/labels/train/frame_0332_f8610.txt,data/masks-original/train/frame_0332_f8610.png,2,1280,720,0.527261
frame_0333_f8636.jpg,333,train,0d891aef87b4ff44c0091cd45d9397846b7b985cda43575c87f15983eb730ab2,frame2-401/images/frame_0333_f8636.jpg,frame2-401/annotations.xml,data/images/train/frame_0333_f8636.jpg,data/labels/train/frame_0333_f8636.txt,data/masks-original/train/frame_0333_f8636.png,2,1280,720,0.515346
frame_0334_f8662.jpg,334,train,522e6a6664be32cb328cbe40d2993dbc34b5d7476a925142526df00745a67812,frame2-401/images/frame_0334_f8662.jpg,frame2-401/annotations.xml,data/images/train/frame_0334_f8662.jpg,data/labels/train/frame_0334_f8662.txt,data/masks-original/train/frame_0334_f8662.png,2,1280,720,0.523788
frame_0335_f8688.jpg,335,train,1c78020c35305c2ed020c248ee7e17c073b7e8dfeb2ffe4bf3ada4beb2c5f432,frame2-401/images/frame_0335_f8688.jpg,frame2-401/annotations.xml,data/images/train/frame_0335_f8688.jpg,data/labels/train/frame_0335_f8688.txt,data/masks-original/train/frame_0335_f8688.png,2,1280,720,0.510292
frame_0336_f8714.jpg,336,train,4e634bd458a7ecaadf69303c449d73fcf64e6831e3baafbe9ab94782398a0838,frame2-401/images/frame_0336_f8714.jpg,frame2-401/annotations.xml,data/images/train/frame_0336_f8714.jpg,data/labels/train/frame_0336_f8714.txt,data/masks-original/train/frame_0336_f8714.png,2,1280,720,0.52464
frame_0337_f8740.jpg,337,train,b6030919406bb179e143b5a5e204c3ccabe686e038a0d5c35bb296c5adb364d9,frame2-401/images/frame_0337_f8740.jpg,frame2-401/annotations.xml,data/images/train/frame_0337_f8740.jpg,data/labels/train/frame_0337_f8740.txt,data/masks-original/train/frame_0337_f8740.png,2,1280,720,0.518675
frame_0338_f8766.jpg,338,train,e24d68ec1eabd6c576865fded0e1174e0cd145acc959c719cb852e8dc3f3ed16,frame2-401/images/frame_0338_f8766.jpg,frame2-401/annotations.xml,data/images/train/frame_0338_f8766.jpg,data/labels/train/frame_0338_f8766.txt,data/masks-original/train/frame_0338_f8766.png,2,1280,720,0.493303
frame_0339_f8792.jpg,339,train,d4d26d35b1b189279aaf4175ed8e96d480580ad324ca7ffbca11027bd8e75113,frame2-401/images/frame_0339_f8792.jpg,frame2-401/annotations.xml,data/images/train/frame_0339_f8792.jpg,data/labels/train/frame_0339_f8792.txt,data/masks-original/train/frame_0339_f8792.png,2,1280,720,0.476729
frame_0340_f8818.jpg,340,train,5fa959ee179505a9deae23ea472251b210b8c3290f395365b6d45483abd2bc85,frame2-401/images/frame_0340_f8818.jpg,frame2-401/annotations.xml,data/images/train/frame_0340_f8818.jpg,data/labels/train/frame_0340_f8818.txt,data/masks-original/train/frame_0340_f8818.png,2,1280,720,0.509019
frame_0341_f8844.jpg,341,train,fed1cd32be85c9e2ad257ce90be3563bf09d7e547067f7a9083f3fbc9d56d550,frame2-401/images/frame_0341_f8844.jpg,frame2-401/annotations.xml,data/images/train/frame_0341_f8844.jpg,data/labels/train/frame_0341_f8844.txt,data/masks-original/train/frame_0341_f8844.png,2,1280,720,0.525062
frame_0342_f8870.jpg,342,train,6ce127aff653588b8f5c6ffc618e9e8e8531c8dad4b692f92f477d496297f062,frame2-401/images/frame_0342_f8870.jpg,frame2-401/annotations.xml,data/images/train/frame_0342_f8870.jpg,data/labels/train/frame_0342_f8870.txt,data/masks-original/train/frame_0342_f8870.png,2,1280,720,0.534403
frame_0343_f8896.jpg,343,train,937b4a7c7ad3170654dda1c8549275985eb4443c1b58adf693f88f68c0671b0b,frame2-401/images/frame_0343_f8896.jpg,frame2-401/annotations.xml,data/images/train/frame_0343_f8896.jpg,data/labels/train/frame_0343_f8896.txt,data/masks-original/train/frame_0343_f8896.png,2,1280,720,0.532886
frame_0344_f8922.jpg,344,train,becfcef1fe9dbd84e73a884b8ba4022fa723d51d63b2c9b2569364479f51091d,frame2-401/images/frame_0344_f8922.jpg,frame2-401/annotations.xml,data/images/train/frame_0344_f8922.jpg,data/labels/train/frame_0344_f8922.txt,data/masks-original/train/frame_0344_f8922.png,2,1280,720,0.532922
frame_0345_f8947.jpg,345,train,257b10fcaf1c75de19740f744b2146ff6d197ec859169c987d148200c38201e9,frame2-401/images/frame_0345_f8947.jpg,frame2-401/annotations.xml,data/images/train/frame_0345_f8947.jpg,data/labels/train/frame_0345_f8947.txt,data/masks-original/train/frame_0345_f8947.png,2,1280,720,0.51127
frame_0346_f8973.jpg,346,train,f418d0b5b32a6f06c5de871b6d6c11955a8b2e7e647385a844d7175960e38898,frame2-401/images/frame_0346_f8973.jpg,frame2-401/annotations.xml,data/images/train/frame_0346_f8973.jpg,data/labels/train/frame_0346_f8973.txt,data/masks-original/train/frame_0346_f8973.png,2,1280,720,0.518387
frame_0347_f8999.jpg,347,train,aebe1fd547ddd70bafcd4ab0add5f9f3e76dffb12f306f97ea111a3b6b0d8507,frame2-401/images/frame_0347_f8999.jpg,frame2-401/annotations.xml,data/images/train/frame_0347_f8999.jpg,data/labels/train/frame_0347_f8999.txt,data/masks-original/train/frame_0347_f8999.png,2,1280,720,0.500833
frame_0348_f9025.jpg,348,train,e7e7b5d39893d94c93115643deb902ec41d0784e6bb2b032f72340333badcb40,frame2-401/images/frame_0348_f9025.jpg,frame2-401/annotations.xml,data/images/train/frame_0348_f9025.jpg,data/labels/train/frame_0348_f9025.txt,data/masks-original/train/frame_0348_f9025.png,2,1280,720,0.523099
frame_0349_f9051.jpg,349,train,8d4b42bb0b38c96e518116db13001abe2a96ec8683139e58a605f04965647771,frame2-401/images/frame_0349_f9051.jpg,frame2-401/annotations.xml,data/images/train/frame_0349_f9051.jpg,data/labels/train/frame_0349_f9051.txt,data/masks-original/train/frame_0349_f9051.png,2,1280,720,0.523162
frame_0350_f9077.jpg,350,train,1f62f0c53c70f8e83f920d79b5c35a4cc3db107ea74a8126a9d2cee28e06b678,frame2-401/images/frame_0350_f9077.jpg,frame2-401/annotations.xml,data/images/train/frame_0350_f9077.jpg,data/labels/train/frame_0350_f9077.txt,data/masks-original/train/frame_0350_f9077.png,2,1280,720,0.526215
frame_0351_f9103.jpg,351,train,afc73bab7187836f584b493b6b2964b90b2dcec79abc14179ac04655002dfc99,frame2-401/images/frame_0351_f9103.jpg,frame2-401/annotations.xml,data/images/train/frame_0351_f9103.jpg,data/labels/train/frame_0351_f9103.txt,data/masks-original/train/frame_0351_f9103.png,2,1280,720,0.512639
frame_0352_f9129.jpg,352,train,9d9e9e4bc62125063c79aef455aea45e035d62bf8bcad6858ef1bd2b520c8cdc,frame2-401/images/frame_0352_f9129.jpg,frame2-401/annotations.xml,data/images/train/frame_0352_f9129.jpg,data/labels/train/frame_0352_f9129.txt,data/masks-original/train/frame_0352_f9129.png,2,1280,720,0.519393
frame_0353_f9155.jpg,353,train,65039bf7c0bd028798d8997fed520a8c92a7f1eae489c25e9a94f1acb9872b56,frame2-401/images/frame_0353_f9155.jpg,frame2-401/annotations.xml,data/images/train/frame_0353_f9155.jpg,data/labels/train/frame_0353_f9155.txt,data/masks-original/train/frame_0353_f9155.png,2,1280,720,0.526552
frame_0354_f9181.jpg,354,train,61f2078c774c7a85157f331f761527dae0a220e44c144fac8a1ca10ffab7f516,frame2-401/images/frame_0354_f9181.jpg,frame2-401/annotations.xml,data/images/train/frame_0354_f9181.jpg,data/labels/train/frame_0354_f9181.txt,data/masks-original/train/frame_0354_f9181.png,2,1280,720,0.499446
frame_0355_f9207.jpg,355,train,69f5ca6d22f04dff8d6f897249122bf5e02f5246010fbd741c8e4dbf5bee22ce,frame2-401/images/frame_0355_f9207.jpg,frame2-401/annotations.xml,data/images/train/frame_0355_f9207.jpg,data/labels/train/frame_0355_f9207.txt,data/masks-original/train/frame_0355_f9207.png,2,1280,720,0.513264
frame_0356_f9233.jpg,356,train,cb6650e1accffd9817538b95c6d92a6476e3a9b133b4d8c5a609b0c2d69132f1,frame2-401/images/frame_0356_f9233.jpg,frame2-401/annotations.xml,data/images/train/frame_0356_f9233.jpg,data/labels/train/frame_0356_f9233.txt,data/masks-original/train/frame_0356_f9233.png,2,1280,720,0.531668
frame_0357_f9259.jpg,357,train,6633ab213e4dd30532868c707cd92a425c1f8612f0d2474a70d1709d1fa86d27,frame2-401/images/frame_0357_f9259.jpg,frame2-401/annotations.xml,data/images/train/frame_0357_f9259.jpg,data/labels/train/frame_0357_f9259.txt,data/masks-original/train/frame_0357_f9259.png,2,1280,720,0.532393
frame_0358_f9285.jpg,358,train,fbe8581d7aa7e66aa7d22d47e274912554aa8fb147352ac6059ddf47eee73f58,frame2-401/images/frame_0358_f9285.jpg,frame2-401/annotations.xml,data/images/train/frame_0358_f9285.jpg,data/labels/train/frame_0358_f9285.txt,data/masks-original/train/frame_0358_f9285.png,2,1280,720,0.500776
frame_0359_f9311.jpg,359,train,3d9a00746eef55c3165c76f476120a4d2936f6dd67f30d1177fd690474d11ddb,frame2-401/images/frame_0359_f9311.jpg,frame2-401/annotations.xml,data/images/train/frame_0359_f9311.jpg,data/labels/train/frame_0359_f9311.txt,data/masks-original/train/frame_0359_f9311.png,2,1280,720,0.515354
frame_0360_f9336.jpg,360,train,afdead3fbf40087c3e25af249204baa799c2a0417caf01dcc950148c22d35466,frame2-401/images/frame_0360_f9336.jpg,frame2-401/annotations.xml,data/images/train/frame_0360_f9336.jpg,data/labels/train/frame_0360_f9336.txt,data/masks-original/train/frame_0360_f9336.png,2,1280,720,0.503155
frame_0361_f9362.jpg,361,train,148fce0157fbf9377b50a084b11c0d52b48ccfae8b1200dbd15ee2484e8c70b3,frame2-401/images/frame_0361_f9362.jpg,frame2-401/annotations.xml,data/images/train/frame_0361_f9362.jpg,data/labels/train/frame_0361_f9362.txt,data/masks-original/train/frame_0361_f9362.png,2,1280,720,0.521051
frame_0362_f9388.jpg,362,train,ef99c7f36271481c1abaf9e0bbfe9f10fd2949bf1304f2f44687efa8cd93b699,frame2-401/images/frame_0362_f9388.jpg,frame2-401/annotations.xml,data/images/train/frame_0362_f9388.jpg,data/labels/train/frame_0362_f9388.txt,data/masks-original/train/frame_0362_f9388.png,2,1280,720,0.503203
frame_0363_f9414.jpg,363,train,07e16488352c7209e4c64a6a78e3b76e176a8007467898b2596df13f751a2997,frame2-401/images/frame_0363_f9414.jpg,frame2-401/annotations.xml,data/images/train/frame_0363_f9414.jpg,data/labels/train/frame_0363_f9414.txt,data/masks-original/train/frame_0363_f9414.png,2,1280,720,0.521876
frame_0364_f9440.jpg,364,train,e2de90278e7e891d026f4b3a55b2fc894208ba527607c4955fcf2f4d23035a7f,frame2-401/images/frame_0364_f9440.jpg,frame2-401/annotations.xml,data/images/train/frame_0364_f9440.jpg,data/labels/train/frame_0364_f9440.txt,data/masks-original/train/frame_0364_f9440.png,2,1280,720,0.507841
frame_0365_f9466.jpg,365,train,f54bd366c6bc276afecea51a01989d04484948218c76a30babe4ad8af2808dd9,frame2-401/images/frame_0365_f9466.jpg,frame2-401/annotations.xml,data/images/train/frame_0365_f9466.jpg,data/labels/train/frame_0365_f9466.txt,data/masks-original/train/frame_0365_f9466.png,2,1280,720,0.515161
frame_0366_f9492.jpg,366,train,56f48c145d11b5607c1020c2a47d97151ab95f48a60d99172ef072fd407bff6c,frame2-401/images/frame_0366_f9492.jpg,frame2-401/annotations.xml,data/images/train/frame_0366_f9492.jpg,data/labels/train/frame_0366_f9492.txt,data/masks-original/train/frame_0366_f9492.png,2,1280,720,0.533385
frame_0367_f9518.jpg,367,train,3ba0c1251d5e073f96fd1621bd2f831d6eb962a428cf78c2dbd0b8a15851519e,frame2-401/images/frame_0367_f9518.jpg,frame2-401/annotations.xml,data/images/train/frame_0367_f9518.jpg,data/labels/train/frame_0367_f9518.txt,data/masks-original/train/frame_0367_f9518.png,2,1280,720,0.503201
frame_0368_f9544.jpg,368,train,320024389e875c00406ffba9c4eba66533f9688c033548d6a7a879c1e144d511,frame2-401/images/frame_0368_f9544.jpg,frame2-401/annotations.xml,data/images/train/frame_0368_f9544.jpg,data/labels/train/frame_0368_f9544.txt,data/masks-original/train/frame_0368_f9544.png,2,1280,720,0.50335
frame_0369_f9570.jpg,369,train,7097f238e9bc56797b2aac08534f5b3dbb7aa11c14a2adf9b88175dcd3c284de,frame2-401/images/frame_0369_f9570.jpg,frame2-401/annotations.xml,data/images/train/frame_0369_f9570.jpg,data/labels/train/frame_0369_f9570.txt,data/masks-original/train/frame_0369_f9570.png,2,1280,720,0.513025
frame_0370_f9596.jpg,370,train,368411196ebe782d199b003aa72e260ec7c65e0648fb044d14db5832fed7a29c,frame2-401/images/frame_0370_f9596.jpg,frame2-401/annotations.xml,data/images/train/frame_0370_f9596.jpg,data/labels/train/frame_0370_f9596.txt,data/masks-original/train/frame_0370_f9596.png,2,1280,720,0.506574
frame_0371_f9622.jpg,371,train,c5fa3832fc5444f541797d24897e75dc68934544ba74081aa7f588a20173237f,frame2-401/images/frame_0371_f9622.jpg,frame2-401/annotations.xml,data/images/train/frame_0371_f9622.jpg,data/labels/train/frame_0371_f9622.txt,data/masks-original/train/frame_0371_f9622.png,2,1280,720,0.518526
frame_0372_f9648.jpg,372,train,25e4841858537fb146d7d8bf1d99248dd90588b203ca44acbd5e3203486427fc,frame2-401/images/frame_0372_f9648.jpg,frame2-401/annotations.xml,data/images/train/frame_0372_f9648.jpg,data/labels/train/frame_0372_f9648.txt,data/masks-original/train/frame_0372_f9648.png,2,1280,720,0.514633
frame_0373_f9674.jpg,373,train,986b1312b88f7dca1ce7e138b6cc7629f5e3e7e827e9d707a6b08a986fb7f0fb,frame2-401/images/frame_0373_f9674.jpg,frame2-401/annotations.xml,data/images/train/frame_0373_f9674.jpg,data/labels/train/frame_0373_f9674.txt,data/masks-original/train/frame_0373_f9674.png,2,1280,720,0.518741
frame_0374_f9700.jpg,374,train,a08e4ab36c88b70d5e5bf74e28bcc62d930e2c7211e6b3448a8473f64fc2147f,frame2-401/images/frame_0374_f9700.jpg,frame2-401/annotations.xml,data/images/train/frame_0374_f9700.jpg,data/labels/train/frame_0374_f9700.txt,data/masks-original/train/frame_0374_f9700.png,2,1280,720,0.512629
frame_0375_f9725.jpg,375,train,97c6df4294a8a4d356a77f979ea68a328559242dd0d1183f1f2d67c36f5fc2fc,frame2-401/images/frame_0375_f9725.jpg,frame2-401/annotations.xml,data/images/train/frame_0375_f9725.jpg,data/labels/train/frame_0375_f9725.txt,data/masks-original/train/frame_0375_f9725.png,2,1280,720,0.511546
frame_0376_f9751.jpg,376,train,37b814795a803c423e7aaa0da6503469e74ec31e94af79f36a19d2a4ed382345,frame2-401/images/frame_0376_f9751.jpg,frame2-401/annotations.xml,data/images/train/frame_0376_f9751.jpg,data/labels/train/frame_0376_f9751.txt,data/masks-original/train/frame_0376_f9751.png,2,1280,720,0.508964
frame_0377_f9777.jpg,377,train,fd2cb6deddd9399ac3e98d3070e3c54cce3d281e21743791401da7842808102c,frame2-401/images/frame_0377_f9777.jpg,frame2-401/annotations.xml,data/images/train/frame_0377_f9777.jpg,data/labels/train/frame_0377_f9777.txt,data/masks-original/train/frame_0377_f9777.png,2,1280,720,0.516286
frame_0378_f9803.jpg,378,train,3be435f5e25de14b0bc015b4e563229cd75f61c3f11fd3c66009c463a8d9631c,frame2-401/images/frame_0378_f9803.jpg,frame2-401/annotations.xml,data/images/train/frame_0378_f9803.jpg,data/labels/train/frame_0378_f9803.txt,data/masks-original/train/frame_0378_f9803.png,2,1280,720,0.475627
frame_0379_f9829.jpg,379,train,186111c98264bca67c0d6d64c3dee69c4a6967647efe7b18590463fd65e992ad,frame2-401/images/frame_0379_f9829.jpg,frame2-401/annotations.xml,data/images/train/frame_0379_f9829.jpg,data/labels/train/frame_0379_f9829.txt,data/masks-original/train/frame_0379_f9829.png,2,1280,720,0.518166
frame_0380_f9855.jpg,380,train,3cb013c7d7a34a16090546a9e5f63304c070fe3736d378015a3049e8357afe6a,frame2-401/images/frame_0380_f9855.jpg,frame2-401/annotations.xml,data/images/train/frame_0380_f9855.jpg,data/labels/train/frame_0380_f9855.txt,data/masks-original/train/frame_0380_f9855.png,2,1280,720,0.523051
frame_0381_f9881.jpg,381,train,353c2cb1d2c9b584fc55a02079160cb716513191c06e72bdc1fbdb08f21b2f32,frame2-401/images/frame_0381_f9881.jpg,frame2-401/annotations.xml,data/images/train/frame_0381_f9881.jpg,data/labels/train/frame_0381_f9881.txt,data/masks-original/train/frame_0381_f9881.png,2,1280,720,0.524125
frame_0382_f9907.jpg,382,train,0380f68e32447fa27e22aa1a0acf87d976469557b215d97dcad4f422193cd990,frame2-401/images/frame_0382_f9907.jpg,frame2-401/annotations.xml,data/images/train/frame_0382_f9907.jpg,data/labels/train/frame_0382_f9907.txt,data/masks-original/train/frame_0382_f9907.png,2,1280,720,0.509362
frame_0383_f9933.jpg,383,train,6060a1aa56d5c686e786d81f3503ae47d52a8f4d4d75465ea0e1667a9a5e6b0c,frame2-401/images/frame_0383_f9933.jpg,frame2-401/annotations.xml,data/images/train/frame_0383_f9933.jpg,data/labels/train/frame_0383_f9933.txt,data/masks-original/train/frame_0383_f9933.png,2,1280,720,0.533905
frame_0384_f9959.jpg,384,train,afc6731bd22be1cbe5cab4b280a6a433bee89592640151e1d3be28a00124daf9,frame2-401/images/frame_0384_f9959.jpg,frame2-401/annotations.xml,data/images/train/frame_0384_f9959.jpg,data/labels/train/frame_0384_f9959.txt,data/masks-original/train/frame_0384_f9959.png,2,1280,720,0.522888
frame_0385_f9985.jpg,385,train,8a8481be0e03ba70b4c54b2e73e472e39dd6735fb4ae3a687752097add14d418,frame2-401/images/frame_0385_f9985.jpg,frame2-401/annotations.xml,data/images/train/frame_0385_f9985.jpg,data/labels/train/frame_0385_f9985.txt,data/masks-original/train/frame_0385_f9985.png,2,1280,720,0.517194
frame_0386_f10011.jpg,386,train,208ea73812a2092a4bb47a9971f41ec88cc13520247711d928a5fbff49c5f1c2,frame2-401/images/frame_0386_f10011.jpg,frame2-401/annotations.xml,data/images/train/frame_0386_f10011.jpg,data/labels/train/frame_0386_f10011.txt,data/masks-original/train/frame_0386_f10011.png,2,1280,720,0.50593
frame_0387_f10037.jpg,387,train,0a3585a8831a495446a9507853bb0059e3cc09b932606c0211c2eb288377a487,frame2-401/images/frame_0387_f10037.jpg,frame2-401/annotations.xml,data/images/train/frame_0387_f10037.jpg,data/labels/train/frame_0387_f10037.txt,data/masks-original/train/frame_0387_f10037.png,2,1280,720,0.53013
frame_0388_f10063.jpg,388,train,9d55d2f5a0fcd5516c40ce65f434756e0c11017a06706a3d3beb0be01686a8a9,frame2-401/images/frame_0388_f10063.jpg,frame2-401/annotations.xml,data/images/train/frame_0388_f10063.jpg,data/labels/train/frame_0388_f10063.txt,data/masks-original/train/frame_0388_f10063.png,2,1280,720,0.524812
frame_0389_f10089.jpg,389,train,6460673f375f0f58ced74e62bc27e7bd202ffa18e5d513b8af59e7b543ee3945,frame2-401/images/frame_0389_f10089.jpg,frame2-401/annotations.xml,data/images/train/frame_0389_f10089.jpg,data/labels/train/frame_0389_f10089.txt,data/masks-original/train/frame_0389_f10089.png,2,1280,720,0.524214
frame_0390_f10115.jpg,390,train,ad176af91c1cef38a7a513a8ef6068c011af648120698f137300ed2f67e62fc4,frame2-401/images/frame_0390_f10115.jpg,frame2-401/annotations.xml,data/images/train/frame_0390_f10115.jpg,data/labels/train/frame_0390_f10115.txt,data/masks-original/train/frame_0390_f10115.png,2,1280,720,0.520361
frame_0391_f10140.jpg,391,train,430245ec5104522f1f1af2a5ec5941bcbb0c86cb77e6ffbb739c38327c916f24,frame2-401/images/frame_0391_f10140.jpg,frame2-401/annotations.xml,data/images/train/frame_0391_f10140.jpg,data/labels/train/frame_0391_f10140.txt,data/masks-original/train/frame_0391_f10140.png,2,1280,720,0.519912
frame_0392_f10166.jpg,392,train,aeb1c3fe117365d1b06175bf6dcb54c07cd3a2cefd4b7a92353fb2575fcde0fb,frame2-401/images/frame_0392_f10166.jpg,frame2-401/annotations.xml,data/images/train/frame_0392_f10166.jpg,data/labels/train/frame_0392_f10166.txt,data/masks-original/train/frame_0392_f10166.png,2,1280,720,0.531036
frame_0393_f10192.jpg,393,train,e2741d3c2b31ef926c30ad71aa03a967cfc2fefd85171b5b912d0d97406bf94d,frame2-401/images/frame_0393_f10192.jpg,frame2-401/annotations.xml,data/images/train/frame_0393_f10192.jpg,data/labels/train/frame_0393_f10192.txt,data/masks-original/train/frame_0393_f10192.png,2,1280,720,0.518538
frame_0394_f10218.jpg,394,train,77451a8d66a0e163a486ad2904805acfdc2f8c8f89bb765c103915dd932cb3fd,frame2-401/images/frame_0394_f10218.jpg,frame2-401/annotations.xml,data/images/train/frame_0394_f10218.jpg,data/labels/train/frame_0394_f10218.txt,data/masks-original/train/frame_0394_f10218.png,2,1280,720,0.52949
frame_0395_f10244.jpg,395,train,94f49e8b44b5a98d5dd49ca7c1fa9b3fb0b4dd14d8d1c07c98691f4c163d87d3,frame2-401/images/frame_0395_f10244.jpg,frame2-401/annotations.xml,data/images/train/frame_0395_f10244.jpg,data/labels/train/frame_0395_f10244.txt,data/masks-original/train/frame_0395_f10244.png,2,1280,720,0.524596
frame_0396_f10270.jpg,396,train,9c3d7cb58708b1c93a08500d972eeb7ea6860efeb568467420d2a5d610af591f,frame2-401/images/frame_0396_f10270.jpg,frame2-401/annotations.xml,data/images/train/frame_0396_f10270.jpg,data/labels/train/frame_0396_f10270.txt,data/masks-original/train/frame_0396_f10270.png,2,1280,720,0.521642
frame_0397_f10296.jpg,397,train,bbffa387f49862954691d33ea38ee4b726523593ae412f12a12cc15a553c87b5,frame2-401/images/frame_0397_f10296.jpg,frame2-401/annotations.xml,data/images/train/frame_0397_f10296.jpg,data/labels/train/frame_0397_f10296.txt,data/masks-original/train/frame_0397_f10296.png,2,1280,720,0.525853
frame_0398_f10322.jpg,398,train,316826246017fc68da9bc8e9e0c6030f56e529d39731d071b4a119af627edff7,frame2-401/images/frame_0398_f10322.jpg,frame2-401/annotations.xml,data/images/train/frame_0398_f10322.jpg,data/labels/train/frame_0398_f10322.txt,data/masks-original/train/frame_0398_f10322.png,2,1280,720,0.532554
frame_0399_f10348.jpg,399,train,17cd0076057c16fcf0210fcd96dbd0e2d8fc7f52e88b715cb0f4a555257edf84,frame2-401/images/frame_0399_f10348.jpg,frame2-401/annotations.xml,data/images/train/frame_0399_f10348.jpg,data/labels/train/frame_0399_f10348.txt,data/masks-original/train/frame_0399_f10348.png,2,1280,720,0.520837
frame_0402_f10426.jpg,402,train,970d34d89632b04cbe2445155e9402ebb50a94c3d3ab061902c479096742740f,frame402-802/400-449_completed/images/frame_0402_f10426.jpg,frame402-802/400-449_completed/annotations.xml,data/images/train/frame_0402_f10426.jpg,data/labels/train/frame_0402_f10426.txt,data/masks-original/train/frame_0402_f10426.png,2,1280,720,0.52263
frame_0403_f10452.jpg,403,train,c685e8f32082954564a49e8a394c40c24395b90acbb3bef88a48c402613aae00,frame402-802/400-449_completed/images/frame_0403_f10452.jpg,frame402-802/400-449_completed/annotations.xml,data/images/train/frame_0403_f10452.jpg,data/labels/train/frame_0403_f10452.txt,data/masks-original/train/frame_0403_f10452.png,2,1280,720,0.519594
frame_0404_f10478.jpg,404,train,c15f0dd0b1ec631bd98c0b0165a61bfe48c52fcabcc09436b1a28e85cb48e486,frame402-802/400-449_completed/images/frame_0404_f10478.jpg,frame402-802/400-449_completed/annotations.xml,data/images/train/frame_0404_f10478.jpg,data/labels/train/frame_0404_f10478.txt,data/masks-original/train/frame_0404_f10478.png,2,1280,720,0.528734
frame_0405_f10504.jpg,405,train,33c501c90bd2f56655d84ae23e601f8d7b90fb8536c04122697c0779d5b4444f,frame402-802/400-449_completed/images/frame_0405_f10504.jpg,frame402-802/400-449_completed/annotations.xml,data/images/train/frame_0405_f10504.jpg,data/labels/train/frame_0405_f10504.txt,data/masks-original/train/frame_0405_f10504.png,2,1280,720,0.520069
frame_0406_f10529.jpg,406,train,2e7a709a14a5ebb485a09dd8ad9254125b8425813178fefa98e847551a024d2f,frame402-802/400-449_completed/images/frame_0406_f10529.jpg,frame402-802/400-449_completed/annotations.xml,data/images/train/frame_0406_f10529.jpg,data/labels/train/frame_0406_f10529.txt,data/masks-original/train/frame_0406_f10529.png,2,1280,720,0.512084
frame_0407_f10555.jpg,407,train,8ff9fc4c5a516a5c497d781e606b524ddc59a4b7c0063989940b257c298e971a,frame402-802/400-449_completed/images/frame_0407_f10555.jpg,frame402-802/400-449_completed/annotations.xml,data/images/train/frame_0407_f10555.jpg,data/labels/train/frame_0407_f10555.txt,data/masks-original/train/frame_0407_f10555.png,2,1280,720,0.522952
frame_0408_f10581.jpg,408,train,07b522cb45fc8c886eb2d3e34a504c2541aad406e2eddd07b5f20cd38b3efa5e,frame402-802/400-449_completed/images/frame_0408_f10581.jpg,frame402-802/400-449_completed/annotations.xml,data/images/train/frame_0408_f10581.jpg,data/labels/train/frame_0408_f10581.txt,data/masks-original/train/frame_0408_f10581.png,2,1280,720,0.522183
frame_0409_f10607.jpg,409,train,6065d9d5eeb0d3e09acb8a72b519676e18a464e8d97039079e00a6bb6d34fe80,frame402-802/400-449_completed/images/frame_0409_f10607.jpg,frame402-802/400-449_completed/annotations.xml,data/images/train/frame_0409_f10607.jpg,data/labels/train/frame_0409_f10607.txt,data/masks-original/train/frame_0409_f10607.png,2,1280,720,0.525014
frame_0410_f10633.jpg,410,train,f1e6a00251d3ba03dc7c2698ec7d36930c37fa90a2d5a3699eeccf5e40a30bef,frame402-802/400-449_completed/images/frame_0410_f10633.jpg,frame402-802/400-449_completed/annotations.xml,data/images/train/frame_0410_f10633.jpg,data/labels/train/frame_0410_f10633.txt,data/masks-original/train/frame_0410_f10633.png,2,1280,720,0.501075
frame_0411_f10659.jpg,411,train,e55d735ba3037321bbb6b716852b1e91988a855becaae225ba63cb47e92a8500,frame402-802/400-449_completed/images/frame_0411_f10659.jpg,frame402-802/400-449_completed/annotations.xml,data/images/train/frame_0411_f10659.jpg,data/labels/train/frame_0411_f10659.txt,data/masks-original/train/frame_0411_f10659.png,2,1280,720,0.52339
frame_0412_f10685.jpg,412,train,7a8d355a7d671dde4edb3b0f65723e9a76f9127afd4f4cc70e7d30d78e41b465,frame402-802/400-449_completed/images/frame_0412_f10685.jpg,frame402-802/400-449_completed/annotations.xml,data/images/train/frame_0412_f10685.jpg,data/labels/train/frame_0412_f10685.txt,data/masks-original/train/frame_0412_f10685.png,2,1280,720,0.527651
frame_0413_f10711.jpg,413,train,7c3454c37ab345d59f99c4c8ec8eba5eefd60cd46af171ebee4c1bb46ce089c5,frame402-802/400-449_completed/images/frame_0413_f10711.jpg,frame402-802/400-449_completed/annotations.xml,data/images/train/frame_0413_f10711.jpg,data/labels/train/frame_0413_f10711.txt,data/masks-original/train/frame_0413_f10711.png,2,1280,720,0.506195
frame_0414_f10737.jpg,414,train,40658f53a6ea3bc1df06680e8addb72a06eb872df0f29f8ff970b5a67157fe2d,frame402-802/400-449_completed/images/frame_0414_f10737.jpg,frame402-802/400-449_completed/annotations.xml,data/images/train/frame_0414_f10737.jpg,data/labels/train/frame_0414_f10737.txt,data/masks-original/train/frame_0414_f10737.png,2,1280,720,0.519333
frame_0415_f10763.jpg,415,train,994f4dc7b4b0314ba1beb3a9624f28659f741c1994fba8679f0f7884cf5cee8d,frame402-802/400-449_completed/images/frame_0415_f10763.jpg,frame402-802/400-449_completed/annotations.xml,data/images/train/frame_0415_f10763.jpg,data/labels/train/frame_0415_f10763.txt,data/masks-original/train/frame_0415_f10763.png,2,1280,720,0.520331
frame_0416_f10789.jpg,416,train,7b396cff29234ca6e519b46379b41a6f0c6cb00d70d6026c81af0bbea9a58323,frame402-802/400-449_completed/images/frame_0416_f10789.jpg,frame402-802/400-449_completed/annotations.xml,data/images/train/frame_0416_f10789.jpg,data/labels/train/frame_0416_f10789.txt,data/masks-original/train/frame_0416_f10789.png,2,1280,720,0.532798
frame_0417_f10815.jpg,417,train,fd0af9c870d722ed3d518ae1c7522162bfb621bf07abbd639d8b0c15f0f1bf80,frame402-802/400-449_completed/images/frame_0417_f10815.jpg,frame402-802/400-449_completed/annotations.xml,data/images/train/frame_0417_f10815.jpg,data/labels/train/frame_0417_f10815.txt,data/masks-original/train/frame_0417_f10815.png,2,1280,720,0.526122
frame_0418_f10841.jpg,418,train,7068aef2480d84ee8c9e85d17869354678430fd21efd17aef8f209fd80a1d52d,frame402-802/400-449_completed/images/frame_0418_f10841.jpg,frame402-802/400-449_completed/annotations.xml,data/images/train/frame_0418_f10841.jpg,data/labels/train/frame_0418_f10841.txt,data/masks-original/train/frame_0418_f10841.png,2,1280,720,0.52378
frame_0419_f10867.jpg,419,train,da119c8b14aa345c3d2418bafa0cde3ce640ae82da51ed0f424d18e6e9feb19a,frame402-802/400-449_completed/images/frame_0419_f10867.jpg,frame402-802/400-449_completed/annotations.xml,data/images/train/frame_0419_f10867.jpg,data/labels/train/frame_0419_f10867.txt,data/masks-original/train/frame_0419_f10867.png,2,1280,720,0.522815
frame_0420_f10893.jpg,420,train,0a87c7d33358b76b7929f988f95c3646c57c8defea6edbd1b7dc7a0cbce82ef4,frame402-802/400-449_completed/images/frame_0420_f10893.jpg,frame402-802/400-449_completed/annotations.xml,data/images/train/frame_0420_f10893.jpg,data/labels/train/frame_0420_f10893.txt,data/masks-original/train/frame_0420_f10893.png,2,1280,720,0.52421
frame_0421_f10918.jpg,421,train,e4cec27cdd2014a4ec3ee2d3dc04b8e622ef12e344c8f9a499ce6efbfa4d855f,frame402-802/400-449_completed/images/frame_0421_f10918.jpg,frame402-802/400-449_completed/annotations.xml,data/images/train/frame_0421_f10918.jpg,data/labels/train/frame_0421_f10918.txt,data/masks-original/train/frame_0421_f10918.png,2,1280,720,0.52252
frame_0422_f10944.jpg,422,train,70df721eb2d56abd4995ec800fc87f790e39c5d1561e10ab7e4cd80276cad9fc,frame402-802/400-449_completed/images/frame_0422_f10944.jpg,frame402-802/400-449_completed/annotations.xml,data/images/train/frame_0422_f10944.jpg,data/labels/train/frame_0422_f10944.txt,data/masks-original/train/frame_0422_f10944.png,2,1280,720,0.519885
frame_0423_f10970.jpg,423,train,8fe08b119cf358518ef93dba99229a09db565a44a965532075e0d42830b988d0,frame402-802/400-449_completed/images/frame_0423_f10970.jpg,frame402-802/400-449_completed/annotations.xml,data/images/train/frame_0423_f10970.jpg,data/labels/train/frame_0423_f10970.txt,data/masks-original/train/frame_0423_f10970.png,2,1280,720,0.518615
frame_0424_f10996.jpg,424,train,4a335a9388516bc16c3e727adf992f9564ac2d796ba518aea818d3a59324de70,frame402-802/400-449_completed/images/frame_0424_f10996.jpg,frame402-802/400-449_completed/annotations.xml,data/images/train/frame_0424_f10996.jpg,data/labels/train/frame_0424_f10996.txt,data/masks-original/train/frame_0424_f10996.png,2,1280,720,0.51627
frame_0425_f11022.jpg,425,train,c70e2296152d541971324117f028e3f8cf53f44f56a6a7a22570ce6a15e8854c,frame402-802/400-449_completed/images/frame_0425_f11022.jpg,frame402-802/400-449_completed/annotations.xml,data/images/train/frame_0425_f11022.jpg,data/labels/train/frame_0425_f11022.txt,data/masks-original/train/frame_0425_f11022.png,2,1280,720,0.522184
frame_0426_f11048.jpg,426,train,b76fc6c878ab88ff81df496a241ab76a5f12d49db25874da239324a011b166cb,frame402-802/400-449_completed/images/frame_0426_f11048.jpg,frame402-802/400-449_completed/annotations.xml,data/images/train/frame_0426_f11048.jpg,data/labels/train/frame_0426_f11048.txt,data/masks-original/train/frame_0426_f11048.png,2,1280,720,0.518639
frame_0427_f11074.jpg,427,train,faa2dcf96ca0060a2cd90cae8516e76080c1b7a8295cc04e1be57523018fb3ef,frame402-802/400-449_completed/images/frame_0427_f11074.jpg,frame402-802/400-449_completed/annotations.xml,data/images/train/frame_0427_f11074.jpg,data/labels/train/frame_0427_f11074.txt,data/masks-original/train/frame_0427_f11074.png,2,1280,720,0.523989
frame_0428_f11100.jpg,428,train,a5ca85fd4ec7129ead3c30c9921121a757a227cd2c8361cd3f5c209478f4525f,frame402-802/400-449_completed/images/frame_0428_f11100.jpg,frame402-802/400-449_completed/annotations.xml,data/images/train/frame_0428_f11100.jpg,data/labels/train/frame_0428_f11100.txt,data/masks-original/train/frame_0428_f11100.png,2,1280,720,0.524042
frame_0429_f11126.jpg,429,train,9171ef504f4dd49de7f86a331a93b55fa43c4fd4f003c085b2cd95ae60c686bd,frame402-802/400-449_completed/images/frame_0429_f11126.jpg,frame402-802/400-449_completed/annotations.xml,data/images/train/frame_0429_f11126.jpg,data/labels/train/frame_0429_f11126.txt,data/masks-original/train/frame_0429_f11126.png,2,1280,720,0.531143
frame_0430_f11152.jpg,430,train,b608d8390598f65764a7331815eac9d7b0e88bc90e7d10fb0a7f57930a45ce75,frame402-802/400-449_completed/images/frame_0430_f11152.jpg,frame402-802/400-449_completed/annotations.xml,data/images/train/frame_0430_f11152.jpg,data/labels/train/frame_0430_f11152.txt,data/masks-original/train/frame_0430_f11152.png,2,1280,720,0.523063
frame_0431_f11178.jpg,431,train,72aebda1abe697817603195b291e477495a19bd8a7e1a51a8928b48008b41d4f,frame402-802/400-449_completed/images/frame_0431_f11178.jpg,frame402-802/400-449_completed/annotations.xml,data/images/train/frame_0431_f11178.jpg,data/labels/train/frame_0431_f11178.txt,data/masks-original/train/frame_0431_f11178.png,2,1280,720,0.515558
frame_0432_f11204.jpg,432,train,fd77a2027efa16a5f9f39929dd15d00fe1c45c6a7ad235f223cc6a2b4535853f,frame402-802/400-449_completed/images/frame_0432_f11204.jpg,frame402-802/400-449_completed/annotations.xml,data/images/train/frame_0432_f11204.jpg,data/labels/train/frame_0432_f11204.txt,data/masks-original/train/frame_0432_f11204.png,2,1280,720,0.507015
frame_0433_f11230.jpg,433,train,6ae57f6556e02f8e638c812b4c7d45ff5ec25fb850571d0ca1ec8a2803b0708f,frame402-802/400-449_completed/images/frame_0433_f11230.jpg,frame402-802/400-449_completed/annotations.xml,data/images/train/frame_0433_f11230.jpg,data/labels/train/frame_0433_f11230.txt,data/masks-original/train/frame_0433_f11230.png,2,1280,720,0.520953
frame_0434_f11256.jpg,434,train,e740a76b086216c099b3c045e2ca59ce7b084cc4dd8bdd94696fb78f0a9581c6,frame402-802/400-449_completed/images/frame_0434_f11256.jpg,frame402-802/400-449_completed/annotations.xml,data/images/train/frame_0434_f11256.jpg,data/labels/train/frame_0434_f11256.txt,data/masks-original/train/frame_0434_f11256.png,2,1280,720,0.526186
frame_0435_f11282.jpg,435,train,aa21baa8bf4d76fe2ad8dca840e2a6475a82567d02117fabf7787c3f29895dcf,frame402-802/400-449_completed/images/frame_0435_f11282.jpg,frame402-802/400-449_completed/annotations.xml,data/images/train/frame_0435_f11282.jpg,data/labels/train/frame_0435_f11282.txt,data/masks-original/train/frame_0435_f11282.png,2,1280,720,0.514972
frame_0436_f11307.jpg,436,train,c224749bf0ca4603d0380bf93033f4cb104485f8c0d91f9fac22a9a9b011df35,frame402-802/400-449_completed/images/frame_0436_f11307.jpg,frame402-802/400-449_completed/annotations.xml,data/images/train/frame_0436_f11307.jpg,data/labels/train/frame_0436_f11307.txt,data/masks-original/train/frame_0436_f11307.png,2,1280,720,0.521297
frame_0437_f11333.jpg,437,train,2756eaee829280d512ecde904a2d722a9ea861736d7ed3a50f9977027ef56827,frame402-802/400-449_completed/images/frame_0437_f11333.jpg,frame402-802/400-449_completed/annotations.xml,data/images/train/frame_0437_f11333.jpg,data/labels/train/frame_0437_f11333.txt,data/masks-original/train/frame_0437_f11333.png,2,1280,720,0.503648
frame_0438_f11359.jpg,438,train,8d26957d0f947726f6d3c6a99f2361c198c30153eec2a826bfda21520f16aedb,frame402-802/400-449_completed/images/frame_0438_f11359.jpg,frame402-802/400-449_completed/annotations.xml,data/images/train/frame_0438_f11359.jpg,data/labels/train/frame_0438_f11359.txt,data/masks-original/train/frame_0438_f11359.png,2,1280,720,0.540025
frame_0439_f11385.jpg,439,train,93a649f7f3eebaac1dc3ac52d9701ee36db909fd1f0cc86f44847293520a460f,frame402-802/400-449_completed/images/frame_0439_f11385.jpg,frame402-802/400-449_completed/annotations.xml,data/images/train/frame_0439_f11385.jpg,data/labels/train/frame_0439_f11385.txt,data/masks-original/train/frame_0439_f11385.png,2,1280,720,0.521273
frame_0440_f11411.jpg,440,train,48333dc3f33c6398d3ac5b3077b4c5b9c2f3784db1d3f3b487b5bff682b9bb8b,frame402-802/400-449_completed/images/frame_0440_f11411.jpg,frame402-802/400-449_completed/annotations.xml,data/images/train/frame_0440_f11411.jpg,data/labels/train/frame_0440_f11411.txt,data/masks-original/train/frame_0440_f11411.png,2,1280,720,0.514411
frame_0441_f11437.jpg,441,train,1b55d55dddb81b4d31ae9dcda9fc0bdccb118c3ac0ca984bed82a6bb2f6a1d0a,frame402-802/400-449_completed/images/frame_0441_f11437.jpg,frame402-802/400-449_completed/annotations.xml,data/images/train/frame_0441_f11437.jpg,data/labels/train/frame_0441_f11437.txt,data/masks-original/train/frame_0441_f11437.png,2,1280,720,0.515068
frame_0442_f11463.jpg,442,train,a2e7b8fe2fcf3d259c491ab27bdbab25c5bbc9c0d8ea38c16d6944c03ae82c4d,frame402-802/400-449_completed/images/frame_0442_f11463.jpg,frame402-802/400-449_completed/annotations.xml,data/images/train/frame_0442_f11463.jpg,data/labels/train/frame_0442_f11463.txt,data/masks-original/train/frame_0442_f11463.png,2,1280,720,0.520956
frame_0443_f11489.jpg,443,train,6b2242b94712abf7ed8fc836cf40951811e16b664945654b5c818145fff60791,frame402-802/400-449_completed/images/frame_0443_f11489.jpg,frame402-802/400-449_completed/annotations.xml,data/images/train/frame_0443_f11489.jpg,data/labels/train/frame_0443_f11489.txt,data/masks-original/train/frame_0443_f11489.png,2,1280,720,0.515785
frame_0444_f11515.jpg,444,train,044a91394bfd90f82b4b9a925f653eec80c9ed4b6e7dc403b18fc0acb0fd8a4f,frame402-802/400-449_completed/images/frame_0444_f11515.jpg,frame402-802/400-449_completed/annotations.xml,data/images/train/frame_0444_f11515.jpg,data/labels/train/frame_0444_f11515.txt,data/masks-original/train/frame_0444_f11515.png,2,1280,720,0.532666
frame_0445_f11541.jpg,445,train,e2a46e3d2c2d51561b5484859125102be7b1b90cc539c0ecd56d6eb89a567446,frame402-802/400-449_completed/images/frame_0445_f11541.jpg,frame402-802/400-449_completed/annotations.xml,data/images/train/frame_0445_f11541.jpg,data/labels/train/frame_0445_f11541.txt,data/masks-original/train/frame_0445_f11541.png,2,1280,720,0.528375
frame_0446_f11567.jpg,446,train,f9cf25c6c0d919b5e9ed0202a4797e9e347eec9dc21bfe043a272c5a6ec69254,frame402-802/400-449_completed/images/frame_0446_f11567.jpg,frame402-802/400-449_completed/annotations.xml,data/images/train/frame_0446_f11567.jpg,data/labels/train/frame_0446_f11567.txt,data/masks-original/train/frame_0446_f11567.png,2,1280,720,0.542666
frame_0447_f11593.jpg,447,train,c1f10ff0ca0cd206e2fdcfef8d0b5aaa505163b9b8582ac8d67c2b8329587044,frame402-802/400-449_completed/images/frame_0447_f11593.jpg,frame402-802/400-449_completed/annotations.xml,data/images/train/frame_0447_f11593.jpg,data/labels/train/frame_0447_f11593.txt,data/masks-original/train/frame_0447_f11593.png,2,1280,720,0.540063
frame_0448_f11619.jpg,448,train,f8a63a5e1be510c3f4668b8dfeba1e89301f4eb21f66f2e6b6f74a34c4d50e66,frame402-802/400-449_completed/images/frame_0448_f11619.jpg,frame402-802/400-449_completed/annotations.xml,data/images/train/frame_0448_f11619.jpg,data/labels/train/frame_0448_f11619.txt,data/masks-original/train/frame_0448_f11619.png,2,1280,720,0.513787
frame_0449_f11645.jpg,449,train,95997219eb1f99c950b035842b86ac5c832069abe3d3b2b05956abb42cacc1ac,frame402-802/400-449_completed/images/frame_0449_f11645.jpg,frame402-802/400-449_completed/annotations.xml,data/images/train/frame_0449_f11645.jpg,data/labels/train/frame_0449_f11645.txt,data/masks-original/train/frame_0449_f11645.png,2,1280,720,0.515429
frame_0450_f11671.jpg,450,train,e6f8e6bb53e5293a17988a8f50f9f190570b26fed293d63175ec7b384c0a7ab8,frame402-802/450-499_completed/images/frame_0450_f11671.jpg,frame402-802/450-499_completed/annotations.xml,data/images/train/frame_0450_f11671.jpg,data/labels/train/frame_0450_f11671.txt,data/masks-original/train/frame_0450_f11671.png,2,1280,720,0.513023
frame_0453_f11748.jpg,453,train,a07b0685f9b15b59a49b6f1512675a7d82ee233ff0d361df2758f2e54bf6ad36,frame402-802/450-499_completed/images/frame_0453_f11748.jpg,frame402-802/450-499_completed/annotations.xml,data/images/train/frame_0453_f11748.jpg,data/labels/train/frame_0453_f11748.txt,data/masks-original/train/frame_0453_f11748.png,2,1280,720,0.510209
frame_0454_f11774.jpg,454,train,01433c932027b678577180a1d84ebf1281fca512428c2d7c853f5ea57fea948b,frame402-802/450-499_completed/images/frame_0454_f11774.jpg,frame402-802/450-499_completed/annotations.xml,data/images/train/frame_0454_f11774.jpg,data/labels/train/frame_0454_f11774.txt,data/masks-original/train/frame_0454_f11774.png,2,1280,720,0.499469
frame_0455_f11800.jpg,455,train,c288ff3691468e584d1a0e4c2d0b956b043f2fdd18ff7f2985b52181b1b02e0a,frame402-802/450-499_completed/images/frame_0455_f11800.jpg,frame402-802/450-499_completed/annotations.xml,data/images/train/frame_0455_f11800.jpg,data/labels/train/frame_0455_f11800.txt,data/masks-original/train/frame_0455_f11800.png,2,1280,720,0.51184
frame_0456_f11826.jpg,456,train,934f029d7d70249bdd965024cd3666342fe8e35754af8c2e7b1200d779fddbe4,frame402-802/450-499_completed/images/frame_0456_f11826.jpg,frame402-802/450-499_completed/annotations.xml,data/images/train/frame_0456_f11826.jpg,data/labels/train/frame_0456_f11826.txt,data/masks-original/train/frame_0456_f11826.png,2,1280,720,0.495609
frame_0457_f11852.jpg,457,train,14461152b52f42da175ab58f06081ba1fe48c8565fd92a01390bf298e5856597,frame402-802/450-499_completed/images/frame_0457_f11852.jpg,frame402-802/450-499_completed/annotations.xml,data/images/train/frame_0457_f11852.jpg,data/labels/train/frame_0457_f11852.txt,data/masks-original/train/frame_0457_f11852.png,2,1280,720,0.506916
frame_0458_f11878.jpg,458,train,e527c84d34561a81e82329872e84442e3e5932fb8f9f152f673d9c8d9a5ab79d,frame402-802/450-499_completed/images/frame_0458_f11878.jpg,frame402-802/450-499_completed/annotations.xml,data/images/train/frame_0458_f11878.jpg,data/labels/train/frame_0458_f11878.txt,data/masks-original/train/frame_0458_f11878.png,2,1280,720,0.506081
frame_0459_f11904.jpg,459,train,2d4e1766043e588482be08060cb7ce7db61c71899c7165188f0755e651d8d302,frame402-802/450-499_completed/images/frame_0459_f11904.jpg,frame402-802/450-499_completed/annotations.xml,data/images/train/frame_0459_f11904.jpg,data/labels/train/frame_0459_f11904.txt,data/masks-original/train/frame_0459_f11904.png,2,1280,720,0.531975
frame_0460_f11930.jpg,460,train,1d08ba18ed61444f5ff95e077178da921f71640c78e942167373c624c0dd0f6a,frame402-802/450-499_completed/images/frame_0460_f11930.jpg,frame402-802/450-499_completed/annotations.xml,data/images/train/frame_0460_f11930.jpg,data/labels/train/frame_0460_f11930.txt,data/masks-original/train/frame_0460_f11930.png,2,1280,720,0.512253
frame_0461_f11956.jpg,461,train,a874c9f04a216af78b6a561f173de149f81ad035c92f5fe040833ee2f5d3529f,frame402-802/450-499_completed/images/frame_0461_f11956.jpg,frame402-802/450-499_completed/annotations.xml,data/images/train/frame_0461_f11956.jpg,data/labels/train/frame_0461_f11956.txt,data/masks-original/train/frame_0461_f11956.png,2,1280,720,0.494661
frame_0462_f11982.jpg,462,train,8a3b0d204ee3a4238322d14ae5ef882ea0554ecbfef321a719601623104313ee,frame402-802/450-499_completed/images/frame_0462_f11982.jpg,frame402-802/450-499_completed/annotations.xml,data/images/train/frame_0462_f11982.jpg,data/labels/train/frame_0462_f11982.txt,data/masks-original/train/frame_0462_f11982.png,2,1280,720,0.502346
frame_0463_f12008.jpg,463,train,ded9189f20001814f96888b80477edf9ca4f927d37eb2c03f6926fde1c3ccaa4,frame402-802/450-499_completed/images/frame_0463_f12008.jpg,frame402-802/450-499_completed/annotations.xml,data/images/train/frame_0463_f12008.jpg,data/labels/train/frame_0463_f12008.txt,data/masks-original/train/frame_0463_f12008.png,2,1280,720,0.492321
frame_0464_f12034.jpg,464,train,d8b5143078d3d321560075e3c34d423836d271031c273b34dc28dc089467983e,frame402-802/450-499_completed/images/frame_0464_f12034.jpg,frame402-802/450-499_completed/annotations.xml,data/images/train/frame_0464_f12034.jpg,data/labels/train/frame_0464_f12034.txt,data/masks-original/train/frame_0464_f12034.png,2,1280,720,0.50886
frame_0465_f12060.jpg,465,train,72ff1c3d081ba51eac2d6473eaa2a95cc48fdbf9b66fe0ca6579f567827b7392,frame402-802/450-499_completed/images/frame_0465_f12060.jpg,frame402-802/450-499_completed/annotations.xml,data/images/train/frame_0465_f12060.jpg,data/labels/train/frame_0465_f12060.txt,data/masks-original/train/frame_0465_f12060.png,2,1280,720,0.53261
frame_0466_f12086.jpg,466,train,e36555f85ff6be59db5124a616a7cbd96d15e3cce2983d0ed060889dce9694df,frame402-802/450-499_completed/images/frame_0466_f12086.jpg,frame402-802/450-499_completed/annotations.xml,data/images/train/frame_0466_f12086.jpg,data/labels/train/frame_0466_f12086.txt,data/masks-original/train/frame_0466_f12086.png,2,1280,720,0.50204
frame_0467_f12111.jpg,467,train,4da5cbe9935674d5a3054d7a44ae2e3eeab36917f4fa5bddda8db7bd44ced63b,frame402-802/450-499_completed/images/frame_0467_f12111.jpg,frame402-802/450-499_completed/annotations.xml,data/images/train/frame_0467_f12111.jpg,data/labels/train/frame_0467_f12111.txt,data/masks-original/train/frame_0467_f12111.png,2,1280,720,0.508547
frame_0468_f12137.jpg,468,train,cd3c55540a2ea82ce94cf79af2f142730258e55ef2d4ae49bef149c8780725ee,frame402-802/450-499_completed/images/frame_0468_f12137.jpg,frame402-802/450-499_completed/annotations.xml,data/images/train/frame_0468_f12137.jpg,data/labels/train/frame_0468_f12137.txt,data/masks-original/train/frame_0468_f12137.png,2,1280,720,0.509503
frame_0469_f12163.jpg,469,train,d3dab5500015eaf2a0c113c3e5d20b7d8ed1cd9a3ffcb815e31b53bdeff68d84,frame402-802/450-499_completed/images/frame_0469_f12163.jpg,frame402-802/450-499_completed/annotations.xml,data/images/train/frame_0469_f12163.jpg,data/labels/train/frame_0469_f12163.txt,data/masks-original/train/frame_0469_f12163.png,2,1280,720,0.507998
frame_0470_f12189.jpg,470,train,65485962addf805ccaf79eb29fefeb8ad39251e7cf3520a2eaf99d35d4af1676,frame402-802/450-499_completed/images/frame_0470_f12189.jpg,frame402-802/450-499_completed/annotations.xml,data/images/train/frame_0470_f12189.jpg,data/labels/train/frame_0470_f12189.txt,data/masks-original/train/frame_0470_f12189.png,2,1280,720,0.542398
frame_0471_f12215.jpg,471,train,829b0341e9b53a5d90d87be2e50828a1b27927ea4b7c154cafd5ad5743279482,frame402-802/450-499_completed/images/frame_0471_f12215.jpg,frame402-802/450-499_completed/annotations.xml,data/images/train/frame_0471_f12215.jpg,data/labels/train/frame_0471_f12215.txt,data/masks-original/train/frame_0471_f12215.png,2,1280,720,0.520381
frame_0472_f12241.jpg,472,train,7dd04c59101737bdd7091d058e08e47615852293d2aab13c59d3277022614d60,frame402-802/450-499_completed/images/frame_0472_f12241.jpg,frame402-802/450-499_completed/annotations.xml,data/images/train/frame_0472_f12241.jpg,data/labels/train/frame_0472_f12241.txt,data/masks-original/train/frame_0472_f12241.png,2,1280,720,0.49252
frame_0473_f12267.jpg,473,train,d00f6face9fd17a5807a527d6f17a97d9a3e49437fddf527349a85f4a72604cc,frame402-802/450-499_completed/images/frame_0473_f12267.jpg,frame402-802/450-499_completed/annotations.xml,data/images/train/frame_0473_f12267.jpg,data/labels/train/frame_0473_f12267.txt,data/masks-original/train/frame_0473_f12267.png,2,1280,720,0.496964
frame_0474_f12293.jpg,474,train,8991e158ac85dba1ecfcdd33c77d368d8f16c925130a8b2e612b5d3e62f07bc1,frame402-802/450-499_completed/images/frame_0474_f12293.jpg,frame402-802/450-499_completed/annotations.xml,data/images/train/frame_0474_f12293.jpg,data/labels/train/frame_0474_f12293.txt,data/masks-original/train/frame_0474_f12293.png,2,1280,720,0.494032
frame_0475_f12319.jpg,475,train,b7dc7a0b77e0f1da33977b11a430e66c76ec32c41ff8515321a6950d4e8315bf,frame402-802/450-499_completed/images/frame_0475_f12319.jpg,frame402-802/450-499_completed/annotations.xml,data/images/train/frame_0475_f12319.jpg,data/labels/train/frame_0475_f12319.txt,data/masks-original/train/frame_0475_f12319.png,2,1280,720,0.503787
frame_0476_f12345.jpg,476,train,74f4df7d18c08c036615fcc83a33a285797870cd82b0d79f6ebd4e7d67d25580,frame402-802/450-499_completed/images/frame_0476_f12345.jpg,frame402-802/450-499_completed/annotations.xml,data/images/train/frame_0476_f12345.jpg,data/labels/train/frame_0476_f12345.txt,data/masks-original/train/frame_0476_f12345.png,2,1280,720,0.52168
frame_0477_f12371.jpg,477,train,599909cfa4829b9e76e9182a0b6be16d72ee8d00370c4f8690f5ac7e366c8729,frame402-802/450-499_completed/images/frame_0477_f12371.jpg,frame402-802/450-499_completed/annotations.xml,data/images/train/frame_0477_f12371.jpg,data/labels/train/frame_0477_f12371.txt,data/masks-original/train/frame_0477_f12371.png,2,1280,720,0.50944
frame_0478_f12397.jpg,478,train,45e99f975d5b0c8db24d3289c716239ca6114b4683311220a74a529a74cd4930,frame402-802/450-499_completed/images/frame_0478_f12397.jpg,frame402-802/450-499_completed/annotations.xml,data/images/train/frame_0478_f12397.jpg,data/labels/train/frame_0478_f12397.txt,data/masks-original/train/frame_0478_f12397.png,2,1280,720,0.507173
frame_0479_f12423.jpg,479,train,03284d6bba7a7adb5f5bc7c12e37a8f7e145c35c12be183d382af19ed289f7f8,frame402-802/450-499_completed/images/frame_0479_f12423.jpg,frame402-802/450-499_completed/annotations.xml,data/images/train/frame_0479_f12423.jpg,data/labels/train/frame_0479_f12423.txt,data/masks-original/train/frame_0479_f12423.png,2,1280,720,0.495691
frame_0480_f12449.jpg,480,train,850a08d8e6c2a15197291ad71dca04feeb933093110eb97c466255416f27c1c7,frame402-802/450-499_completed/images/frame_0480_f12449.jpg,frame402-802/450-499_completed/annotations.xml,data/images/train/frame_0480_f12449.jpg,data/labels/train/frame_0480_f12449.txt,data/masks-original/train/frame_0480_f12449.png,2,1280,720,0.504618
frame_0481_f12475.jpg,481,train,bc7ef05efac99eb5378842ae030fb3c89cfeb54cf6977bd2b672afc57fc781c3,frame402-802/450-499_completed/images/frame_0481_f12475.jpg,frame402-802/450-499_completed/annotations.xml,data/images/train/frame_0481_f12475.jpg,data/labels/train/frame_0481_f12475.txt,data/masks-original/train/frame_0481_f12475.png,2,1280,720,0.508682
frame_0482_f12500.jpg,482,train,6cd2cf548682c0c65fbb72000d8c39a3f619181e98c5ddcbe868dbac8aad85f7,frame402-802/450-499_completed/images/frame_0482_f12500.jpg,frame402-802/450-499_completed/annotations.xml,data/images/train/frame_0482_f12500.jpg,data/labels/train/frame_0482_f12500.txt,data/masks-original/train/frame_0482_f12500.png,2,1280,720,0.495819
frame_0483_f12526.jpg,483,train,c4d546503bc6b81c99a1f7c1d6ba8975ad2d428883b95d78c17fa78e468b8c01,frame402-802/450-499_completed/images/frame_0483_f12526.jpg,frame402-802/450-499_completed/annotations.xml,data/images/train/frame_0483_f12526.jpg,data/labels/train/frame_0483_f12526.txt,data/masks-original/train/frame_0483_f12526.png,2,1280,720,0.502158
frame_0484_f12552.jpg,484,train,928d768d9c07f67f739322ea5b42d9da50cb5e73ba87bd0653dcbc896415e6fe,frame402-802/450-499_completed/images/frame_0484_f12552.jpg,frame402-802/450-499_completed/annotations.xml,data/images/train/frame_0484_f12552.jpg,data/labels/train/frame_0484_f12552.txt,data/masks-original/train/frame_0484_f12552.png,2,1280,720,0.522561
frame_0485_f12578.jpg,485,train,4d7832862a8d1700e973cc1598ada7dd42f79ad98dab29d7a87e2d325010b4c7,frame402-802/450-499_completed/images/frame_0485_f12578.jpg,frame402-802/450-499_completed/annotations.xml,data/images/train/frame_0485_f12578.jpg,data/labels/train/frame_0485_f12578.txt,data/masks-original/train/frame_0485_f12578.png,2,1280,720,0.504214
frame_0486_f12604.jpg,486,train,09997668cb0caa7e7f6dbd1da9a051e404a1557235cc937828482fd637058f1e,frame402-802/450-499_completed/images/frame_0486_f12604.jpg,frame402-802/450-499_completed/annotations.xml,data/images/train/frame_0486_f12604.jpg,data/labels/train/frame_0486_f12604.txt,data/masks-original/train/frame_0486_f12604.png,2,1280,720,0.521707
frame_0487_f12630.jpg,487,train,6e5534250bbfbde6e79510bd1879f400a6b59abae6126b33e3557c18461e7bcd,frame402-802/450-499_completed/images/frame_0487_f12630.jpg,frame402-802/450-499_completed/annotations.xml,data/images/train/frame_0487_f12630.jpg,data/labels/train/frame_0487_f12630.txt,data/masks-original/train/frame_0487_f12630.png,2,1280,720,0.498349
frame_0488_f12656.jpg,488,train,6d49df75418fccb3f1f1e9c11c59ce111e950d5654381f4680b9f1fb707cf603,frame402-802/450-499_completed/images/frame_0488_f12656.jpg,frame402-802/450-499_completed/annotations.xml,data/images/train/frame_0488_f12656.jpg,data/labels/train/frame_0488_f12656.txt,data/masks-original/train/frame_0488_f12656.png,2,1280,720,0.515742
frame_0489_f12682.jpg,489,train,94754165cae1ff5fcf8e21c0661f95ac8c93d8601b44afd0577f322fe57793d2,frame402-802/450-499_completed/images/frame_0489_f12682.jpg,frame402-802/450-499_completed/annotations.xml,data/images/train/frame_0489_f12682.jpg,data/labels/train/frame_0489_f12682.txt,data/masks-original/train/frame_0489_f12682.png,2,1280,720,0.527351
frame_0490_f12708.jpg,490,train,8c0bee92b105d6c66422c9151eec0fe8dd2eb2a1452105e8ae80d15617d6cfaf,frame402-802/450-499_completed/images/frame_0490_f12708.jpg,frame402-802/450-499_completed/annotations.xml,data/images/train/frame_0490_f12708.jpg,data/labels/train/frame_0490_f12708.txt,data/masks-original/train/frame_0490_f12708.png,2,1280,720,0.520585
frame_0491_f12734.jpg,491,train,7cc58825aef7131ea644152c1b32e7d1c450a85293931ace8c3098531e04fc31,frame402-802/450-499_completed/images/frame_0491_f12734.jpg,frame402-802/450-499_completed/annotations.xml,data/images/train/frame_0491_f12734.jpg,data/labels/train/frame_0491_f12734.txt,data/masks-original/train/frame_0491_f12734.png,2,1280,720,0.509476
frame_0492_f12760.jpg,492,train,316ab74a02f220b5afb228104eacbf46e09470b403d47ff4dc6827a616165b66,frame402-802/450-499_completed/images/frame_0492_f12760.jpg,frame402-802/450-499_completed/annotations.xml,data/images/train/frame_0492_f12760.jpg,data/labels/train/frame_0492_f12760.txt,data/masks-original/train/frame_0492_f12760.png,2,1280,720,0.49147
frame_0493_f12786.jpg,493,train,ac8136e568d95c9bf1e3527b17cff02e74f9e8dee386830e15de6fe303f31729,frame402-802/450-499_completed/images/frame_0493_f12786.jpg,frame402-802/450-499_completed/annotations.xml,data/images/train/frame_0493_f12786.jpg,data/labels/train/frame_0493_f12786.txt,data/masks-original/train/frame_0493_f12786.png,2,1280,720,0.491672
frame_0494_f12812.jpg,494,train,5b3a3e9e266d84ac302148003e10cd5375f31c90fa1fb512a82abdad7b86e4a9,frame402-802/450-499_completed/images/frame_0494_f12812.jpg,frame402-802/450-499_completed/annotations.xml,data/images/train/frame_0494_f12812.jpg,data/labels/train/frame_0494_f12812.txt,data/masks-original/train/frame_0494_f12812.png,2,1280,720,0.508132
frame_0495_f12838.jpg,495,train,c4d9d68793839383977cf5b467e1b52b61adf30e926a9d35ca2fbd827f4e5a0f,frame402-802/450-499_completed/images/frame_0495_f12838.jpg,frame402-802/450-499_completed/annotations.xml,data/images/train/frame_0495_f12838.jpg,data/labels/train/frame_0495_f12838.txt,data/masks-original/train/frame_0495_f12838.png,2,1280,720,0.528938
frame_0496_f12864.jpg,496,train,d954c1713afff9234782c70da64281bceb04c9c8d66338570b57a1ff59a8794a,frame402-802/450-499_completed/images/frame_0496_f12864.jpg,frame402-802/450-499_completed/annotations.xml,data/images/train/frame_0496_f12864.jpg,data/labels/train/frame_0496_f12864.txt,data/masks-original/train/frame_0496_f12864.png,2,1280,720,0.502491
frame_0497_f12890.jpg,497,train,7b15e77d9eebd6eea16c645ed0b3621ca5b6f5a4a21bb609a3a01c79aa9555d9,frame402-802/450-499_completed/images/frame_0497_f12890.jpg,frame402-802/450-499_completed/annotations.xml,data/images/train/frame_0497_f12890.jpg,data/labels/train/frame_0497_f12890.txt,data/masks-original/train/frame_0497_f12890.png,2,1280,720,0.507564
frame_0498_f12915.jpg,498,train,6299f0a2ec0d319f73427067d15bf43dfd9bba9606f3664feaa8e9277cb8136b,frame402-802/450-499_completed/images/frame_0498_f12915.jpg,frame402-802/450-499_completed/annotations.xml,data/images/train/frame_0498_f12915.jpg,data/labels/train/frame_0498_f12915.txt,data/masks-original/train/frame_0498_f12915.png,2,1280,720,0.520611
frame_0499_f12941.jpg,499,train,a178e194790ceb4c63c149a6819fcde53bbeeaf1d5e4e86dee83a1493bb61e5f,frame402-802/450-499_completed/images/frame_0499_f12941.jpg,frame402-802/450-499_completed/annotations.xml,data/images/train/frame_0499_f12941.jpg,data/labels/train/frame_0499_f12941.txt,data/masks-original/train/frame_0499_f12941.png,2,1280,720,0.506527
frame_0500_f12967.jpg,500,train,7fd080ff9325e9b7f8723cb0f23559e0d3bf6808f079c3acdddc125a6d952746,frame402-802/500-549_completed/images/frame_0500_f12967.jpg,frame402-802/500-549_completed/annotations.xml,data/images/train/frame_0500_f12967.jpg,data/labels/train/frame_0500_f12967.txt,data/masks-original/train/frame_0500_f12967.png,2,1280,720,0.500436
frame_0501_f12993.jpg,501,train,600338a6bf8f98921c752a3109db448df30c8f37d514db2dcd00c4677ef3d0dc,frame402-802/500-549_completed/images/frame_0501_f12993.jpg,frame402-802/500-549_completed/annotations.xml,data/images/train/frame_0501_f12993.jpg,data/labels/train/frame_0501_f12993.txt,data/masks-original/train/frame_0501_f12993.png,2,1280,720,0.501569
frame_0502_f13019.jpg,502,train,f9ffb98607496a98b9720b0a8bb77358fec27cae0f979bdffc9d72d913e096fc,frame402-802/500-549_completed/images/frame_0502_f13019.jpg,frame402-802/500-549_completed/annotations.xml,data/images/train/frame_0502_f13019.jpg,data/labels/train/frame_0502_f13019.txt,data/masks-original/train/frame_0502_f13019.png,2,1280,720,0.522847
frame_0503_f13045.jpg,503,train,97ba8e4babc38a5fea2e7a7a4536e1c0920705b3c4f33f280e3af04cb63dab2b,frame402-802/500-549_completed/images/frame_0503_f13045.jpg,frame402-802/500-549_completed/annotations.xml,data/images/train/frame_0503_f13045.jpg,data/labels/train/frame_0503_f13045.txt,data/masks-original/train/frame_0503_f13045.png,2,1280,720,0.499932
frame_0504_f13071.jpg,504,train,4980dbf3022f98528d320d12f9271745032d9f4c85e359b1b16bb271e417412c,frame402-802/500-549_completed/images/frame_0504_f13071.jpg,frame402-802/500-549_completed/annotations.xml,data/images/train/frame_0504_f13071.jpg,data/labels/train/frame_0504_f13071.txt,data/masks-original/train/frame_0504_f13071.png,2,1280,720,0.522554
frame_0505_f13097.jpg,505,train,7ecb8b8fca46663ddba9d19b0acfc067cc3dc89beeb81cd22d8f76e68b1b5723,frame402-802/500-549_completed/images/frame_0505_f13097.jpg,frame402-802/500-549_completed/annotations.xml,data/images/train/frame_0505_f13097.jpg,data/labels/train/frame_0505_f13097.txt,data/masks-original/train/frame_0505_f13097.png,2,1280,720,0.522346
frame_0506_f13123.jpg,506,train,cbb46bc4fce7519420acfe1e5bd98d7af67c7e3f91ecfa80c8aaea872f31530a,frame402-802/500-549_completed/images/frame_0506_f13123.jpg,frame402-802/500-549_completed/annotations.xml,data/images/train/frame_0506_f13123.jpg,data/labels/train/frame_0506_f13123.txt,data/masks-original/train/frame_0506_f13123.png,2,1280,720,0.527788
frame_0507_f13149.jpg,507,train,915f837be5a222685533cf707185417ea9a359d42237c26c8696f3d62db06c96,frame402-802/500-549_completed/images/frame_0507_f13149.jpg,frame402-802/500-549_completed/annotations.xml,data/images/train/frame_0507_f13149.jpg,data/labels/train/frame_0507_f13149.txt,data/masks-original/train/frame_0507_f13149.png,2,1280,720,0.511704
frame_0508_f13175.jpg,508,train,1f9807517580aabcb52c3b8f68ad3dc66b476690a8599798959b38f68b2765e2,frame402-802/500-549_completed/images/frame_0508_f13175.jpg,frame402-802/500-549_completed/annotations.xml,data/images/train/frame_0508_f13175.jpg,data/labels/train/frame_0508_f13175.txt,data/masks-original/train/frame_0508_f13175.png,2,1280,720,0.518237
frame_0509_f13201.jpg,509,train,b5814c81bf8c8d79188894d0b7a5b2c20952f3239725f94e1df4e77022f4d51d,frame402-802/500-549_completed/images/frame_0509_f13201.jpg,frame402-802/500-549_completed/annotations.xml,data/images/train/frame_0509_f13201.jpg,data/labels/train/frame_0509_f13201.txt,data/masks-original/train/frame_0509_f13201.png,2,1280,720,0.509944
frame_0510_f13227.jpg,510,train,289dce8bcb03e02a124e257c16ed2f6bfe3ce5476c31b9dc3d8d7b8566dddcbb,frame402-802/500-549_completed/images/frame_0510_f13227.jpg,frame402-802/500-549_completed/annotations.xml,data/images/train/frame_0510_f13227.jpg,data/labels/train/frame_0510_f13227.txt,data/masks-original/train/frame_0510_f13227.png,2,1280,720,0.495461
frame_0511_f13253.jpg,511,train,3e31283cb301c2d605e99e2584216d9a66e98a942a186fec8aa2c2b4c6b99284,frame402-802/500-549_completed/images/frame_0511_f13253.jpg,frame402-802/500-549_completed/annotations.xml,data/images/train/frame_0511_f13253.jpg,data/labels/train/frame_0511_f13253.txt,data/masks-original/train/frame_0511_f13253.png,2,1280,720,0.520612
frame_0512_f13279.jpg,512,train,53671d6b27ac79688d4c63314a5e9c058fc0444e3a3854e54321814840a075a1,frame402-802/500-549_completed/images/frame_0512_f13279.jpg,frame402-802/500-549_completed/annotations.xml,data/images/train/frame_0512_f13279.jpg,data/labels/train/frame_0512_f13279.txt,data/masks-original/train/frame_0512_f13279.png,2,1280,720,0.505023
frame_0513_f13304.jpg,513,train,93d9d0b29cde9f042c23ced265ad96b38b976fc88a43996a591b67753718f2d3,frame402-802/500-549_completed/images/frame_0513_f13304.jpg,frame402-802/500-549_completed/annotations.xml,data/images/train/frame_0513_f13304.jpg,data/labels/train/frame_0513_f13304.txt,data/masks-original/train/frame_0513_f13304.png,2,1280,720,0.50663
frame_0514_f13330.jpg,514,train,470679ab8ae85f58fdd5604cfc15a1099217ec3d1874f430b8b7e24ace9877b4,frame402-802/500-549_completed/images/frame_0514_f13330.jpg,frame402-802/500-549_completed/annotations.xml,data/images/train/frame_0514_f13330.jpg,data/labels/train/frame_0514_f13330.txt,data/masks-original/train/frame_0514_f13330.png,2,1280,720,0.526339
frame_0515_f13356.jpg,515,train,f8eadd79d0e970aedd2258efe41a20e2216459f2b612d1adf6676ce0a9eb217f,frame402-802/500-549_completed/images/frame_0515_f13356.jpg,frame402-802/500-549_completed/annotations.xml,data/images/train/frame_0515_f13356.jpg,data/labels/train/frame_0515_f13356.txt,data/masks-original/train/frame_0515_f13356.png,2,1280,720,0.527487
frame_0516_f13382.jpg,516,train,e6702a2147fac4b722110dd3301bd8a77b66b7df40c25020afdb059634f4ce7b,frame402-802/500-549_completed/images/frame_0516_f13382.jpg,frame402-802/500-549_completed/annotations.xml,data/images/train/frame_0516_f13382.jpg,data/labels/train/frame_0516_f13382.txt,data/masks-original/train/frame_0516_f13382.png,2,1280,720,0.495585
frame_0517_f13408.jpg,517,train,2fc80dd7b779f6260af79e0261c2436bc30c44ec79c7bbff6515d1b4a97e3a49,frame402-802/500-549_completed/images/frame_0517_f13408.jpg,frame402-802/500-549_completed/annotations.xml,data/images/train/frame_0517_f13408.jpg,data/labels/train/frame_0517_f13408.txt,data/masks-original/train/frame_0517_f13408.png,2,1280,720,0.521561
frame_0518_f13434.jpg,518,train,201d8da6507d03b7a84a0035ec5fdfbdb4588401a38b0d385ddd99886f6b09f3,frame402-802/500-549_completed/images/frame_0518_f13434.jpg,frame402-802/500-549_completed/annotations.xml,data/images/train/frame_0518_f13434.jpg,data/labels/train/frame_0518_f13434.txt,data/masks-original/train/frame_0518_f13434.png,2,1280,720,0.515455
frame_0519_f13460.jpg,519,train,c177a064818795c4308a34da318d96699e885a69249721f8710bce05a53375e8,frame402-802/500-549_completed/images/frame_0519_f13460.jpg,frame402-802/500-549_completed/annotations.xml,data/images/train/frame_0519_f13460.jpg,data/labels/train/frame_0519_f13460.txt,data/masks-original/train/frame_0519_f13460.png,2,1280,720,0.518315
frame_0520_f13486.jpg,520,train,b4b1105dba21c3194920e1c32ef4225a532434c3103e900ba94eccdf35edcf1a,frame402-802/500-549_completed/images/frame_0520_f13486.jpg,frame402-802/500-549_completed/annotations.xml,data/images/train/frame_0520_f13486.jpg,data/labels/train/frame_0520_f13486.txt,data/masks-original/train/frame_0520_f13486.png,2,1280,720,0.508674
frame_0521_f13512.jpg,521,train,7294dbbeb52ea3c06c2b67b007ec2bb03e34d95fa4de7427b0affb06e5c196b1,frame402-802/500-549_completed/images/frame_0521_f13512.jpg,frame402-802/500-549_completed/annotations.xml,data/images/train/frame_0521_f13512.jpg,data/labels/train/frame_0521_f13512.txt,data/masks-original/train/frame_0521_f13512.png,2,1280,720,0.516799
frame_0522_f13538.jpg,522,train,3fb8d57b8d466c087bdd8ae847eca5d7a3bda5e94b522d4f22701f7f60675625,frame402-802/500-549_completed/images/frame_0522_f13538.jpg,frame402-802/500-549_completed/annotations.xml,data/images/train/frame_0522_f13538.jpg,data/labels/train/frame_0522_f13538.txt,data/masks-original/train/frame_0522_f13538.png,2,1280,720,0.528561
frame_0523_f13564.jpg,523,train,fccf6c26cb7dd54effc749d3755ae4bb7dfe67b353cfd819e9808a2f6215a15a,frame402-802/500-549_completed/images/frame_0523_f13564.jpg,frame402-802/500-549_completed/annotations.xml,data/images/train/frame_0523_f13564.jpg,data/labels/train/frame_0523_f13564.txt,data/masks-original/train/frame_0523_f13564.png,2,1280,720,0.499315
frame_0524_f13590.jpg,524,train,660d62e0a0d523e0a142b6f553ff72914d155fd1948c07ecb9c4855f268a4930,frame402-802/500-549_completed/images/frame_0524_f13590.jpg,frame402-802/500-549_completed/annotations.xml,data/images/train/frame_0524_f13590.jpg,data/labels/train/frame_0524_f13590.txt,data/masks-original/train/frame_0524_f13590.png,2,1280,720,0.516978
frame_0525_f13616.jpg,525,train,e380244b4348ce7214c57e249ea146ff484b5563e8a6b31c831b69692eb309dd,frame402-802/500-549_completed/images/frame_0525_f13616.jpg,frame402-802/500-549_completed/annotations.xml,data/images/train/frame_0525_f13616.jpg,data/labels/train/frame_0525_f13616.txt,data/masks-original/train/frame_0525_f13616.png,2,1280,720,0.506708
frame_0526_f13642.jpg,526,train,16fb6fe200e3d03b437623c6c06608a56d8adc78da6294548ae2174d6ba6a55d,frame402-802/500-549_completed/images/frame_0526_f13642.jpg,frame402-802/500-549_completed/annotations.xml,data/images/train/frame_0526_f13642.jpg,data/labels/train/frame_0526_f13642.txt,data/masks-original/train/frame_0526_f13642.png,2,1280,720,0.517511
frame_0527_f13668.jpg,527,train,cad417fe2bc3f1f63d77d29faed233134203fc0f6a13ddd8a6e75ab0a23fd0dd,frame402-802/500-549_completed/images/frame_0527_f13668.jpg,frame402-802/500-549_completed/annotations.xml,data/images/train/frame_0527_f13668.jpg,data/labels/train/frame_0527_f13668.txt,data/masks-original/train/frame_0527_f13668.png,2,1280,720,0.518071
frame_0528_f13693.jpg,528,train,06252f86f8a15e66badd39b41c2563049d8bec2b55425bbdf793e89d17ae6f7d,frame402-802/500-549_completed/images/frame_0528_f13693.jpg,frame402-802/500-549_completed/annotations.xml,data/images/train/frame_0528_f13693.jpg,data/labels/train/frame_0528_f13693.txt,data/masks-original/train/frame_0528_f13693.png,2,1280,720,0.507766
frame_0529_f13719.jpg,529,train,2a7827000b6461ce8a9f0a216d4090e7d0157a0f559b0f0696861d5db213ffdf,frame402-802/500-549_completed/images/frame_0529_f13719.jpg,frame402-802/500-549_completed/annotations.xml,data/images/train/frame_0529_f13719.jpg,data/labels/train/frame_0529_f13719.txt,data/masks-original/train/frame_0529_f13719.png,2,1280,720,0.518475
frame_0530_f13745.jpg,530,train,fa4766d5a46fe61a7ff8ef8f8337e36a7564d3b85d4143771294f2987c195da2,frame402-802/500-549_completed/images/frame_0530_f13745.jpg,frame402-802/500-549_completed/annotations.xml,data/images/train/frame_0530_f13745.jpg,data/labels/train/frame_0530_f13745.txt,data/masks-original/train/frame_0530_f13745.png,2,1280,720,0.509774
frame_0531_f13771.jpg,531,train,5a255a1d1bb0be6adf604d9049aafa5eacbb07948481e1727eb30a8d762463e0,frame402-802/500-549_completed/images/frame_0531_f13771.jpg,frame402-802/500-549_completed/annotations.xml,data/images/train/frame_0531_f13771.jpg,data/labels/train/frame_0531_f13771.txt,data/masks-original/train/frame_0531_f13771.png,2,1280,720,0.494975
frame_0532_f13797.jpg,532,train,27708beca1d6070f9addc655c08426b0b51091b4b0aad30ac3d44937ce026818,frame402-802/500-549_completed/images/frame_0532_f13797.jpg,frame402-802/500-549_completed/annotations.xml,data/images/train/frame_0532_f13797.jpg,data/labels/train/frame_0532_f13797.txt,data/masks-original/train/frame_0532_f13797.png,2,1280,720,0.514932
frame_0533_f13823.jpg,533,train,dd042453055269d6ab61a8e501de361f672c14ceda4280b91df0213f7883ea3a,frame402-802/500-549_completed/images/frame_0533_f13823.jpg,frame402-802/500-549_completed/annotations.xml,data/images/train/frame_0533_f13823.jpg,data/labels/train/frame_0533_f13823.txt,data/masks-original/train/frame_0533_f13823.png,2,1280,720,0.503643
frame_0534_f13849.jpg,534,train,d7701f6ff650fe6cc749600f294e396eb1d677740426370618a94e0f2cf24c73,frame402-802/500-549_completed/images/frame_0534_f13849.jpg,frame402-802/500-549_completed/annotations.xml,data/images/train/frame_0534_f13849.jpg,data/labels/train/frame_0534_f13849.txt,data/masks-original/train/frame_0534_f13849.png,2,1280,720,0.516119
frame_0535_f13875.jpg,535,train,0517de79882f4176a820d2fd191773b95c6b27e477eb90332df5a38163d12eac,frame402-802/500-549_completed/images/frame_0535_f13875.jpg,frame402-802/500-549_completed/annotations.xml,data/images/train/frame_0535_f13875.jpg,data/labels/train/frame_0535_f13875.txt,data/masks-original/train/frame_0535_f13875.png,2,1280,720,0.516208
frame_0536_f13901.jpg,536,train,ca4203e75088be8317c52acc0fa906f68e72471176bc385a94daf3aa87c6ece9,frame402-802/500-549_completed/images/frame_0536_f13901.jpg,frame402-802/500-549_completed/annotations.xml,data/images/train/frame_0536_f13901.jpg,data/labels/train/frame_0536_f13901.txt,data/masks-original/train/frame_0536_f13901.png,2,1280,720,0.501709
frame_0537_f13927.jpg,537,train,077f423ab4e505e9f991e24c47457abfb87c9b65b7ea8f1279a8ea6640bb5d79,frame402-802/500-549_completed/images/frame_0537_f13927.jpg,frame402-802/500-549_completed/annotations.xml,data/images/train/frame_0537_f13927.jpg,data/labels/train/frame_0537_f13927.txt,data/masks-original/train/frame_0537_f13927.png,2,1280,720,0.487738
frame_0538_f13953.jpg,538,train,321f724a9a55663d249d407a998db62cb5fcd6fb4bc07f3515fd82704d8a3cc6,frame402-802/500-549_completed/images/frame_0538_f13953.jpg,frame402-802/500-549_completed/annotations.xml,data/images/train/frame_0538_f13953.jpg,data/labels/train/frame_0538_f13953.txt,data/masks-original/train/frame_0538_f13953.png,2,1280,720,0.515805
frame_0539_f13979.jpg,539,train,1cee72bd020a29784ab35dfe9c463553e9fc51ee3a55bd9210fb75ba693800d9,frame402-802/500-549_completed/images/frame_0539_f13979.jpg,frame402-802/500-549_completed/annotations.xml,data/images/train/frame_0539_f13979.jpg,data/labels/train/frame_0539_f13979.txt,data/masks-original/train/frame_0539_f13979.png,2,1280,720,0.517972
frame_0540_f14005.jpg,540,train,1e3dbe7db45e117e8dfe46995e17acad71b103d64cec594549cd8e0578b4c48d,frame402-802/500-549_completed/images/frame_0540_f14005.jpg,frame402-802/500-549_completed/annotations.xml,data/images/train/frame_0540_f14005.jpg,data/labels/train/frame_0540_f14005.txt,data/masks-original/train/frame_0540_f14005.png,2,1280,720,0.511395
frame_0541_f14031.jpg,541,train,b5d2d5442a650c6dbd53653797ceadb9fac6c445762947c765c1e2464455b131,frame402-802/500-549_completed/images/frame_0541_f14031.jpg,frame402-802/500-549_completed/annotations.xml,data/images/train/frame_0541_f14031.jpg,data/labels/train/frame_0541_f14031.txt,data/masks-original/train/frame_0541_f14031.png,2,1280,720,0.492556
frame_0542_f14057.jpg,542,train,424714d7fe34fa92f20805aaf2e520a20ab0afebba5226c693a95698829143a8,frame402-802/500-549_completed/images/frame_0542_f14057.jpg,frame402-802/500-549_completed/annotations.xml,data/images/train/frame_0542_f14057.jpg,data/labels/train/frame_0542_f14057.txt,data/masks-original/train/frame_0542_f14057.png,2,1280,720,0.517349
frame_0543_f14083.jpg,543,train,1e14482d0851b21f801b2048d997db5af18ea3b6cad265a110518a6ead86e521,frame402-802/500-549_completed/images/frame_0543_f14083.jpg,frame402-802/500-549_completed/annotations.xml,data/images/train/frame_0543_f14083.jpg,data/labels/train/frame_0543_f14083.txt,data/masks-original/train/frame_0543_f14083.png,2,1280,720,0.506162
frame_0545_f14134.jpg,545,train,c9aa6d9f787780932abadaa5e19ca096a28baaa2ac06050cd1ba4b89bcdad178,frame402-802/500-549_completed/images/frame_0545_f14134.jpg,frame402-802/500-549_completed/annotations.xml,data/images/train/frame_0545_f14134.jpg,data/labels/train/frame_0545_f14134.txt,data/masks-original/train/frame_0545_f14134.png,2,1280,720,0.517065
frame_0546_f14160.jpg,546,train,ab1f84978d15683aeee3e3455adbf4b830878a2075188cd5ef8407461e701fac,frame402-802/500-549_completed/images/frame_0546_f14160.jpg,frame402-802/500-549_completed/annotations.xml,data/images/train/frame_0546_f14160.jpg,data/labels/train/frame_0546_f14160.txt,data/masks-original/train/frame_0546_f14160.png,2,1280,720,0.522779
frame_0547_f14186.jpg,547,train,4080db8d7a781166b3655401ab1b589ed1bbd0246ab7617ca65d3200a3fdaa3e,frame402-802/500-549_completed/images/frame_0547_f14186.jpg,frame402-802/500-549_completed/annotations.xml,data/images/train/frame_0547_f14186.jpg,data/labels/train/frame_0547_f14186.txt,data/masks-original/train/frame_0547_f14186.png,2,1280,720,0.513524
frame_0548_f14212.jpg,548,train,19f82b5294aa4f20e604b32bf269e7720605cc022c3539031fb4b68f2f65255a,frame402-802/500-549_completed/images/frame_0548_f14212.jpg,frame402-802/500-549_completed/annotations.xml,data/images/train/frame_0548_f14212.jpg,data/labels/train/frame_0548_f14212.txt,data/masks-original/train/frame_0548_f14212.png,2,1280,720,0.503375
frame_0549_f14238.jpg,549,train,702e3da73903f0219e004b8f2277fc1e14abc8d81c5622a3a741e80def60942d,frame402-802/500-549_completed/images/frame_0549_f14238.jpg,frame402-802/500-549_completed/annotations.xml,data/images/train/frame_0549_f14238.jpg,data/labels/train/frame_0549_f14238.txt,data/masks-original/train/frame_0549_f14238.png,2,1280,720,0.510499
frame_0550_f14264.jpg,550,train,74649cdd25a11d30dcba4dd0324aae1950a2d5dcb84c54012a9302b8160c1211,frame402-802/550-599_completed/images/frame_0550_f14264.jpg,frame402-802/550-599_completed/annotations.xml,data/images/train/frame_0550_f14264.jpg,data/labels/train/frame_0550_f14264.txt,data/masks-original/train/frame_0550_f14264.png,2,1280,720,0.509066
frame_0551_f14290.jpg,551,train,1784bbb0ef2840059450cc50b5a6a049fca22be365b812bc4df631f5900ffddf,frame402-802/550-599_completed/images/frame_0551_f14290.jpg,frame402-802/550-599_completed/annotations.xml,data/images/train/frame_0551_f14290.jpg,data/labels/train/frame_0551_f14290.txt,data/masks-original/train/frame_0551_f14290.png,2,1280,720,0.510217
frame_0552_f14316.jpg,552,train,f1f49c9a06ff0d6f42e353f833d0463208c83771fe8e417093bdac74030dc60c,frame402-802/550-599_completed/images/frame_0552_f14316.jpg,frame402-802/550-599_completed/annotations.xml,data/images/train/frame_0552_f14316.jpg,data/labels/train/frame_0552_f14316.txt,data/masks-original/train/frame_0552_f14316.png,2,1280,720,0.500537
frame_0553_f14342.jpg,553,train,f3b502495a28ea4d98101e11ef4798ec1ea4612cd464ddb0c0af6fe3a2ff184f,frame402-802/550-599_completed/images/frame_0553_f14342.jpg,frame402-802/550-599_completed/annotations.xml,data/images/train/frame_0553_f14342.jpg,data/labels/train/frame_0553_f14342.txt,data/masks-original/train/frame_0553_f14342.png,2,1280,720,0.511814
frame_0554_f14368.jpg,554,train,a37460d02541f301f16349a51f2e93f621c521fe11f6918c7884830a862973c4,frame402-802/550-599_completed/images/frame_0554_f14368.jpg,frame402-802/550-599_completed/annotations.xml,data/images/train/frame_0554_f14368.jpg,data/labels/train/frame_0554_f14368.txt,data/masks-original/train/frame_0554_f14368.png,2,1280,720,0.513065
frame_0555_f14394.jpg,555,train,55e43a982dba08b912e9cd25847b47fc219ff12c18532905195d4a7826147e47,frame402-802/550-599_completed/images/frame_0555_f14394.jpg,frame402-802/550-599_completed/annotations.xml,data/images/train/frame_0555_f14394.jpg,data/labels/train/frame_0555_f14394.txt,data/masks-original/train/frame_0555_f14394.png,2,1280,720,0.510405
frame_0556_f14420.jpg,556,train,75924e4db8fb50dd5de0b282a05999a96abd20ee8bdffdd1447d752baf785b93,frame402-802/550-599_completed/images/frame_0556_f14420.jpg,frame402-802/550-599_completed/annotations.xml,data/images/train/frame_0556_f14420.jpg,data/labels/train/frame_0556_f14420.txt,data/masks-original/train/frame_0556_f14420.png,2,1280,720,0.509953
frame_0557_f14446.jpg,557,train,26ff15e2a6970c40bd89eb672800f3ebe13a9c43eef6c2bc5dfa3483ee0d94a5,frame402-802/550-599_completed/images/frame_0557_f14446.jpg,frame402-802/550-599_completed/annotations.xml,data/images/train/frame_0557_f14446.jpg,data/labels/train/frame_0557_f14446.txt,data/masks-original/train/frame_0557_f14446.png,2,1280,720,0.518362
frame_0558_f14472.jpg,558,train,23ed82dfe612a4c498a0008e7b52e890fe8334f8333e06946e0d96f735f8edbe,frame402-802/550-599_completed/images/frame_0558_f14472.jpg,frame402-802/550-599_completed/annotations.xml,data/images/train/frame_0558_f14472.jpg,data/labels/train/frame_0558_f14472.txt,data/masks-original/train/frame_0558_f14472.png,2,1280,720,0.512943
frame_0559_f14497.jpg,559,train,3984e478f9cb21e8f161a5cc472cedf2b15ae4f14b1609e6182a2a693813a071,frame402-802/550-599_completed/images/frame_0559_f14497.jpg,frame402-802/550-599_completed/annotations.xml,data/images/train/frame_0559_f14497.jpg,data/labels/train/frame_0559_f14497.txt,data/masks-original/train/frame_0559_f14497.png,2,1280,720,0.511554
frame_0560_f14523.jpg,560,train,6933c484b94987ea02d7113fc0b34371e604afb62e6ca4f6266cdab8eb54399f,frame402-802/550-599_completed/images/frame_0560_f14523.jpg,frame402-802/550-599_completed/annotations.xml,data/images/train/frame_0560_f14523.jpg,data/labels/train/frame_0560_f14523.txt,data/masks-original/train/frame_0560_f14523.png,2,1280,720,0.496018
frame_0561_f14549.jpg,561,train,2e7a7158a239580b85832eac3325200b6701645e4dbbffac880cbb58fc4fd285,frame402-802/550-599_completed/images/frame_0561_f14549.jpg,frame402-802/550-599_completed/annotations.xml,data/images/train/frame_0561_f14549.jpg,data/labels/train/frame_0561_f14549.txt,data/masks-original/train/frame_0561_f14549.png,2,1280,720,0.531076
frame_0562_f14575.jpg,562,train,1084e89a86d019b5383641dca63cc9fc46587cc7ebf464a58f02b0f19488d328,frame402-802/550-599_completed/images/frame_0562_f14575.jpg,frame402-802/550-599_completed/annotations.xml,data/images/train/frame_0562_f14575.jpg,data/labels/train/frame_0562_f14575.txt,data/masks-original/train/frame_0562_f14575.png,2,1280,720,0.514635
frame_0563_f14601.jpg,563,train,2e38ccea845641bb81de417460655a32150dc2ba034dee783dfae42d6b12eafe,frame402-802/550-599_completed/images/frame_0563_f14601.jpg,frame402-802/550-599_completed/annotations.xml,data/images/train/frame_0563_f14601.jpg,data/labels/train/frame_0563_f14601.txt,data/masks-original/train/frame_0563_f14601.png,2,1280,720,0.521603
frame_0564_f14627.jpg,564,train,4627950e7f76abfa3bfdf0bb4f8b2850b3ccad32e7b5cbc707e96a4327957164,frame402-802/550-599_completed/images/frame_0564_f14627.jpg,frame402-802/550-599_completed/annotations.xml,data/images/train/frame_0564_f14627.jpg,data/labels/train/frame_0564_f14627.txt,data/masks-original/train/frame_0564_f14627.png,2,1280,720,0.511752
frame_0565_f14653.jpg,565,train,3762a51699a649e0eeeefed7e7cae65fc837f58a3d9b0073bac8337be5802084,frame402-802/550-599_completed/images/frame_0565_f14653.jpg,frame402-802/550-599_completed/annotations.xml,data/images/train/frame_0565_f14653.jpg,data/labels/train/frame_0565_f14653.txt,data/masks-original/train/frame_0565_f14653.png,2,1280,720,0.499191
frame_0566_f14679.jpg,566,train,48d4b3a9f644e3963908c342c75f355d56661e0a06d8c98e470df3699f253070,frame402-802/550-599_completed/images/frame_0566_f14679.jpg,frame402-802/550-599_completed/annotations.xml,data/images/train/frame_0566_f14679.jpg,data/labels/train/frame_0566_f14679.txt,data/masks-original/train/frame_0566_f14679.png,2,1280,720,0.50256
frame_0567_f14705.jpg,567,train,d0ddcb046b1e085b192024d23b6fb7329eb2234f2ab89729317218561378c428,frame402-802/550-599_completed/images/frame_0567_f14705.jpg,frame402-802/550-599_completed/annotations.xml,data/images/train/frame_0567_f14705.jpg,data/labels/train/frame_0567_f14705.txt,data/masks-original/train/frame_0567_f14705.png,2,1280,720,0.513816
frame_0568_f14731.jpg,568,train,48bfe6003378a29193e917039e014401b273541813b566d5b013dc225fbecb03,frame402-802/550-599_completed/images/frame_0568_f14731.jpg,frame402-802/550-599_completed/annotations.xml,data/images/train/frame_0568_f14731.jpg,data/labels/train/frame_0568_f14731.txt,data/masks-original/train/frame_0568_f14731.png,2,1280,720,0.499782
frame_0569_f14757.jpg,569,train,f2dfe1bf2edc4b1c48818818467b68bf812c8b895f4f055978b93ef57f2d63c6,frame402-802/550-599_completed/images/frame_0569_f14757.jpg,frame402-802/550-599_completed/annotations.xml,data/images/train/frame_0569_f14757.jpg,data/labels/train/frame_0569_f14757.txt,data/masks-original/train/frame_0569_f14757.png,2,1280,720,0.50975
frame_0570_f14783.jpg,570,train,f79d948533bfa52e2a1973e833765dc6f5ae3591717752d8b6f290839b7f28eb,frame402-802/550-599_completed/images/frame_0570_f14783.jpg,frame402-802/550-599_completed/annotations.xml,data/images/train/frame_0570_f14783.jpg,data/labels/train/frame_0570_f14783.txt,data/masks-original/train/frame_0570_f14783.png,2,1280,720,0.502083
frame_0571_f14809.jpg,571,train,b3a8e165d8643cd9d26e14275ba80e3b651caed4758394c7815bf625b658a5f0,frame402-802/550-599_completed/images/frame_0571_f14809.jpg,frame402-802/550-599_completed/annotations.xml,data/images/train/frame_0571_f14809.jpg,data/labels/train/frame_0571_f14809.txt,data/masks-original/train/frame_0571_f14809.png,2,1280,720,0.516871
frame_0572_f14835.jpg,572,train,d51c0fbbeb3e497bd19bdc0fb82fcbd2b8b362b164de8e1574c5b992eb96d5cf,frame402-802/550-599_completed/images/frame_0572_f14835.jpg,frame402-802/550-599_completed/annotations.xml,data/images/train/frame_0572_f14835.jpg,data/labels/train/frame_0572_f14835.txt,data/masks-original/train/frame_0572_f14835.png,2,1280,720,0.516603
frame_0573_f14861.jpg,573,train,b802626b10da89fde0c95fa306696bd8c21edcaf3efc9d27a0d0d261185994cf,frame402-802/550-599_completed/images/frame_0573_f14861.jpg,frame402-802/550-599_completed/annotations.xml,data/images/train/frame_0573_f14861.jpg,data/labels/train/frame_0573_f14861.txt,data/masks-original/train/frame_0573_f14861.png,2,1280,720,0.504709
frame_0574_f14886.jpg,574,train,c3b46de8a25b2014bd6987b170e13dba5931303574dde5b5dbdc978bc9d53779,frame402-802/550-599_completed/images/frame_0574_f14886.jpg,frame402-802/550-599_completed/annotations.xml,data/images/train/frame_0574_f14886.jpg,data/labels/train/frame_0574_f14886.txt,data/masks-original/train/frame_0574_f14886.png,2,1280,720,0.514692
frame_0575_f14912.jpg,575,train,b79095088155b972963573e9913f83f939783c15b4872a5dbb84ea2491c2b792,frame402-802/550-599_completed/images/frame_0575_f14912.jpg,frame402-802/550-599_completed/annotations.xml,data/images/train/frame_0575_f14912.jpg,data/labels/train/frame_0575_f14912.txt,data/masks-original/train/frame_0575_f14912.png,2,1280,720,0.514007
frame_0576_f14938.jpg,576,train,7925b8e951671c39838e63aa103e26a3bfe0e0a4e5f75ac257733980232d1f02,frame402-802/550-599_completed/images/frame_0576_f14938.jpg,frame402-802/550-599_completed/annotations.xml,data/images/train/frame_0576_f14938.jpg,data/labels/train/frame_0576_f14938.txt,data/masks-original/train/frame_0576_f14938.png,2,1280,720,0.511766
frame_0577_f14964.jpg,577,train,7069f32a933f7a46523185f9ecd3af3e58a9e0cc872fcb183a96c70326c86623,frame402-802/550-599_completed/images/frame_0577_f14964.jpg,frame402-802/550-599_completed/annotations.xml,data/images/train/frame_0577_f14964.jpg,data/labels/train/frame_0577_f14964.txt,data/masks-original/train/frame_0577_f14964.png,2,1280,720,0.517759
frame_0578_f14990.jpg,578,train,ce85f4c423c487fec546ee1e44de0e832694d273f8854482155680905447ef72,frame402-802/550-599_completed/images/frame_0578_f14990.jpg,frame402-802/550-599_completed/annotations.xml,data/images/train/frame_0578_f14990.jpg,data/labels/train/frame_0578_f14990.txt,data/masks-original/train/frame_0578_f14990.png,2,1280,720,0.509322
frame_0579_f15016.jpg,579,train,4957d24fb0c179777f075f0412812e5d09beee6fa1a98de273bc79cf0ee48096,frame402-802/550-599_completed/images/frame_0579_f15016.jpg,frame402-802/550-599_completed/annotations.xml,data/images/train/frame_0579_f15016.jpg,data/labels/train/frame_0579_f15016.txt,data/masks-original/train/frame_0579_f15016.png,2,1280,720,0.514797
frame_0580_f15042.jpg,580,train,4a4d36dbb6f7cf5163efed86185ebbc9fa3f7f23b5f2cbc77e5dc9498c7f3ab7,frame402-802/550-599_completed/images/frame_0580_f15042.jpg,frame402-802/550-599_completed/annotations.xml,data/images/train/frame_0580_f15042.jpg,data/labels/train/frame_0580_f15042.txt,data/masks-original/train/frame_0580_f15042.png,2,1280,720,0.518079
frame_0581_f15068.jpg,581,train,4dffa3243cac2678464f2c460e1c501ea316ea09607fdef1dd4eaefa8a43c24c,frame402-802/550-599_completed/images/frame_0581_f15068.jpg,frame402-802/550-599_completed/annotations.xml,data/images/train/frame_0581_f15068.jpg,data/labels/train/frame_0581_f15068.txt,data/masks-original/train/frame_0581_f15068.png,2,1280,720,0.503497
frame_0582_f15094.jpg,582,train,09425b36394816256bad1ddfaff372a2163512da63ead00420d8eaf48ba5d345,frame402-802/550-599_completed/images/frame_0582_f15094.jpg,frame402-802/550-599_completed/annotations.xml,data/images/train/frame_0582_f15094.jpg,data/labels/train/frame_0582_f15094.txt,data/masks-original/train/frame_0582_f15094.png,2,1280,720,0.519824
frame_0583_f15120.jpg,583,train,fb0771e6b2ad8de995d8c207a343dfd5c3fff6eb9156a55885cb72ad350822ea,frame402-802/550-599_completed/images/frame_0583_f15120.jpg,frame402-802/550-599_completed/annotations.xml,data/images/train/frame_0583_f15120.jpg,data/labels/train/frame_0583_f15120.txt,data/masks-original/train/frame_0583_f15120.png,2,1280,720,0.507629
frame_0584_f15146.jpg,584,train,f1aad8a0b95b08ae24d5758a34aacc79f5ef69f4a8ad94a7789b2505c5b0a4d6,frame402-802/550-599_completed/images/frame_0584_f15146.jpg,frame402-802/550-599_completed/annotations.xml,data/images/train/frame_0584_f15146.jpg,data/labels/train/frame_0584_f15146.txt,data/masks-original/train/frame_0584_f15146.png,2,1280,720,0.515085
frame_0585_f15172.jpg,585,train,34cc9220d268be3101c6a79f7647b357b5542f1109066690003096f9ef17690b,frame402-802/550-599_completed/images/frame_0585_f15172.jpg,frame402-802/550-599_completed/annotations.xml,data/images/train/frame_0585_f15172.jpg,data/labels/train/frame_0585_f15172.txt,data/masks-original/train/frame_0585_f15172.png,2,1280,720,0.517375
frame_0586_f15198.jpg,586,train,30a5313637046bf3c6b39853ae6c66a31547b940db36a16f0170d91697620dee,frame402-802/550-599_completed/images/frame_0586_f15198.jpg,frame402-802/550-599_completed/annotations.xml,data/images/train/frame_0586_f15198.jpg,data/labels/train/frame_0586_f15198.txt,data/masks-original/train/frame_0586_f15198.png,2,1280,720,0.506884
frame_0587_f15224.jpg,587,train,bbb4377fb1160fc48d6328f9f9e91c98ee2eb33aada773ae54b4416f82912315,frame402-802/550-599_completed/images/frame_0587_f15224.jpg,frame402-802/550-599_completed/annotations.xml,data/images/train/frame_0587_f15224.jpg,data/labels/train/frame_0587_f15224.txt,data/masks-original/train/frame_0587_f15224.png,2,1280,720,0.505375
frame_0588_f15250.jpg,588,train,c7c578cb67f133568c96e8287a17cf3a381bc8e1763daa2d51754e4a964ed17c,frame402-802/550-599_completed/images/frame_0588_f15250.jpg,frame402-802/550-599_completed/annotations.xml,data/images/train/frame_0588_f15250.jpg,data/labels/train/frame_0588_f15250.txt,data/masks-original/train/frame_0588_f15250.png,2,1280,720,0.513133
frame_0589_f15275.jpg,589,train,5f72bb5b6f286044aeeea80428d3b730f2fd72f37936dc2fd5adf5111ae982c0,frame402-802/550-599_completed/images/frame_0589_f15275.jpg,frame402-802/550-599_completed/annotations.xml,data/images/train/frame_0589_f15275.jpg,data/labels/train/frame_0589_f15275.txt,data/masks-original/train/frame_0589_f15275.png,2,1280,720,0.522609
frame_0590_f15301.jpg,590,train,51176e713a862bef06cc753e8bf92f380e62163dd3ba8c9d271ba1d73efc662b,frame402-802/550-599_completed/images/frame_0590_f15301.jpg,frame402-802/550-599_completed/annotations.xml,data/images/train/frame_0590_f15301.jpg,data/labels/train/frame_0590_f15301.txt,data/masks-original/train/frame_0590_f15301.png,2,1280,720,0.511199
frame_0591_f15327.jpg,591,train,6400bca59eea4a851c650a3af3ac0fff54f3522aa724794eccc102a1e7e9839b,frame402-802/550-599_completed/images/frame_0591_f15327.jpg,frame402-802/550-599_completed/annotations.xml,data/images/train/frame_0591_f15327.jpg,data/labels/train/frame_0591_f15327.txt,data/masks-original/train/frame_0591_f15327.png,2,1280,720,0.506023
frame_0592_f15353.jpg,592,train,842c20f28a8425494f310c23075eef7a20802fc7e4558179f22b87e7213b63f4,frame402-802/550-599_completed/images/frame_0592_f15353.jpg,frame402-802/550-599_completed/annotations.xml,data/images/train/frame_0592_f15353.jpg,data/labels/train/frame_0592_f15353.txt,data/masks-original/train/frame_0592_f15353.png,2,1280,720,0.506016
frame_0593_f15379.jpg,593,train,0829d4173600b70e5daa01ae43920d48ad9393bb52cea6033ed63a279bd62779,frame402-802/550-599_completed/images/frame_0593_f15379.jpg,frame402-802/550-599_completed/annotations.xml,data/images/train/frame_0593_f15379.jpg,data/labels/train/frame_0593_f15379.txt,data/masks-original/train/frame_0593_f15379.png,2,1280,720,0.497932
frame_0594_f15405.jpg,594,train,28e72df6ed55f138160fa823fa9ec2502476fc2598c2eb884a3e03719fcce367,frame402-802/550-599_completed/images/frame_0594_f15405.jpg,frame402-802/550-599_completed/annotations.xml,data/images/train/frame_0594_f15405.jpg,data/labels/train/frame_0594_f15405.txt,data/masks-original/train/frame_0594_f15405.png,2,1280,720,0.515607
frame_0595_f15431.jpg,595,train,2e07cd85db28589b417f6763045ebdd00d1b91043596ba9e877838a0271289ab,frame402-802/550-599_completed/images/frame_0595_f15431.jpg,frame402-802/550-599_completed/annotations.xml,data/images/train/frame_0595_f15431.jpg,data/labels/train/frame_0595_f15431.txt,data/masks-original/train/frame_0595_f15431.png,2,1280,720,0.509706
frame_0596_f15457.jpg,596,train,b47478cadedb770cd41f62dacf774ccc279faf1a620afb048e075f2e5b290cc3,frame402-802/550-599_completed/images/frame_0596_f15457.jpg,frame402-802/550-599_completed/annotations.xml,data/images/train/frame_0596_f15457.jpg,data/labels/train/frame_0596_f15457.txt,data/masks-original/train/frame_0596_f15457.png,2,1280,720,0.523508
frame_0597_f15483.jpg,597,train,8859ef124e4a0514f2648f20253eb93e2bfd1c66514a541ff071bc656d722ea6,frame402-802/550-599_completed/images/frame_0597_f15483.jpg,frame402-802/550-599_completed/annotations.xml,data/images/train/frame_0597_f15483.jpg,data/labels/train/frame_0597_f15483.txt,data/masks-original/train/frame_0597_f15483.png,2,1280,720,0.530715
frame_0598_f15509.jpg,598,train,9eb6d72c07c79d4509ab7b35ec23a3ef55af963cefb5a15449f74affe87d0a89,frame402-802/550-599_completed/images/frame_0598_f15509.jpg,frame402-802/550-599_completed/annotations.xml,data/images/train/frame_0598_f15509.jpg,data/labels/train/frame_0598_f15509.txt,data/masks-original/train/frame_0598_f15509.png,2,1280,720,0.51965
frame_0599_f15535.jpg,599,train,b5752644000629f0c353a443cfb38e83a7be61e3a7ad709f7dda5295043a5b78,frame402-802/550-599_completed/images/frame_0599_f15535.jpg,frame402-802/550-599_completed/annotations.xml,data/images/train/frame_0599_f15535.jpg,data/labels/train/frame_0599_f15535.txt,data/masks-original/train/frame_0599_f15535.png,2,1280,720,0.500951
frame_0600_f15561.jpg,600,train,5b6dcff819e7008f5bcf96c29c2fc825aaef9a55c3b86fe00a3e625e0aa98dd7,frame402-802/600-649_completed/images/frame_0600_f15561.jpg,frame402-802/600-649_completed/annotations.xml,data/images/train/frame_0600_f15561.jpg,data/labels/train/frame_0600_f15561.txt,data/masks-original/train/frame_0600_f15561.png,2,1280,720,0.502726
frame_0601_f15587.jpg,601,train,dae443ceb9e4c8ed23c5aec2d95af04d64d836d1f15ba11bd84dda72b2de59d2,frame402-802/600-649_completed/images/frame_0601_f15587.jpg,frame402-802/600-649_completed/annotations.xml,data/images/train/frame_0601_f15587.jpg,data/labels/train/frame_0601_f15587.txt,data/masks-original/train/frame_0601_f15587.png,2,1280,720,0.490855
frame_0602_f15613.jpg,602,train,3a56ff320464bdc134ffd54683e59197f63e503a54f204d78de200ede97846f3,frame402-802/600-649_completed/images/frame_0602_f15613.jpg,frame402-802/600-649_completed/annotations.xml,data/images/train/frame_0602_f15613.jpg,data/labels/train/frame_0602_f15613.txt,data/masks-original/train/frame_0602_f15613.png,2,1280,720,0.497301
frame_0603_f15639.jpg,603,train,db504fac3ada570cbb8333324286687a05af0be2a2c31a8d991e033efa4d8077,frame402-802/600-649_completed/images/frame_0603_f15639.jpg,frame402-802/600-649_completed/annotations.xml,data/images/train/frame_0603_f15639.jpg,data/labels/train/frame_0603_f15639.txt,data/masks-original/train/frame_0603_f15639.png,2,1280,720,0.516966
frame_0604_f15665.jpg,604,train,44d69ae5d9b320909623f3645dbdb59228f50ed57b30167aa9138cf6c1537c46,frame402-802/600-649_completed/images/frame_0604_f15665.jpg,frame402-802/600-649_completed/annotations.xml,data/images/train/frame_0604_f15665.jpg,data/labels/train/frame_0604_f15665.txt,data/masks-original/train/frame_0604_f15665.png,2,1280,720,0.522744
frame_0605_f15690.jpg,605,train,5e375fac57d75fb7a281c8450397adf53eeae75d55252886805fe845d61c6a8b,frame402-802/600-649_completed/images/frame_0605_f15690.jpg,frame402-802/600-649_completed/annotations.xml,data/images/train/frame_0605_f15690.jpg,data/labels/train/frame_0605_f15690.txt,data/masks-original/train/frame_0605_f15690.png,2,1280,720,0.513385
frame_0606_f15716.jpg,606,train,43f3e82c2251074f5f0f91d37901cec98d710a9783a4328feb3d2e367d691d77,frame402-802/600-649_completed/images/frame_0606_f15716.jpg,frame402-802/600-649_completed/annotations.xml,data/images/train/frame_0606_f15716.jpg,data/labels/train/frame_0606_f15716.txt,data/masks-original/train/frame_0606_f15716.png,2,1280,720,0.486041
frame_0607_f15742.jpg,607,train,5610a48260cd01e8e630db40eca84e273830ef47b94e79915841124893c082c0,frame402-802/600-649_completed/images/frame_0607_f15742.jpg,frame402-802/600-649_completed/annotations.xml,data/images/train/frame_0607_f15742.jpg,data/labels/train/frame_0607_f15742.txt,data/masks-original/train/frame_0607_f15742.png,2,1280,720,0.494153
frame_0608_f15768.jpg,608,train,8e8916a5e83574eb65a205ecdcd8b60704bfec64bc30da2d95970ba7f8f6e1ef,frame402-802/600-649_completed/images/frame_0608_f15768.jpg,frame402-802/600-649_completed/annotations.xml,data/images/train/frame_0608_f15768.jpg,data/labels/train/frame_0608_f15768.txt,data/masks-original/train/frame_0608_f15768.png,2,1280,720,0.50506
frame_0609_f15794.jpg,609,train,f9fda7ac3aaee3c6f4a66e9ce4965e4c2051daebdd7a62cac720dd4111e14f5e,frame402-802/600-649_completed/images/frame_0609_f15794.jpg,frame402-802/600-649_completed/annotations.xml,data/images/train/frame_0609_f15794.jpg,data/labels/train/frame_0609_f15794.txt,data/masks-original/train/frame_0609_f15794.png,2,1280,720,0.496977
frame_0610_f15820.jpg,610,train,18b05877a0748e0bdb758e34a05df7849f198739845a41d55aab310cad3293da,frame402-802/600-649_completed/images/frame_0610_f15820.jpg,frame402-802/600-649_completed/annotations.xml,data/images/train/frame_0610_f15820.jpg,data/labels/train/frame_0610_f15820.txt,data/masks-original/train/frame_0610_f15820.png,2,1280,720,0.52296
frame_0611_f15846.jpg,611,train,2668d21abffeb4c5f511a9c1ac3a71cff395ed09784b6227a440cd9d667ba806,frame402-802/600-649_completed/images/frame_0611_f15846.jpg,frame402-802/600-649_completed/annotations.xml,data/images/train/frame_0611_f15846.jpg,data/labels/train/frame_0611_f15846.txt,data/masks-original/train/frame_0611_f15846.png,2,1280,720,0.523079
frame_0612_f15872.jpg,612,train,ef1ab0595dd6303eaf6c65ad310952ed8c2145bdc79fa37c7911388a6bb4014a,frame402-802/600-649_completed/images/frame_0612_f15872.jpg,frame402-802/600-649_completed/annotations.xml,data/images/train/frame_0612_f15872.jpg,data/labels/train/frame_0612_f15872.txt,data/masks-original/train/frame_0612_f15872.png,2,1280,720,0.517378
frame_0613_f15898.jpg,613,train,b703d1dc1431b6aa19bd48689960d6da04ba04c64169d4e417abab7afeed404c,frame402-802/600-649_completed/images/frame_0613_f15898.jpg,frame402-802/600-649_completed/annotations.xml,data/images/train/frame_0613_f15898.jpg,data/labels/train/frame_0613_f15898.txt,data/masks-original/train/frame_0613_f15898.png,2,1280,720,0.519431
frame_0614_f15924.jpg,614,train,d22d8954986a029d264afae2ce64853cb11b3f033bea164112e5a3b7bc733663,frame402-802/600-649_completed/images/frame_0614_f15924.jpg,frame402-802/600-649_completed/annotations.xml,data/images/train/frame_0614_f15924.jpg,data/labels/train/frame_0614_f15924.txt,data/masks-original/train/frame_0614_f15924.png,2,1280,720,0.514542
frame_0615_f15950.jpg,615,train,85dd8357fdf44519153f514d0ce9d35101c722976e0e1695a23fd4ed2fc1736c,frame402-802/600-649_completed/images/frame_0615_f15950.jpg,frame402-802/600-649_completed/annotations.xml,data/images/train/frame_0615_f15950.jpg,data/labels/train/frame_0615_f15950.txt,data/masks-original/train/frame_0615_f15950.png,2,1280,720,0.506018
frame_0616_f15976.jpg,616,train,50e04c5ce3d785bbb69162cfb95841076fb34ff2dc868b1d6fde4c901ac4ca56,frame402-802/600-649_completed/images/frame_0616_f15976.jpg,frame402-802/600-649_completed/annotations.xml,data/images/train/frame_0616_f15976.jpg,data/labels/train/frame_0616_f15976.txt,data/masks-original/train/frame_0616_f15976.png,2,1280,720,0.495298
frame_0617_f16002.jpg,617,train,6a0ba96892feca6b074c00b3839c9064cd69721faa145f811aba717f18d284af,frame402-802/600-649_completed/images/frame_0617_f16002.jpg,frame402-802/600-649_completed/annotations.xml,data/images/train/frame_0617_f16002.jpg,data/labels/train/frame_0617_f16002.txt,data/masks-original/train/frame_0617_f16002.png,2,1280,720,0.518745
frame_0618_f16028.jpg,618,train,c15d2b975ae9a15867ee9f10cf07fdd3077226eb45bce428054f0e5daffc41e4,frame402-802/600-649_completed/images/frame_0618_f16028.jpg,frame402-802/600-649_completed/annotations.xml,data/images/train/frame_0618_f16028.jpg,data/labels/train/frame_0618_f16028.txt,data/masks-original/train/frame_0618_f16028.png,2,1280,720,0.499118
frame_0619_f16054.jpg,619,train,e2ed18adfb75c035ee53f6ca0592ffbd4ea251933f19fa2dfb341f258c5fff98,frame402-802/600-649_completed/images/frame_0619_f16054.jpg,frame402-802/600-649_completed/annotations.xml,data/images/train/frame_0619_f16054.jpg,data/labels/train/frame_0619_f16054.txt,data/masks-original/train/frame_0619_f16054.png,2,1280,720,0.515481
frame_0620_f16079.jpg,620,train,3cd6c1ab76644f2e60f72551b887468a4c6b5195c0f105f1d564a6840c4fa376,frame402-802/600-649_completed/images/frame_0620_f16079.jpg,frame402-802/600-649_completed/annotations.xml,data/images/train/frame_0620_f16079.jpg,data/labels/train/frame_0620_f16079.txt,data/masks-original/train/frame_0620_f16079.png,2,1280,720,0.524194
frame_0621_f16105.jpg,621,train,e5bb824df7275651fc874c1762dda8ce6d7ced30c74ef60f54c8021761ca3fbf,frame402-802/600-649_completed/images/frame_0621_f16105.jpg,frame402-802/600-649_completed/annotations.xml,data/images/train/frame_0621_f16105.jpg,data/labels/train/frame_0621_f16105.txt,data/masks-original/train/frame_0621_f16105.png,2,1280,720,0.51112
frame_0622_f16131.jpg,622,train,269aae34cd985daa9e634ed4eb8a09a35806ffc3f6ad7665bad0efb226d93d97,frame402-802/600-649_completed/images/frame_0622_f16131.jpg,frame402-802/600-649_completed/annotations.xml,data/images/train/frame_0622_f16131.jpg,data/labels/train/frame_0622_f16131.txt,data/masks-original/train/frame_0622_f16131.png,2,1280,720,0.509378
frame_0623_f16157.jpg,623,train,eefe1dde05cfc16eb766b862467a3f9cfb34056f6d5cb759ae097f878f39c007,frame402-802/600-649_completed/images/frame_0623_f16157.jpg,frame402-802/600-649_completed/annotations.xml,data/images/train/frame_0623_f16157.jpg,data/labels/train/frame_0623_f16157.txt,data/masks-original/train/frame_0623_f16157.png,2,1280,720,0.513953
frame_0624_f16183.jpg,624,train,7d18a0f5b2785a0fc0b8a0972772f971a59c2fe21976cd1b129bca7c529d115a,frame402-802/600-649_completed/images/frame_0624_f16183.jpg,frame402-802/600-649_completed/annotations.xml,data/images/train/frame_0624_f16183.jpg,data/labels/train/frame_0624_f16183.txt,data/masks-original/train/frame_0624_f16183.png,2,1280,720,0.500941
frame_0625_f16209.jpg,625,train,593a2b44fb667718a41103e21723c3eff764dade15824baf9838780f5f709488,frame402-802/600-649_completed/images/frame_0625_f16209.jpg,frame402-802/600-649_completed/annotations.xml,data/images/train/frame_0625_f16209.jpg,data/labels/train/frame_0625_f16209.txt,data/masks-original/train/frame_0625_f16209.png,2,1280,720,0.523454
frame_0626_f16235.jpg,626,train,7f0915d081f13dc2fd68106254b9a4ded434d89962a5a488440f85920efea34d,frame402-802/600-649_completed/images/frame_0626_f16235.jpg,frame402-802/600-649_completed/annotations.xml,data/images/train/frame_0626_f16235.jpg,data/labels/train/frame_0626_f16235.txt,data/masks-original/train/frame_0626_f16235.png,2,1280,720,0.52282
frame_0627_f16261.jpg,627,train,029b337abf18972cddde253eaa1edf9b7fabc52aea75158373b6b08c64c34739,frame402-802/600-649_completed/images/frame_0627_f16261.jpg,frame402-802/600-649_completed/annotations.xml,data/images/train/frame_0627_f16261.jpg,data/labels/train/frame_0627_f16261.txt,data/masks-original/train/frame_0627_f16261.png,2,1280,720,0.522866
frame_0628_f16287.jpg,628,train,70e6ca0a6172ef965f3f859f3659d64e90ea754142cb0f3bac1b5154d80c273a,frame402-802/600-649_completed/images/frame_0628_f16287.jpg,frame402-802/600-649_completed/annotations.xml,data/images/train/frame_0628_f16287.jpg,data/labels/train/frame_0628_f16287.txt,data/masks-original/train/frame_0628_f16287.png,2,1280,720,0.503991
frame_0629_f16313.jpg,629,train,849a07c484e94d2b6602b54214bcca3014b240025dd2d492e4569f37eb60519e,frame402-802/600-649_completed/images/frame_0629_f16313.jpg,frame402-802/600-649_completed/annotations.xml,data/images/train/frame_0629_f16313.jpg,data/labels/train/frame_0629_f16313.txt,data/masks-original/train/frame_0629_f16313.png,2,1280,720,0.522472
frame_0630_f16339.jpg,630,train,97063a58a8c864fefd7af17a40667ccad673e402403c30349b7d7858d269d3fd,frame402-802/600-649_completed/images/frame_0630_f16339.jpg,frame402-802/600-649_completed/annotations.xml,data/images/train/frame_0630_f16339.jpg,data/labels/train/frame_0630_f16339.txt,data/masks-original/train/frame_0630_f16339.png,2,1280,720,0.51897
frame_0631_f16365.jpg,631,train,0b5610cd8079a241c6209860f45b6a1498d6453add0b3ec6a1147e2eb8e99789,frame402-802/600-649_completed/images/frame_0631_f16365.jpg,frame402-802/600-649_completed/annotations.xml,data/images/train/frame_0631_f16365.jpg,data/labels/train/frame_0631_f16365.txt,data/masks-original/train/frame_0631_f16365.png,2,1280,720,0.530796
frame_0632_f16391.jpg,632,train,fb22f8b7b5c452f8ed2942d5bf3f8d44faf82c67ccae40487ee0d6aef5d8708f,frame402-802/600-649_completed/images/frame_0632_f16391.jpg,frame402-802/600-649_completed/annotations.xml,data/images/train/frame_0632_f16391.jpg,data/labels/train/frame_0632_f16391.txt,data/masks-original/train/frame_0632_f16391.png,2,1280,720,0.517176
frame_0633_f16417.jpg,633,train,8063689377ae47101b333bfcc2a6fd80a22a9b335c0a0a9abc1cde2b057cb0df,frame402-802/600-649_completed/images/frame_0633_f16417.jpg,frame402-802/600-649_completed/annotations.xml,data/images/train/frame_0633_f16417.jpg,data/labels/train/frame_0633_f16417.txt,data/masks-original/train/frame_0633_f16417.png,2,1280,720,0.507323
frame_0634_f16443.jpg,634,train,2e21e7f8e346f6466b2d0d6b4b7de9d42f595ff58843238dc9f0602df772f125,frame402-802/600-649_completed/images/frame_0634_f16443.jpg,frame402-802/600-649_completed/annotations.xml,data/images/train/frame_0634_f16443.jpg,data/labels/train/frame_0634_f16443.txt,data/masks-original/train/frame_0634_f16443.png,2,1280,720,0.512613
frame_0635_f16468.jpg,635,train,c856543970b2df7dcf0abae98b097190ab4a6f2b993e7c13b269976062410ae3,frame402-802/600-649_completed/images/frame_0635_f16468.jpg,frame402-802/600-649_completed/annotations.xml,data/images/train/frame_0635_f16468.jpg,data/labels/train/frame_0635_f16468.txt,data/masks-original/train/frame_0635_f16468.png,2,1280,720,0.525388
frame_0636_f16494.jpg,636,train,4ba53eb261675cc7379afc3f7c09e78a7774bf7a47a3652c57149694291496ff,frame402-802/600-649_completed/images/frame_0636_f16494.jpg,frame402-802/600-649_completed/annotations.xml,data/images/train/frame_0636_f16494.jpg,data/labels/train/frame_0636_f16494.txt,data/masks-original/train/frame_0636_f16494.png,2,1280,720,0.50625
frame_0637_f16520.jpg,637,train,c7dd0047083a3d9816bcc53605fed628d13c43f69f0b57b97df0eb1baf53e57c,frame402-802/600-649_completed/images/frame_0637_f16520.jpg,frame402-802/600-649_completed/annotations.xml,data/images/train/frame_0637_f16520.jpg,data/labels/train/frame_0637_f16520.txt,data/masks-original/train/frame_0637_f16520.png,2,1280,720,0.497731
frame_0638_f16546.jpg,638,train,d60c31065fb93e41b55dfb2875424976cf6e6dbdd9b81a4c8431e51daca86c8c,frame402-802/600-649_completed/images/frame_0638_f16546.jpg,frame402-802/600-649_completed/annotations.xml,data/images/train/frame_0638_f16546.jpg,data/labels/train/frame_0638_f16546.txt,data/masks-original/train/frame_0638_f16546.png,2,1280,720,0.493235
frame_0639_f16572.jpg,639,train,b022d2e65bb1ab8ad1163a69ba2f2950c40d4e9a03af15a9a598357d28b9ffa5,frame402-802/600-649_completed/images/frame_0639_f16572.jpg,frame402-802/600-649_completed/annotations.xml,data/images/train/frame_0639_f16572.jpg,data/labels/train/frame_0639_f16572.txt,data/masks-original/train/frame_0639_f16572.png,2,1280,720,0.517104
frame_0640_f16598.jpg,640,train,7834d44556af9d2ab5224f1fe5a988dea2e122cb8db2d00ea50c11d739475950,frame402-802/600-649_completed/images/frame_0640_f16598.jpg,frame402-802/600-649_completed/annotations.xml,data/images/train/frame_0640_f16598.jpg,data/labels/train/frame_0640_f16598.txt,data/masks-original/train/frame_0640_f16598.png,2,1280,720,0.523103
frame_0641_f16624.jpg,641,train,842a2bf8a10941f86eecb78c9bd755b716ffd97c765b7fae55a881e7b0bf74f0,frame402-802/600-649_completed/images/frame_0641_f16624.jpg,frame402-802/600-649_completed/annotations.xml,data/images/train/frame_0641_f16624.jpg,data/labels/train/frame_0641_f16624.txt,data/masks-original/train/frame_0641_f16624.png,2,1280,720,0.529801
frame_0642_f16650.jpg,642,train,92cd6952bc60517d8330d992e9a53e8162792cd9c6c9bae068bd40f12099aa37,frame402-802/600-649_completed/images/frame_0642_f16650.jpg,frame402-802/600-649_completed/annotations.xml,data/images/train/frame_0642_f16650.jpg,data/labels/train/frame_0642_f16650.txt,data/masks-original/train/frame_0642_f16650.png,2,1280,720,0.50278
frame_0643_f16676.jpg,643,train,322f182f36bb30390e5bcf24eb5bac5d31157ac2ea377ef6d228f3b5093d3ee4,frame402-802/600-649_completed/images/frame_0643_f16676.jpg,frame402-802/600-649_completed/annotations.xml,data/images/train/frame_0643_f16676.jpg,data/labels/train/frame_0643_f16676.txt,data/masks-original/train/frame_0643_f16676.png,2,1280,720,0.497684
frame_0644_f16702.jpg,644,train,03ce8498591e514a7dd7726dc88eaffcfdb078b9b753df5309f8ce9dd9299bf7,frame402-802/600-649_completed/images/frame_0644_f16702.jpg,frame402-802/600-649_completed/annotations.xml,data/images/train/frame_0644_f16702.jpg,data/labels/train/frame_0644_f16702.txt,data/masks-original/train/frame_0644_f16702.png,2,1280,720,0.530079
frame_0645_f16728.jpg,645,train,cd08534988bdf1086c94496d51f1c0b6b7980150e095ab308b09292973d3b27f,frame402-802/600-649_completed/images/frame_0645_f16728.jpg,frame402-802/600-649_completed/annotations.xml,data/images/train/frame_0645_f16728.jpg,data/labels/train/frame_0645_f16728.txt,data/masks-original/train/frame_0645_f16728.png,2,1280,720,0.518709
frame_0646_f16754.jpg,646,train,f62a9a8a1c8d2dabf51fe79ece6819a12f39045adc87a1a5e9a9bca0dd7209b7,frame402-802/600-649_completed/images/frame_0646_f16754.jpg,frame402-802/600-649_completed/annotations.xml,data/images/train/frame_0646_f16754.jpg,data/labels/train/frame_0646_f16754.txt,data/masks-original/train/frame_0646_f16754.png,2,1280,720,0.497066
frame_0647_f16780.jpg,647,train,9d19975b42941facc9246adb3770aebdaef122f051ee604c68cb77545c576786,frame402-802/600-649_completed/images/frame_0647_f16780.jpg,frame402-802/600-649_completed/annotations.xml,data/images/train/frame_0647_f16780.jpg,data/labels/train/frame_0647_f16780.txt,data/masks-original/train/frame_0647_f16780.png,2,1280,720,0.487279
frame_0648_f16806.jpg,648,train,ebfaac825865db1a494505eaae2a365d9b222a16de48932518eb38d6b55c7606,frame402-802/600-649_completed/images/frame_0648_f16806.jpg,frame402-802/600-649_completed/annotations.xml,data/images/train/frame_0648_f16806.jpg,data/labels/train/frame_0648_f16806.txt,data/masks-original/train/frame_0648_f16806.png,2,1280,720,0.500377
frame_0649_f16832.jpg,649,train,038eba8451766f476e193f6f2e776ea789594e75318949b1c1771f6ed1cc8761,frame402-802/600-649_completed/images/frame_0649_f16832.jpg,frame402-802/600-649_completed/annotations.xml,data/images/train/frame_0649_f16832.jpg,data/labels/train/frame_0649_f16832.txt,data/masks-original/train/frame_0649_f16832.png,2,1280,720,0.493132
frame_0650_f16858.jpg,650,train,94f7027835d5918f60c222f8467dd5f561adb0f1531b1d03d77c542101212ff0,frame402-802/600-649_completed/images/frame_0650_f16858.jpg,frame402-802/650-699_completed/annotations.xml,data/images/train/frame_0650_f16858.jpg,data/labels/train/frame_0650_f16858.txt,data/masks-original/train/frame_0650_f16858.png,2,1280,720,0.517822
frame_0651_f16883.jpg,651,train,1b6a36a9e83c9a3b6a08cbf90fac8b6e28aecf6d72d18896fa32a37fa371b564,frame402-802/600-649_completed/images/frame_0651_f16883.jpg,frame402-802/650-699_completed/annotations.xml,data/images/train/frame_0651_f16883.jpg,data/labels/train/frame_0651_f16883.txt,data/masks-original/train/frame_0651_f16883.png,2,1280,720,0.540033
frame_0652_f16909.jpg,652,train,e0240ecda008e0aa7a3de45da08fd7cf519e408393d2879572589195e843e4e9,frame402-802/600-649_completed/images/frame_0652_f16909.jpg,frame402-802/650-699_completed/annotations.xml,data/images/train/frame_0652_f16909.jpg,data/labels/train/frame_0652_f16909.txt,data/masks-original/train/frame_0652_f16909.png,2,1280,720,0.508733
frame_0653_f16935.jpg,653,train,d366adc539bacef57822866b9521f5475f28679e1efcf12dc44b24608c807a1a,frame402-802/600-649_completed/images/frame_0653_f16935.jpg,frame402-802/650-699_completed/annotations.xml,data/images/train/frame_0653_f16935.jpg,data/labels/train/frame_0653_f16935.txt,data/masks-original/train/frame_0653_f16935.png,2,1280,720,0.509481
frame_0654_f16961.jpg,654,train,0efc9ec709d7c426835b5421e6261ad60d0ffc9808e819353ef587a33a221da2,frame402-802/600-649_completed/images/frame_0654_f16961.jpg,frame402-802/650-699_completed/annotations.xml,data/images/train/frame_0654_f16961.jpg,data/labels/train/frame_0654_f16961.txt,data/masks-original/train/frame_0654_f16961.png,2,1280,720,0.5208
frame_0655_f16987.jpg,655,train,bb59f9b6eccc2ce4c072bc1945c616445e69ba628c13598a78a3e24c1d7fca6a,frame402-802/600-649_completed/images/frame_0655_f16987.jpg,frame402-802/650-699_completed/annotations.xml,data/images/train/frame_0655_f16987.jpg,data/labels/train/frame_0655_f16987.txt,data/masks-original/train/frame_0655_f16987.png,2,1280,720,0.511271
frame_0656_f17013.jpg,656,train,91268a39d372dd3c60c26950241dc4dd319b1ae5311054538d4f6a1a0eb181a2,frame402-802/600-649_completed/images/frame_0656_f17013.jpg,frame402-802/650-699_completed/annotations.xml,data/images/train/frame_0656_f17013.jpg,data/labels/train/frame_0656_f17013.txt,data/masks-original/train/frame_0656_f17013.png,2,1280,720,0.523174
frame_0657_f17039.jpg,657,train,ba1368ecdf128a62b7ed0db607eece29b2912d9a187d2a7af02a0c08db52e8cb,frame402-802/600-649_completed/images/frame_0657_f17039.jpg,frame402-802/650-699_completed/annotations.xml,data/images/train/frame_0657_f17039.jpg,data/labels/train/frame_0657_f17039.txt,data/masks-original/train/frame_0657_f17039.png,2,1280,720,0.517992
frame_0658_f17065.jpg,658,train,639936a3918921e4a253cb7f711ef90153a10a082639335a660739d8b72b7fc9,frame402-802/600-649_completed/images/frame_0658_f17065.jpg,frame402-802/650-699_completed/annotations.xml,data/images/train/frame_0658_f17065.jpg,data/labels/train/frame_0658_f17065.txt,data/masks-original/train/frame_0658_f17065.png,2,1280,720,0.502755
frame_0659_f17091.jpg,659,train,e4aa12a55992676e3fed4cb9830fc27ffd8be11c0166a31c2c18ded53639e4a3,frame402-802/600-649_completed/images/frame_0659_f17091.jpg,frame402-802/650-699_completed/annotations.xml,data/images/train/frame_0659_f17091.jpg,data/labels/train/frame_0659_f17091.txt,data/masks-original/train/frame_0659_f17091.png,2,1280,720,0.502632
frame_0660_f17117.jpg,660,train,68ce051904109ca57af63eea390e05860a29f36ecff110edc502f362717d7ad0,frame402-802/600-649_completed/images/frame_0660_f17117.jpg,frame402-802/650-699_completed/annotations.xml,data/images/train/frame_0660_f17117.jpg,data/labels/train/frame_0660_f17117.txt,data/masks-original/train/frame_0660_f17117.png,2,1280,720,0.513722
frame_0661_f17143.jpg,661,train,6faa5db4ce5dd2178af8364cb8b0ade4857425e1d8c67c4e3e1c0fbb7fb0bcd7,frame402-802/600-649_completed/images/frame_0661_f17143.jpg,frame402-802/650-699_completed/annotations.xml,data/images/train/frame_0661_f17143.jpg,data/labels/train/frame_0661_f17143.txt,data/masks-original/train/frame_0661_f17143.png,2,1280,720,0.523446
frame_0662_f17169.jpg,662,train,5a376cc84edbb86ffbe98fd2377baa10d0e755ba209640c3819f503277a4c008,frame402-802/600-649_completed/images/frame_0662_f17169.jpg,frame402-802/650-699_completed/annotations.xml,data/images/train/frame_0662_f17169.jpg,data/labels/train/frame_0662_f17169.txt,data/masks-original/train/frame_0662_f17169.png,2,1280,720,0.513798
frame_0663_f17195.jpg,663,train,9623fbe0a13ffdcfa8ae15158262f2e1c27d19f6b9705a3c59456a056a177bcc,frame402-802/600-649_completed/images/frame_0663_f17195.jpg,frame402-802/650-699_completed/annotations.xml,data/images/train/frame_0663_f17195.jpg,data/labels/train/frame_0663_f17195.txt,data/masks-original/train/frame_0663_f17195.png,2,1280,720,0.532847
frame_0664_f17221.jpg,664,train,d90165a808957e8639567a1a62c0628ac8999892cb0c7100d339530d87d23551,frame402-802/600-649_completed/images/frame_0664_f17221.jpg,frame402-802/650-699_completed/annotations.xml,data/images/train/frame_0664_f17221.jpg,data/labels/train/frame_0664_f17221.txt,data/masks-original/train/frame_0664_f17221.png,2,1280,720,0.520773
frame_0665_f17247.jpg,665,train,931170083350158ff36379764b9e0da8ecc6008fcd8aba63f8fbb41d9c9478a4,frame402-802/600-649_completed/images/frame_0665_f17247.jpg,frame402-802/650-699_completed/annotations.xml,data/images/train/frame_0665_f17247.jpg,data/labels/train/frame_0665_f17247.txt,data/masks-original/train/frame_0665_f17247.png,2,1280,720,0.523917
frame_0666_f17272.jpg,666,train,0c0303c7f4e133508297b8f9b5de2735df51703cab72cfb85c85e975b8a8284a,frame402-802/600-649_completed/images/frame_0666_f17272.jpg,frame402-802/650-699_completed/annotations.xml,data/images/train/frame_0666_f17272.jpg,data/labels/train/frame_0666_f17272.txt,data/masks-original/train/frame_0666_f17272.png,2,1280,720,0.519256
frame_0667_f17298.jpg,667,train,920697b16584303a029d2a012c943b80c3a37c5e15fd6d62af3d6461bfae5dcc,frame402-802/600-649_completed/images/frame_0667_f17298.jpg,frame402-802/650-699_completed/annotations.xml,data/images/train/frame_0667_f17298.jpg,data/labels/train/frame_0667_f17298.txt,data/masks-original/train/frame_0667_f17298.png,2,1280,720,0.500313
frame_0668_f17324.jpg,668,train,afe07dcdc4ba9efe50abeca675d17f1c85fb6199600b9b6288ae03e01a547f1b,frame402-802/600-649_completed/images/frame_0668_f17324.jpg,frame402-802/650-699_completed/annotations.xml,data/images/train/frame_0668_f17324.jpg,data/labels/train/frame_0668_f17324.txt,data/masks-original/train/frame_0668_f17324.png,2,1280,720,0.509942
frame_0669_f17350.jpg,669,train,af0574db54edfbd2c5f3b957f0b8a97848280b7bf05ed492c5f59e4ab4708018,frame402-802/600-649_completed/images/frame_0669_f17350.jpg,frame402-802/650-699_completed/annotations.xml,data/images/train/frame_0669_f17350.jpg,data/labels/train/frame_0669_f17350.txt,data/masks-original/train/frame_0669_f17350.png,2,1280,720,0.505799
frame_0670_f17376.jpg,670,train,f100e781492c926abbaa0fe886d8cc51f9a5935458f0603b03d2d835c68af6b9,frame402-802/600-649_completed/images/frame_0670_f17376.jpg,frame402-802/650-699_completed/annotations.xml,data/images/train/frame_0670_f17376.jpg,data/labels/train/frame_0670_f17376.txt,data/masks-original/train/frame_0670_f17376.png,2,1280,720,0.482592
frame_0671_f17402.jpg,671,train,99a0250efc2c31cd9f44499e3d86a576ad9c32f4260f2426d4ad056316173a78,frame402-802/600-649_completed/images/frame_0671_f17402.jpg,frame402-802/650-699_completed/annotations.xml,data/images/train/frame_0671_f17402.jpg,data/labels/train/frame_0671_f17402.txt,data/masks-original/train/frame_0671_f17402.png,2,1280,720,0.504696
frame_0672_f17428.jpg,672,train,8bb08b943df2283c9e9341515c361dc29e6bd23d13f7dfe79204ade957599c19,frame402-802/600-649_completed/images/frame_0672_f17428.jpg,frame402-802/650-699_completed/annotations.xml,data/images/train/frame_0672_f17428.jpg,data/labels/train/frame_0672_f17428.txt,data/masks-original/train/frame_0672_f17428.png,2,1280,720,0.509382
frame_0673_f17454.jpg,673,train,9a7f752a176deab43ff2ab9ac36f0322a80172823e2fe74312e39accd8be2ca0,frame402-802/600-649_completed/images/frame_0673_f17454.jpg,frame402-802/650-699_completed/annotations.xml,data/images/train/frame_0673_f17454.jpg,data/labels/train/frame_0673_f17454.txt,data/masks-original/train/frame_0673_f17454.png,2,1280,720,0.522411
frame_0674_f17480.jpg,674,train,691d455b9f68b2f5a05799b07dc1d7478afae45ce9e99d391185cbd2c9e60de5,frame402-802/600-649_completed/images/frame_0674_f17480.jpg,frame402-802/650-699_completed/annotations.xml,data/images/train/frame_0674_f17480.jpg,data/labels/train/frame_0674_f17480.txt,data/masks-original/train/frame_0674_f17480.png,2,1280,720,0.524592
frame_0675_f17506.jpg,675,train,cdffc893e626eda764f35940f4b665a087eeee5331ff97bdf211bef29f51fb1c,frame402-802/600-649_completed/images/frame_0675_f17506.jpg,frame402-802/650-699_completed/annotations.xml,data/images/train/frame_0675_f17506.jpg,data/labels/train/frame_0675_f17506.txt,data/masks-original/train/frame_0675_f17506.png,2,1280,720,0.526772
frame_0676_f17532.jpg,676,train,4ed26945cb8b347dbe8151774be9f56d968907d9a16afa29924d0642916a2110,frame402-802/600-649_completed/images/frame_0676_f17532.jpg,frame402-802/650-699_completed/annotations.xml,data/images/train/frame_0676_f17532.jpg,data/labels/train/frame_0676_f17532.txt,data/masks-original/train/frame_0676_f17532.png,2,1280,720,0.526574
frame_0677_f17558.jpg,677,train,7de9fddb96dc23a5996c636b625bd1772f5faa3f6f203af386bff3613d2145e8,frame402-802/600-649_completed/images/frame_0677_f17558.jpg,frame402-802/650-699_completed/annotations.xml,data/images/train/frame_0677_f17558.jpg,data/labels/train/frame_0677_f17558.txt,data/masks-original/train/frame_0677_f17558.png,2,1280,720,0.494418
frame_0678_f17584.jpg,678,train,972da2cdf4194cd2fa1299bf90ed01b7e7181324230c07a0741fb9e26bc1737f,frame402-802/600-649_completed/images/frame_0678_f17584.jpg,frame402-802/650-699_completed/annotations.xml,data/images/train/frame_0678_f17584.jpg,data/labels/train/frame_0678_f17584.txt,data/masks-original/train/frame_0678_f17584.png,2,1280,720,0.508302
frame_0679_f17610.jpg,679,train,05b9498e0034fe549dfc275d9dc87e38d1357da29110c9c355f449303d76a38f,frame402-802/600-649_completed/images/frame_0679_f17610.jpg,frame402-802/650-699_completed/annotations.xml,data/images/train/frame_0679_f17610.jpg,data/labels/train/frame_0679_f17610.txt,data/masks-original/train/frame_0679_f17610.png,2,1280,720,0.527486
frame_0680_f17636.jpg,680,train,9e1e2b68a59dde223f326d1bef0924c1cd889df8fc8afa845fda35020aad1e53,frame402-802/600-649_completed/images/frame_0680_f17636.jpg,frame402-802/650-699_completed/annotations.xml,data/images/train/frame_0680_f17636.jpg,data/labels/train/frame_0680_f17636.txt,data/masks-original/train/frame_0680_f17636.png,2,1280,720,0.514571
frame_0681_f17661.jpg,681,train,6178d2d753736eebc5f1d0ac0a2c8d9ad4d6f28ad7daf3a635cdfeead57932aa,frame402-802/600-649_completed/images/frame_0681_f17661.jpg,frame402-802/650-699_completed/annotations.xml,data/images/train/frame_0681_f17661.jpg,data/labels/train/frame_0681_f17661.txt,data/masks-original/train/frame_0681_f17661.png,2,1280,720,0.511569
frame_0682_f17687.jpg,682,train,8f7729241887acef961c6dce2c3e852a87de069412280294e0ca10ae61aba6f8,frame402-802/600-649_completed/images/frame_0682_f17687.jpg,frame402-802/650-699_completed/annotations.xml,data/images/train/frame_0682_f17687.jpg,data/labels/train/frame_0682_f17687.txt,data/masks-original/train/frame_0682_f17687.png,2,1280,720,0.504576
frame_0683_f17713.jpg,683,train,9cd4f5b8b9bddc4066377e0163ad6ec5a3d6214e9af9a5464ad348b7e97bcaf5,frame402-802/600-649_completed/images/frame_0683_f17713.jpg,frame402-802/650-699_completed/annotations.xml,data/images/train/frame_0683_f17713.jpg,data/labels/train/frame_0683_f17713.txt,data/masks-original/train/frame_0683_f17713.png,2,1280,720,0.521115
frame_0684_f17739.jpg,684,train,81677aace15c28b8ce0e68e0a0d27e5b8c6979bd574eca6ccc63a4565e06424e,frame402-802/600-649_completed/images/frame_0684_f17739.jpg,frame402-802/650-699_completed/annotations.xml,data/images/train/frame_0684_f17739.jpg,data/labels/train/frame_0684_f17739.txt,data/masks-original/train/frame_0684_f17739.png,2,1280,720,0.520216
frame_0685_f17765.jpg,685,train,0522028f950e98ccc1444871a9ab828d34ec053b3fd16387a394115e199e3587,frame402-802/600-649_completed/images/frame_0685_f17765.jpg,frame402-802/650-699_completed/annotations.xml,data/images/train/frame_0685_f17765.jpg,data/labels/train/frame_0685_f17765.txt,data/masks-original/train/frame_0685_f17765.png,2,1280,720,0.512254
frame_0686_f17791.jpg,686,train,3a7e4cd1458c258700c6dc7dc911b71f0cd29887076703a3585a22a8db553112,frame402-802/600-649_completed/images/frame_0686_f17791.jpg,frame402-802/650-699_completed/annotations.xml,data/images/train/frame_0686_f17791.jpg,data/labels/train/frame_0686_f17791.txt,data/masks-original/train/frame_0686_f17791.png,2,1280,720,0.510289
frame_0687_f17817.jpg,687,train,f60fdf6a0d80368ea09239581e2156fa6f97f599b96ef7e0ff6fbf71c53e499e,frame402-802/600-649_completed/images/frame_0687_f17817.jpg,frame402-802/650-699_completed/annotations.xml,data/images/train/frame_0687_f17817.jpg,data/labels/train/frame_0687_f17817.txt,data/masks-original/train/frame_0687_f17817.png,2,1280,720,0.505554
frame_0688_f17843.jpg,688,train,e97f9e4776a114758096554100156194bff2f9da06a70b4e7c1d31a39ab4ce16,frame402-802/600-649_completed/images/frame_0688_f17843.jpg,frame402-802/650-699_completed/annotations.xml,data/images/train/frame_0688_f17843.jpg,data/labels/train/frame_0688_f17843.txt,data/masks-original/train/frame_0688_f17843.png,2,1280,720,0.525046
frame_0689_f17869.jpg,689,train,a5fdd632d029d7c755aa8714957a82518f45fd34d8369cc673e62ec9edd19d71,frame402-802/600-649_completed/images/frame_0689_f17869.jpg,frame402-802/650-699_completed/annotations.xml,data/images/train/frame_0689_f17869.jpg,data/labels/train/frame_0689_f17869.txt,data/masks-original/train/frame_0689_f17869.png,2,1280,720,0.524087
frame_0690_f17895.jpg,690,train,b7a7b71b75c00621bc2b65d9b0b14d9aab4ad188d03ba11087e5003399f12875,frame402-802/600-649_completed/images/frame_0690_f17895.jpg,frame402-802/650-699_completed/annotations.xml,data/images/train/frame_0690_f17895.jpg,data/labels/train/frame_0690_f17895.txt,data/masks-original/train/frame_0690_f17895.png,2,1280,720,0.509824
frame_0691_f17921.jpg,691,train,ad3c852fcb875994f552f294032437c680ba8ac2b8bf529a944d573ef0bad321,frame402-802/600-649_completed/images/frame_0691_f17921.jpg,frame402-802/650-699_completed/annotations.xml,data/images/train/frame_0691_f17921.jpg,data/labels/train/frame_0691_f17921.txt,data/masks-original/train/frame_0691_f17921.png,2,1280,720,0.513488
frame_0692_f17947.jpg,692,train,5b7c04f6f4f3bd5832a4050f8765fc070909b6321268c43598ff09fb84a578c9,frame402-802/600-649_completed/images/frame_0692_f17947.jpg,frame402-802/650-699_completed/annotations.xml,data/images/train/frame_0692_f17947.jpg,data/labels/train/frame_0692_f17947.txt,data/masks-original/train/frame_0692_f17947.png,2,1280,720,0.516442
frame_0693_f17973.jpg,693,train,8bafdf2e799f17c5bca7eb20bb39ecd6acaa7396e657827c4f61a8c29700739a,frame402-802/600-649_completed/images/frame_0693_f17973.jpg,frame402-802/650-699_completed/annotations.xml,data/images/train/frame_0693_f17973.jpg,data/labels/train/frame_0693_f17973.txt,data/masks-original/train/frame_0693_f17973.png,2,1280,720,0.518213
frame_0694_f17999.jpg,694,train,62e20f20c9e044f506e1239b678282b3563c4fc38e7a9bc4e5934416fdcf440c,frame402-802/600-649_completed/images/frame_0694_f17999.jpg,frame402-802/650-699_completed/annotations.xml,data/images/train/frame_0694_f17999.jpg,data/labels/train/frame_0694_f17999.txt,data/masks-original/train/frame_0694_f17999.png,2,1280,720,0.494388
frame_0695_f18025.jpg,695,train,d59db51118d03c5e9d054ed42318db8b5aab72e135c078bab4fc8b51b58fb1c5,frame402-802/600-649_completed/images/frame_0695_f18025.jpg,frame402-802/650-699_completed/annotations.xml,data/images/train/frame_0695_f18025.jpg,data/labels/train/frame_0695_f18025.txt,data/masks-original/train/frame_0695_f18025.png,2,1280,720,0.500779
frame_0696_f18050.jpg,696,train,899bd59f3cbb062378be9e86f7e609c2c07d857868e586e86eadfefd84644b52,frame402-802/600-649_completed/images/frame_0696_f18050.jpg,frame402-802/650-699_completed/annotations.xml,data/images/train/frame_0696_f18050.jpg,data/labels/train/frame_0696_f18050.txt,data/masks-original/train/frame_0696_f18050.png,2,1280,720,0.528719
frame_0697_f18076.jpg,697,train,d20f2d5d37923f0c6ed9980d0b4aca8f09ddecac40bd77d6a459986156ee37dd,frame402-802/600-649_completed/images/frame_0697_f18076.jpg,frame402-802/650-699_completed/annotations.xml,data/images/train/frame_0697_f18076.jpg,data/labels/train/frame_0697_f18076.txt,data/masks-original/train/frame_0697_f18076.png,2,1280,720,0.535669
frame_0698_f18102.jpg,698,train,d4a432e41d215182d97c72451033a6287695c73d02715ec804f325d07b9fa6a0,frame402-802/600-649_completed/images/frame_0698_f18102.jpg,frame402-802/650-699_completed/annotations.xml,data/images/train/frame_0698_f18102.jpg,data/labels/train/frame_0698_f18102.txt,data/masks-original/train/frame_0698_f18102.png,2,1280,720,0.510152
frame_0699_f18128.jpg,699,train,1cbb9d1ba32a0c0f0d9d94b0197bc6c1d7d7c0a5843ceddda0169b047b98c631,frame402-802/600-649_completed/images/frame_0699_f18128.jpg,frame402-802/650-699_completed/annotations.xml,data/images/train/frame_0699_f18128.jpg,data/labels/train/frame_0699_f18128.txt,data/masks-original/train/frame_0699_f18128.png,2,1280,720,0.516855
frame_0700_f18154.jpg,700,train,dab202d64c36809aba260927bd8692187ba6b97f4781450746fc4e25dbca96a1,frame402-802/700-749_completed/images/frame_0700_f18154.jpg,frame402-802/700-749_completed/annotations.xml,data/images/train/frame_0700_f18154.jpg,data/labels/train/frame_0700_f18154.txt,data/masks-original/train/frame_0700_f18154.png,2,1280,720,0.514912
frame_0701_f18180.jpg,701,train,570a6de2010435c2be355813448c08946fee5f66493e1e97acb8ba03aac5cab1,frame402-802/700-749_completed/images/frame_0701_f18180.jpg,frame402-802/700-749_completed/annotations.xml,data/images/train/frame_0701_f18180.jpg,data/labels/train/frame_0701_f18180.txt,data/masks-original/train/frame_0701_f18180.png,2,1280,720,0.58166
frame_0702_f18206.jpg,702,train,a90c66405455df9cd3d9cde77f9b3138ab41514ee9e5a057d2bbc62269dc6e2b,frame402-802/700-749_completed/images/frame_0702_f18206.jpg,frame402-802/700-749_completed/annotations.xml,data/images/train/frame_0702_f18206.jpg,data/labels/train/frame_0702_f18206.txt,data/masks-original/train/frame_0702_f18206.png,2,1280,720,0.525764
frame_0703_f18232.jpg,703,train,04573c792a7c77e93959d68dc269e179f90a4792f49aa36b93955993e4fc689e,frame402-802/700-749_completed/images/frame_0703_f18232.jpg,frame402-802/700-749_completed/annotations.xml,data/images/train/frame_0703_f18232.jpg,data/labels/train/frame_0703_f18232.txt,data/masks-original/train/frame_0703_f18232.png,2,1280,720,0.517327
frame_0704_f18258.jpg,704,train,4c4e5b83cdaf7edcce915355bfe918452734cbe96c273210b7ecc4f69697fe72,frame402-802/700-749_completed/images/frame_0704_f18258.jpg,frame402-802/700-749_completed/annotations.xml,data/images/train/frame_0704_f18258.jpg,data/labels/train/frame_0704_f18258.txt,data/masks-original/train/frame_0704_f18258.png,2,1280,720,0.529618
frame_0705_f18284.jpg,705,train,70d94820428ecd06913924a1052b050de17b5962b3041af5996470a53a899d18,frame402-802/700-749_completed/images/frame_0705_f18284.jpg,frame402-802/700-749_completed/annotations.xml,data/images/train/frame_0705_f18284.jpg,data/labels/train/frame_0705_f18284.txt,data/masks-original/train/frame_0705_f18284.png,2,1280,720,0.510744
frame_0706_f18310.jpg,706,train,08c6196373ae6f2f2cfd2062c7c3e044d376008d06a971c7b4de47bf975d874a,frame402-802/700-749_completed/images/frame_0706_f18310.jpg,frame402-802/700-749_completed/annotations.xml,data/images/train/frame_0706_f18310.jpg,data/labels/train/frame_0706_f18310.txt,data/masks-original/train/frame_0706_f18310.png,2,1280,720,0.536538
frame_0707_f18336.jpg,707,train,78ba78d59357f7b9d5c861880c3c0a037ed6927ace0e11e88a40dfec3558dac5,frame402-802/700-749_completed/images/frame_0707_f18336.jpg,frame402-802/700-749_completed/annotations.xml,data/images/train/frame_0707_f18336.jpg,data/labels/train/frame_0707_f18336.txt,data/masks-original/train/frame_0707_f18336.png,2,1280,720,0.530676
frame_0708_f18362.jpg,708,train,43524895fc444a20dc8a3189b28dbb533149688cb7efd4ac61143bcd3417da55,frame402-802/700-749_completed/images/frame_0708_f18362.jpg,frame402-802/700-749_completed/annotations.xml,data/images/train/frame_0708_f18362.jpg,data/labels/train/frame_0708_f18362.txt,data/masks-original/train/frame_0708_f18362.png,2,1280,720,0.514428
frame_0709_f18388.jpg,709,train,7add2a20489af1c3f906d53fc7150a73a7b44fb7319643b27f728eea2ee34683,frame402-802/700-749_completed/images/frame_0709_f18388.jpg,frame402-802/700-749_completed/annotations.xml,data/images/train/frame_0709_f18388.jpg,data/labels/train/frame_0709_f18388.txt,data/masks-original/train/frame_0709_f18388.png,2,1280,720,0.511797
frame_0710_f18414.jpg,710,train,a48b29ac883eca6666c054fde024ac95b76f17fcb35819990a2c482d52229955,frame402-802/700-749_completed/images/frame_0710_f18414.jpg,frame402-802/700-749_completed/annotations.xml,data/images/train/frame_0710_f18414.jpg,data/labels/train/frame_0710_f18414.txt,data/masks-original/train/frame_0710_f18414.png,2,1280,720,0.505009
frame_0711_f18440.jpg,711,train,48206a80e336cc9c936744de1f23c0d71c948ec4b6c327b9b010866902074deb,frame402-802/700-749_completed/images/frame_0711_f18440.jpg,frame402-802/700-749_completed/annotations.xml,data/images/train/frame_0711_f18440.jpg,data/labels/train/frame_0711_f18440.txt,data/masks-original/train/frame_0711_f18440.png,2,1280,720,0.525135
frame_0712_f18465.jpg,712,train,af74e787c19e5b5a66ad10f71be3a8d6cd35b5c08313221a6304614c1c9a19ce,frame402-802/700-749_completed/images/frame_0712_f18465.jpg,frame402-802/700-749_completed/annotations.xml,data/images/train/frame_0712_f18465.jpg,data/labels/train/frame_0712_f18465.txt,data/masks-original/train/frame_0712_f18465.png,2,1280,720,0.50464
frame_0713_f18491.jpg,713,train,44f01309a8e3128df448fddd6ac944c7fc01cff1f9c4e34bbacaee02c2a1ef89,frame402-802/700-749_completed/images/frame_0713_f18491.jpg,frame402-802/700-749_completed/annotations.xml,data/images/train/frame_0713_f18491.jpg,data/labels/train/frame_0713_f18491.txt,data/masks-original/train/frame_0713_f18491.png,2,1280,720,0.520474
frame_0714_f18517.jpg,714,train,1e0a3a63defb2188b0db34b2ca2b75330915922d45d1ed4be55300336f045709,frame402-802/700-749_completed/images/frame_0714_f18517.jpg,frame402-802/700-749_completed/annotations.xml,data/images/train/frame_0714_f18517.jpg,data/labels/train/frame_0714_f18517.txt,data/masks-original/train/frame_0714_f18517.png,2,1280,720,0.51622
frame_0715_f18543.jpg,715,train,63879bccd8ebd307e6ad7dfdc36a16207b93937897eafba611a425da7f4fb346,frame402-802/700-749_completed/images/frame_0715_f18543.jpg,frame402-802/700-749_completed/annotations.xml,data/images/train/frame_0715_f18543.jpg,data/labels/train/frame_0715_f18543.txt,data/masks-original/train/frame_0715_f18543.png,2,1280,720,0.523512
frame_0716_f18569.jpg,716,train,b119373e69016ae5a9f5b95ad2431ccd3c3ae997203468a61a800e4c6ee9fb6d,frame402-802/700-749_completed/images/frame_0716_f18569.jpg,frame402-802/700-749_completed/annotations.xml,data/images/train/frame_0716_f18569.jpg,data/labels/train/frame_0716_f18569.txt,data/masks-original/train/frame_0716_f18569.png,2,1280,720,0.520809
frame_0717_f18595.jpg,717,train,c8841b6016b4af0318a640e9d5720c042a106d796f6ab948fff48a9328c46509,frame402-802/700-749_completed/images/frame_0717_f18595.jpg,frame402-802/700-749_completed/annotations.xml,data/images/train/frame_0717_f18595.jpg,data/labels/train/frame_0717_f18595.txt,data/masks-original/train/frame_0717_f18595.png,2,1280,720,0.495132
frame_0718_f18621.jpg,718,train,07a8dc05cdb6716561e64a0bb500e0608b92e1fdee40409835de6c8258d0da94,frame402-802/700-749_completed/images/frame_0718_f18621.jpg,frame402-802/700-749_completed/annotations.xml,data/images/train/frame_0718_f18621.jpg,data/labels/train/frame_0718_f18621.txt,data/masks-original/train/frame_0718_f18621.png,2,1280,720,0.516434
frame_0719_f18647.jpg,719,train,4c3253a5735574155d6b1d72747524670d8fc66842f62fa4fb44b4fc5bb5f095,frame402-802/700-749_completed/images/frame_0719_f18647.jpg,frame402-802/700-749_completed/annotations.xml,data/images/train/frame_0719_f18647.jpg,data/labels/train/frame_0719_f18647.txt,data/masks-original/train/frame_0719_f18647.png,2,1280,720,0.523836
frame_0720_f18673.jpg,720,train,c977046fcc44dd53d9bc5c9ab272f1ed8f7880346d51a288e883f92018ad799b,frame402-802/700-749_completed/images/frame_0720_f18673.jpg,frame402-802/700-749_completed/annotations.xml,data/images/train/frame_0720_f18673.jpg,data/labels/train/frame_0720_f18673.txt,data/masks-original/train/frame_0720_f18673.png,2,1280,720,0.536176
frame_0721_f18699.jpg,721,train,3d49e852d79e177900b07f9b04a032632102c0fc9e24d9ff1d26aa271418d977,frame402-802/700-749_completed/images/frame_0721_f18699.jpg,frame402-802/700-749_completed/annotations.xml,data/images/train/frame_0721_f18699.jpg,data/labels/train/frame_0721_f18699.txt,data/masks-original/train/frame_0721_f18699.png,2,1280,720,0.535643
frame_0722_f18725.jpg,722,train,7edf6046d13bb607fb532f7413a66f1ee813865cb7469729b10acd01bcc17d29,frame402-802/700-749_completed/images/frame_0722_f18725.jpg,frame402-802/700-749_completed/annotations.xml,data/images/train/frame_0722_f18725.jpg,data/labels/train/frame_0722_f18725.txt,data/masks-original/train/frame_0722_f18725.png,2,1280,720,0.513926
frame_0723_f18751.jpg,723,train,c3ab781acd848e8182872fc344ac65df6d52f9c7912e4714da3fb2704a3d7db3,frame402-802/700-749_completed/images/frame_0723_f18751.jpg,frame402-802/700-749_completed/annotations.xml,data/images/train/frame_0723_f18751.jpg,data/labels/train/frame_0723_f18751.txt,data/masks-original/train/frame_0723_f18751.png,2,1280,720,0.518229
frame_0724_f18777.jpg,724,train,2c9a349a20c41c0a9c9766135e5bd21bdfba667faa623c12a58a8bc9b955f3c5,frame402-802/700-749_completed/images/frame_0724_f18777.jpg,frame402-802/700-749_completed/annotations.xml,data/images/train/frame_0724_f18777.jpg,data/labels/train/frame_0724_f18777.txt,data/masks-original/train/frame_0724_f18777.png,2,1280,720,0.524885
frame_0725_f18803.jpg,725,train,451e254f784593744fa1f8e3d00c9e51c6ccd0debc9a0f299d06d6928ec83905,frame402-802/700-749_completed/images/frame_0725_f18803.jpg,frame402-802/700-749_completed/annotations.xml,data/images/train/frame_0725_f18803.jpg,data/labels/train/frame_0725_f18803.txt,data/masks-original/train/frame_0725_f18803.png,2,1280,720,0.505652
frame_0726_f18829.jpg,726,train,57c19adc26e7bddcfa424194abdcd1be708c3df85c38eba1fdde9d2401220fc4,frame402-802/700-749_completed/images/frame_0726_f18829.jpg,frame402-802/700-749_completed/annotations.xml,data/images/train/frame_0726_f18829.jpg,data/labels/train/frame_0726_f18829.txt,data/masks-original/train/frame_0726_f18829.png,2,1280,720,0.515316
frame_0727_f18854.jpg,727,train,d4a6a17f7c314650e6ab5189adf1cd45c735800659168b72ac06faac62be033f,frame402-802/700-749_completed/images/frame_0727_f18854.jpg,frame402-802/700-749_completed/annotations.xml,data/images/train/frame_0727_f18854.jpg,data/labels/train/frame_0727_f18854.txt,data/masks-original/train/frame_0727_f18854.png,2,1280,720,0.533339
frame_0728_f18880.jpg,728,train,a9d5eff0b2040738334b20dd4bf6cfd2aca1d25f14f5e0cdb221d6125795d174,frame402-802/700-749_completed/images/frame_0728_f18880.jpg,frame402-802/700-749_completed/annotations.xml,data/images/train/frame_0728_f18880.jpg,data/labels/train/frame_0728_f18880.txt,data/masks-original/train/frame_0728_f18880.png,2,1280,720,0.528045
frame_0729_f18906.jpg,729,train,957d0e6560c35c593fbb76e73282eaf4ef3cce206c9a43b7f1cee2f7e0fa4dcb,frame402-802/700-749_completed/images/frame_0729_f18906.jpg,frame402-802/700-749_completed/annotations.xml,data/images/train/frame_0729_f18906.jpg,data/labels/train/frame_0729_f18906.txt,data/masks-original/train/frame_0729_f18906.png,2,1280,720,0.522884
frame_0730_f18932.jpg,730,train,6ad730a5c94b03e3c42fe58f4117ef213580cfaf86a5972190689c1668ac3f7d,frame402-802/700-749_completed/images/frame_0730_f18932.jpg,frame402-802/700-749_completed/annotations.xml,data/images/train/frame_0730_f18932.jpg,data/labels/train/frame_0730_f18932.txt,data/masks-original/train/frame_0730_f18932.png,2,1280,720,0.527559
frame_0731_f18958.jpg,731,train,ad8aefb409657b891b2a79ef55bb7b629d38318f0b070d55032cff06ba25fc13,frame402-802/700-749_completed/images/frame_0731_f18958.jpg,frame402-802/700-749_completed/annotations.xml,data/images/train/frame_0731_f18958.jpg,data/labels/train/frame_0731_f18958.txt,data/masks-original/train/frame_0731_f18958.png,2,1280,720,0.52043
frame_0732_f18984.jpg,732,train,96bd203b211ff0ce83e55f7b426fda9b8d39b595c733be9e43411cbffc36231f,frame402-802/700-749_completed/images/frame_0732_f18984.jpg,frame402-802/700-749_completed/annotations.xml,data/images/train/frame_0732_f18984.jpg,data/labels/train/frame_0732_f18984.txt,data/masks-original/train/frame_0732_f18984.png,2,1280,720,0.522147
frame_0733_f19010.jpg,733,train,caf96ed4e46fcfddd7e3f0579a87b77f09e0afbf920efc0faf126108176d3f15,frame402-802/700-749_completed/images/frame_0733_f19010.jpg,frame402-802/700-749_completed/annotations.xml,data/images/train/frame_0733_f19010.jpg,data/labels/train/frame_0733_f19010.txt,data/masks-original/train/frame_0733_f19010.png,2,1280,720,0.502463
frame_0734_f19036.jpg,734,train,1c9dd27f197f85d1c6baf2b3c656867847120eb4af8fa70709e33b1e3251c208,frame402-802/700-749_completed/images/frame_0734_f19036.jpg,frame402-802/700-749_completed/annotations.xml,data/images/train/frame_0734_f19036.jpg,data/labels/train/frame_0734_f19036.txt,data/masks-original/train/frame_0734_f19036.png,2,1280,720,0.519334
frame_0735_f19062.jpg,735,train,cac970ff25ab7a3d6ff1a72f265db24b959c7263ecaa38ef7c91ceb8e5f2c9c1,frame402-802/700-749_completed/images/frame_0735_f19062.jpg,frame402-802/700-749_completed/annotations.xml,data/images/train/frame_0735_f19062.jpg,data/labels/train/frame_0735_f19062.txt,data/masks-original/train/frame_0735_f19062.png,2,1280,720,0.509443
frame_0736_f19088.jpg,736,train,8e14f467bc0ac905a8df826a7cd0052a296e5a3dd2a5af311a6d38ab9384ddfa,frame402-802/700-749_completed/images/frame_0736_f19088.jpg,frame402-802/700-749_completed/annotations.xml,data/images/train/frame_0736_f19088.jpg,data/labels/train/frame_0736_f19088.txt,data/masks-original/train/frame_0736_f19088.png,2,1280,720,0.519371
frame_0737_f19114.jpg,737,train,58a5c264c7f516364ab44c644d995c63df696decbdb92109201fff94ab06e871,frame402-802/700-749_completed/images/frame_0737_f19114.jpg,frame402-802/700-749_completed/annotations.xml,data/images/train/frame_0737_f19114.jpg,data/labels/train/frame_0737_f19114.txt,data/masks-original/train/frame_0737_f19114.png,2,1280,720,0.527508
frame_0738_f19140.jpg,738,train,16a353068a9ee33ce4ce80967cac605bcd7251a3aa1a7fa6c8423b931b85a5dd,frame402-802/700-749_completed/images/frame_0738_f19140.jpg,frame402-802/700-749_completed/annotations.xml,data/images/train/frame_0738_f19140.jpg,data/labels/train/frame_0738_f19140.txt,data/masks-original/train/frame_0738_f19140.png,2,1280,720,0.517036
frame_0739_f19166.jpg,739,train,28ea48ca85cccb87783124aac4ca6f872dfa4b8cf0a6217564ec1215adbf16c0,frame402-802/700-749_completed/images/frame_0739_f19166.jpg,frame402-802/700-749_completed/annotations.xml,data/images/train/frame_0739_f19166.jpg,data/labels/train/frame_0739_f19166.txt,data/masks-original/train/frame_0739_f19166.png,2,1280,720,0.508717
frame_0740_f19192.jpg,740,train,1e0e575610a0a20240c9cdc0373c5b4f191ceac3d51a166ce5b4cacd323b3e6d,frame402-802/700-749_completed/images/frame_0740_f19192.jpg,frame402-802/700-749_completed/annotations.xml,data/images/train/frame_0740_f19192.jpg,data/labels/train/frame_0740_f19192.txt,data/masks-original/train/frame_0740_f19192.png,2,1280,720,0.515026
frame_0741_f19218.jpg,741,train,776844e40d5feaaa43f2bd8ce17b36aea2f64fae5af1c5b53586e1e882fbe1bd,frame402-802/700-749_completed/images/frame_0741_f19218.jpg,frame402-802/700-749_completed/annotations.xml,data/images/train/frame_0741_f19218.jpg,data/labels/train/frame_0741_f19218.txt,data/masks-original/train/frame_0741_f19218.png,2,1280,720,0.537201
frame_0742_f19243.jpg,742,train,dff67ce699e54bca03011a6bfdae41c1adba55014935a82f7802502187e0f4a0,frame402-802/700-749_completed/images/frame_0742_f19243.jpg,frame402-802/700-749_completed/annotations.xml,data/images/train/frame_0742_f19243.jpg,data/labels/train/frame_0742_f19243.txt,data/masks-original/train/frame_0742_f19243.png,2,1280,720,0.531139
frame_0743_f19269.jpg,743,train,414cdd7a366f636d03a6d11132c94704d68841cb60622b676920ea0d5eb02a53,frame402-802/700-749_completed/images/frame_0743_f19269.jpg,frame402-802/700-749_completed/annotations.xml,data/images/train/frame_0743_f19269.jpg,data/labels/train/frame_0743_f19269.txt,data/masks-original/train/frame_0743_f19269.png,2,1280,720,0.527943
frame_0744_f19295.jpg,744,train,bad6d061e4b4028efec6e71126500c101357285815569b5ff1afec0d3118d4f4,frame402-802/700-749_completed/images/frame_0744_f19295.jpg,frame402-802/700-749_completed/annotations.xml,data/images/train/frame_0744_f19295.jpg,data/labels/train/frame_0744_f19295.txt,data/masks-original/train/frame_0744_f19295.png,2,1280,720,0.512003
frame_0745_f19321.jpg,745,train,4fe8d244e02fdb9a3d35605e34f226b797202268a480cf70e195ee62769068ff,frame402-802/700-749_completed/images/frame_0745_f19321.jpg,frame402-802/700-749_completed/annotations.xml,data/images/train/frame_0745_f19321.jpg,data/labels/train/frame_0745_f19321.txt,data/masks-original/train/frame_0745_f19321.png,2,1280,720,0.507591
frame_0746_f19347.jpg,746,train,03e177b676e42e0425ef25471425a1975a0ce1d0bc9fa6f5dc6f5101ce018eab,frame402-802/700-749_completed/images/frame_0746_f19347.jpg,frame402-802/700-749_completed/annotations.xml,data/images/train/frame_0746_f19347.jpg,data/labels/train/frame_0746_f19347.txt,data/masks-original/train/frame_0746_f19347.png,2,1280,720,0.524565
frame_0747_f19373.jpg,747,train,7c4c29714b71fedb9063222773965d53d3bb3c1d5b5e3fb784163ea69791f6ee,frame402-802/700-749_completed/images/frame_0747_f19373.jpg,frame402-802/700-749_completed/annotations.xml,data/images/train/frame_0747_f19373.jpg,data/labels/train/frame_0747_f19373.txt,data/masks-original/train/frame_0747_f19373.png,2,1280,720,0.509975
frame_0748_f19399.jpg,748,train,f7973f82cb3a1b47cb39c2a55e22cc7c690fb59ab66a8320482b868d5c06b02f,frame402-802/700-749_completed/images/frame_0748_f19399.jpg,frame402-802/700-749_completed/annotations.xml,data/images/train/frame_0748_f19399.jpg,data/labels/train/frame_0748_f19399.txt,data/masks-original/train/frame_0748_f19399.png,2,1280,720,0.546463
frame_0749_f19425.jpg,749,train,1075e57e2b1e1a5c07fa1c8fcc8df60c0f65102f8285b22e73bab0029228f58c,frame402-802/700-749_completed/images/frame_0749_f19425.jpg,frame402-802/700-749_completed/annotations.xml,data/images/train/frame_0749_f19425.jpg,data/labels/train/frame_0749_f19425.txt,data/masks-original/train/frame_0749_f19425.png,2,1280,720,0.54501
frame_0803_f20826.jpg,803,test,63e6a031beb03c5426b9c01fcf2a2cf082b5eb31d4952c4b0130c9249c74857d,frame803-1202/PSU-Track-0803-1202_400-images/frame_0803_f20826.jpg,frame803-1202/annotations-400-images.xml,data/images/test/frame_0803_f20826.jpg,data/labels/test/frame_0803_f20826.txt,data/masks-original/test/frame_0803_f20826.png,2,1280,720,0.497992
frame_0804_f20851.jpg,804,test,b15992f08d76844046b245a4d6c69607f4b69d367ce9660872b156093a3b4d06,frame803-1202/PSU-Track-0803-1202_400-images/frame_0804_f20851.jpg,frame803-1202/annotations-400-images.xml,data/images/test/frame_0804_f20851.jpg,data/labels/test/frame_0804_f20851.txt,data/masks-original/test/frame_0804_f20851.png,2,1280,720,0.498118
frame_0805_f20877.jpg,805,test,906792ca39120d016ba675d8d02150b0fa847ed4896807671e82bb8bb16a47e9,frame803-1202/PSU-Track-0803-1202_400-images/frame_0805_f20877.jpg,frame803-1202/annotations-400-images.xml,data/images/test/frame_0805_f20877.jpg,data/labels/test/frame_0805_f20877.txt,data/masks-original/test/frame_0805_f20877.png,2,1280,720,0.498222
frame_0806_f20903.jpg,806,test,02b829a7cecf477a61ea8681ea718ca2c4c3eab361117011df981f229468d9df,frame803-1202/PSU-Track-0803-1202_400-images/frame_0806_f20903.jpg,frame803-1202/annotations-400-images.xml,data/images/test/frame_0806_f20903.jpg,data/labels/test/frame_0806_f20903.txt,data/masks-original/test/frame_0806_f20903.png,2,1280,720,0.498331
frame_0807_f20929.jpg,807,test,baa53ec1dbe3c7bef8ba854566265b2fa7c47e0243a394ac27763c8cee015738,frame803-1202/PSU-Track-0803-1202_400-images/frame_0807_f20929.jpg,frame803-1202/annotations-400-images.xml,data/images/test/frame_0807_f20929.jpg,data/labels/test/frame_0807_f20929.txt,data/masks-original/test/frame_0807_f20929.png,2,1280,720,0.49842
frame_0808_f20955.jpg,808,test,31e44ec2228c97d06d99fac27bddf543d5fe266568f8a80f1b1a15b572c44d39,frame803-1202/PSU-Track-0803-1202_400-images/frame_0808_f20955.jpg,frame803-1202/annotations-400-images.xml,data/images/test/frame_0808_f20955.jpg,data/labels/test/frame_0808_f20955.txt,data/masks-original/test/frame_0808_f20955.png,2,1280,720,0.498513
frame_0809_f20981.jpg,809,test,b4987926cd38742aebb628c415b072016272ed8bf0380977a4a68ad7f57ee373,frame803-1202/PSU-Track-0803-1202_400-images/frame_0809_f20981.jpg,frame803-1202/annotations-400-images.xml,data/images/test/frame_0809_f20981.jpg,data/labels/test/frame_0809_f20981.txt,data/masks-original/test/frame_0809_f20981.png,2,1280,720,0.49875
frame_0810_f21007.jpg,810,test,2ec9e2d92434005852102681471ff7583cf65892c5e40f2b6988cd00e6dc9dd1,frame803-1202/PSU-Track-0803-1202_400-images/frame_0810_f21007.jpg,frame803-1202/annotations-400-images.xml,data/images/test/frame_0810_f21007.jpg,data/labels/test/frame_0810_f21007.txt,data/masks-original/test/frame_0810_f21007.png,2,1280,720,0.498976
frame_0811_f21033.jpg,811,test,a421d262a2b2b0c6578277996c52c5db204833540744b59a85efd54ffebb5eb6,frame803-1202/PSU-Track-0803-1202_400-images/frame_0811_f21033.jpg,frame803-1202/annotations-400-images.xml,data/images/test/frame_0811_f21033.jpg,data/labels/test/frame_0811_f21033.txt,data/masks-original/test/frame_0811_f21033.png,2,1280,720,0.499141
frame_0812_f21059.jpg,812,test,cfd3182545914aad8f292a077aff39ce37872bda4fb95557aed2c247b36f2129,frame803-1202/PSU-Track-0803-1202_400-images/frame_0812_f21059.jpg,frame803-1202/annotations-400-images.xml,data/images/test/frame_0812_f21059.jpg,data/labels/test/frame_0812_f21059.txt,data/masks-original/test/frame_0812_f21059.png,2,1280,720,0.499309
frame_0813_f21085.jpg,813,test,70d5ffdbc173839b8d36f27c021a219b82eabbb16380e7340e8d4846773e5a51,frame803-1202/PSU-Track-0803-1202_400-images/frame_0813_f21085.jpg,frame803-1202/annotations-400-images.xml,data/images/test/frame_0813_f21085.jpg,data/labels/test/frame_0813_f21085.txt,data/masks-original/test/frame_0813_f21085.png,2,1280,720,0.499425
frame_0814_f21111.jpg,814,test,a67ee03e6998cb9453ee0f9feaebde3d8f77279cc1e2ab833892bb0bf9160fe5,frame803-1202/PSU-Track-0803-1202_400-images/frame_0814_f21111.jpg,frame803-1202/annotations-400-images.xml,data/images/test/frame_0814_f21111.jpg,data/labels/test/frame_0814_f21111.txt,data/masks-original/test/frame_0814_f21111.png,2,1280,720,0.502224
frame_0815_f21137.jpg,815,test,909259e06509e11f54622dd924c269aa92ebba3362c7728e3376c795a33679e1,frame803-1202/PSU-Track-0803-1202_400-images/frame_0815_f21137.jpg,frame803-1202/annotations-400-images.xml,data/images/test/frame_0815_f21137.jpg,data/labels/test/frame_0815_f21137.txt,data/masks-original/test/frame_0815_f21137.png,2,1280,720,0.505011
frame_0816_f21163.jpg,816,test,d08b46aeea1e3dcadc67c8aef0d685ed0d51d637141047ea7faf1f34b5dcddce,frame803-1202/PSU-Track-0803-1202_400-images/frame_0816_f21163.jpg,frame803-1202/annotations-400-images.xml,data/images/test/frame_0816_f21163.jpg,data/labels/test/frame_0816_f21163.txt,data/masks-original/test/frame_0816_f21163.png,2,1280,720,0.507816
frame_0817_f21189.jpg,817,test,5d8eec732749441c7b4c4710a7b05ffbdf727737812364927aba33b860c4d956,frame803-1202/PSU-Track-0803-1202_400-images/frame_0817_f21189.jpg,frame803-1202/annotations-400-images.xml,data/images/test/frame_0817_f21189.jpg,data/labels/test/frame_0817_f21189.txt,data/masks-original/test/frame_0817_f21189.png,2,1280,720,0.51057
frame_0818_f21215.jpg,818,test,f5d4b317069e5f0aa2c44c0cdd7d623516b4f5c96feec5ff76e1f24c3e6c802e,frame803-1202/PSU-Track-0803-1202_400-images/frame_0818_f21215.jpg,frame803-1202/annotations-400-images.xml,data/images/test/frame_0818_f21215.jpg,data/labels/test/frame_0818_f21215.txt,data/masks-original/test/frame_0818_f21215.png,2,1280,720,0.513276
frame_0819_f21240.jpg,819,test,160ff177342efead94c64c511db71a761885f8f6dd8311a5cf3cb93c97cbc85f,frame803-1202/PSU-Track-0803-1202_400-images/frame_0819_f21240.jpg,frame803-1202/annotations-400-images.xml,data/images/test/frame_0819_f21240.jpg,data/labels/test/frame_0819_f21240.txt,data/masks-original/test/frame_0819_f21240.png,2,1280,720,0.514674
frame_0820_f21266.jpg,820,test,0537fd709983bb4fbb33b755aec7a92078e2e886f3b8ed7bb705cff21ae8c7eb,frame803-1202/PSU-Track-0803-1202_400-images/frame_0820_f21266.jpg,frame803-1202/annotations-400-images.xml,data/images/test/frame_0820_f21266.jpg,data/labels/test/frame_0820_f21266.txt,data/masks-original/test/frame_0820_f21266.png,2,1280,720,0.516018
frame_0821_f21292.jpg,821,test,acc6dfc0a616076624c1d2f352d90d42b06c4fedfd82101fab6cb712c0aa09cb,frame803-1202/PSU-Track-0803-1202_400-images/frame_0821_f21292.jpg,frame803-1202/annotations-400-images.xml,data/images/test/frame_0821_f21292.jpg,data/labels/test/frame_0821_f21292.txt,data/masks-original/test/frame_0821_f21292.png,2,1280,720,0.517368
frame_0822_f21318.jpg,822,test,8b0d5f2ec3df0fb41ce8b8a93ca8995e7046f24db849b4277474e435b52c29f9,frame803-1202/PSU-Track-0803-1202_400-images/frame_0822_f21318.jpg,frame803-1202/annotations-400-images.xml,data/images/test/frame_0822_f21318.jpg,data/labels/test/frame_0822_f21318.txt,data/masks-original/test/frame_0822_f21318.png,2,1280,720,0.518634
frame_0823_f21344.jpg,823,test,e98f3ad3a231dc70d8cd71b719da3319a1acfe648f5f3165b08d7dd4bdec3a5a,frame803-1202/PSU-Track-0803-1202_400-images/frame_0823_f21344.jpg,frame803-1202/annotations-400-images.xml,data/images/test/frame_0823_f21344.jpg,data/labels/test/frame_0823_f21344.txt,data/masks-original/test/frame_0823_f21344.png,2,1280,720,0.519877
frame_0824_f21370.jpg,824,test,959181ca7904ba5a717605e0c8babc0c60503bfe1e6a8a4e0b9a48af3a251a1e,frame803-1202/PSU-Track-0803-1202_400-images/frame_0824_f21370.jpg,frame803-1202/annotations-400-images.xml,data/images/test/frame_0824_f21370.jpg,data/labels/test/frame_0824_f21370.txt,data/masks-original/test/frame_0824_f21370.png,2,1280,720,0.520522
frame_0825_f21396.jpg,825,test,17332b27aa1b343c21463e9fa9455cdd9659899f58ace8bf6258d8f1d4c68cdb,frame803-1202/PSU-Track-0803-1202_400-images/frame_0825_f21396.jpg,frame803-1202/annotations-400-images.xml,data/images/test/frame_0825_f21396.jpg,data/labels/test/frame_0825_f21396.txt,data/masks-original/test/frame_0825_f21396.png,2,1280,720,0.52123
frame_0826_f21422.jpg,826,test,bec19e1767c1d27ae0fe5df13be70911455d3859a8fc007b3c250c170252c7ff,frame803-1202/PSU-Track-0803-1202_400-images/frame_0826_f21422.jpg,frame803-1202/annotations-400-images.xml,data/images/test/frame_0826_f21422.jpg,data/labels/test/frame_0826_f21422.txt,data/masks-original/test/frame_0826_f21422.png,2,1280,720,0.521772
frame_0827_f21448.jpg,827,test,eae8a9da65c00e1429ef43c2b8b954a0c8c9a6f289588acc61583f7763acdc43,frame803-1202/PSU-Track-0803-1202_400-images/frame_0827_f21448.jpg,frame803-1202/annotations-400-images.xml,data/images/test/frame_0827_f21448.jpg,data/labels/test/frame_0827_f21448.txt,data/masks-original/test/frame_0827_f21448.png,2,1280,720,0.522451
frame_0828_f21474.jpg,828,test,41118ba4b6b2646d07185f872078fe64f188d1e41d9abdfa415c2aaa3fcddbf5,frame803-1202/PSU-Track-0803-1202_400-images/frame_0828_f21474.jpg,frame803-1202/annotations-400-images.xml,data/images/test/frame_0828_f21474.jpg,data/labels/test/frame_0828_f21474.txt,data/masks-original/test/frame_0828_f21474.png,2,1280,720,0.523015
frame_0829_f21500.jpg,829,test,a2e38c58c906c561c8f447a3a1a14b183a2d2c82ec2538c11911d3f36d993410,frame803-1202/PSU-Track-0803-1202_400-images/frame_0829_f21500.jpg,frame803-1202/annotations-400-images.xml,data/images/test/frame_0829_f21500.jpg,data/labels/test/frame_0829_f21500.txt,data/masks-original/test/frame_0829_f21500.png,2,1280,720,0.520321
frame_0830_f21526.jpg,830,test,b24289d5cee68c06f1dbb2e94c77b259a3c864b8a8d8ac3ea056447705791cd3,frame803-1202/PSU-Track-0803-1202_400-images/frame_0830_f21526.jpg,frame803-1202/annotations-400-images.xml,data/images/test/frame_0830_f21526.jpg,data/labels/test/frame_0830_f21526.txt,data/masks-original/test/frame_0830_f21526.png,2,1280,720,0.517431
frame_0831_f21552.jpg,831,test,68ad4971790904f91a04afe518a47f1463738250bf87c0175fdfd26ec8c3dec2,frame803-1202/PSU-Track-0803-1202_400-images/frame_0831_f21552.jpg,frame803-1202/annotations-400-images.xml,data/images/test/frame_0831_f21552.jpg,data/labels/test/frame_0831_f21552.txt,data/masks-original/test/frame_0831_f21552.png,2,1280,720,0.51473
frame_0832_f21578.jpg,832,test,9a0b2cfbe2092d4fa30614556cbc06e52097fdb8fa370c0a177858cde341ec18,frame803-1202/PSU-Track-0803-1202_400-images/frame_0832_f21578.jpg,frame803-1202/annotations-400-images.xml,data/images/test/frame_0832_f21578.jpg,data/labels/test/frame_0832_f21578.txt,data/masks-original/test/frame_0832_f21578.png,2,1280,720,0.511791
frame_0833_f21604.jpg,833,test,57c366c7bb37b44e31fccbe552208df1315ea361379f8c787dd6e8fa786db782,frame803-1202/PSU-Track-0803-1202_400-images/frame_0833_f21604.jpg,frame803-1202/annotations-400-images.xml,data/images/test/frame_0833_f21604.jpg,data/labels/test/frame_0833_f21604.txt,data/masks-original/test/frame_0833_f21604.png,2,1280,720,0.508958
frame_0834_f21629.jpg,834,test,08540dbb4a8baaf3b81a92be2d0b53adf0c481bcbdc7fecd351c73e67030e64c,frame803-1202/PSU-Track-0803-1202_400-images/frame_0834_f21629.jpg,frame803-1202/annotations-400-images.xml,data/images/test/frame_0834_f21629.jpg,data/labels/test/frame_0834_f21629.txt,data/masks-original/test/frame_0834_f21629.png,2,1280,720,0.516029
frame_0835_f21655.jpg,835,test,50d78aec594ad782bc14e27286abf2160a9c3687a738b153389c991978fd1e61,frame803-1202/PSU-Track-0803-1202_400-images/frame_0835_f21655.jpg,frame803-1202/annotations-400-images.xml,data/images/test/frame_0835_f21655.jpg,data/labels/test/frame_0835_f21655.txt,data/masks-original/test/frame_0835_f21655.png,2,1280,720,0.522072
frame_0836_f21681.jpg,836,test,6e6f99ab10f64d7db9bd944af03e4b781a325ffbd96401db0a10ea9dc01ddced,frame803-1202/PSU-Track-0803-1202_400-images/frame_0836_f21681.jpg,frame803-1202/annotations-400-images.xml,data/images/test/frame_0836_f21681.jpg,data/labels/test/frame_0836_f21681.txt,data/masks-original/test/frame_0836_f21681.png,2,1280,720,0.526718
frame_0837_f21707.jpg,837,test,8ba3b4a8bab87b568cfa81f89ea295be9735106809fe10f6339d1bb256dfefe2,frame803-1202/PSU-Track-0803-1202_400-images/frame_0837_f21707.jpg,frame803-1202/annotations-400-images.xml,data/images/test/frame_0837_f21707.jpg,data/labels/test/frame_0837_f21707.txt,data/masks-original/test/frame_0837_f21707.png,2,1280,720,0.530616
frame_0838_f21733.jpg,838,test,c1c2bf99094c6b0695cb8a5add55f24e9636b11719991522610185be098b84e0,frame803-1202/PSU-Track-0803-1202_400-images/frame_0838_f21733.jpg,frame803-1202/annotations-400-images.xml,data/images/test/frame_0838_f21733.jpg,data/labels/test/frame_0838_f21733.txt,data/masks-original/test/frame_0838_f21733.png,2,1280,720,0.533197
frame_0839_f21759.jpg,839,test,9bccfcf5ff9daec7ba863508e887235e1d3ea35b8c50e367865b5608d2ac2868,frame803-1202/PSU-Track-0803-1202_400-images/frame_0839_f21759.jpg,frame803-1202/annotations-400-images.xml,data/images/test/frame_0839_f21759.jpg,data/labels/test/frame_0839_f21759.txt,data/masks-original/test/frame_0839_f21759.png,2,1280,720,0.546647
frame_0840_f21785.jpg,840,test,3274209bd87cd352ebcb0b1ec4db264fdde53fed67a2560d92dece726941ecc4,frame803-1202/PSU-Track-0803-1202_400-images/frame_0840_f21785.jpg,frame803-1202/annotations-400-images.xml,data/images/test/frame_0840_f21785.jpg,data/labels/test/frame_0840_f21785.txt,data/masks-original/test/frame_0840_f21785.png,2,1280,720,0.560839
frame_0841_f21811.jpg,841,test,02753ce122f4dba8549592ac3ba7edee225a986a49064ae266417e0c4c4b7657,frame803-1202/PSU-Track-0803-1202_400-images/frame_0841_f21811.jpg,frame803-1202/annotations-400-images.xml,data/images/test/frame_0841_f21811.jpg,data/labels/test/frame_0841_f21811.txt,data/masks-original/test/frame_0841_f21811.png,2,1280,720,0.566045
frame_0842_f21837.jpg,842,test,d3958823cf2303cac09e631b1c9761b0e7e57bfd6606f0b134c39f2384f1086b,frame803-1202/PSU-Track-0803-1202_400-images/frame_0842_f21837.jpg,frame803-1202/annotations-400-images.xml,data/images/test/frame_0842_f21837.jpg,data/labels/test/frame_0842_f21837.txt,data/masks-original/test/frame_0842_f21837.png,2,1280,720,0.558092
frame_0843_f21863.jpg,843,test,dc8f6b5696a1ec67706189105fe35b376edae664d69a77ada34328bc6c37ede7,frame803-1202/PSU-Track-0803-1202_400-images/frame_0843_f21863.jpg,frame803-1202/annotations-400-images.xml,data/images/test/frame_0843_f21863.jpg,data/labels/test/frame_0843_f21863.txt,data/masks-original/test/frame_0843_f21863.png,2,1280,720,0.489817
frame_0844_f21889.jpg,844,test,12c98d00576a1e0cba97f3b68dd9cb774369969a6a4731d4aa263a4fa4d8ee6e,frame803-1202/PSU-Track-0803-1202_400-images/frame_0844_f21889.jpg,frame803-1202/annotations-400-images.xml,data/images/test/frame_0844_f21889.jpg,data/labels/test/frame_0844_f21889.txt,data/masks-original/test/frame_0844_f21889.png,2,1280,720,0.477171
frame_0845_f21915.jpg,845,test,15027f766bb952595374a6effb7969652f820355e77879060d204fd26b58250d,frame803-1202/PSU-Track-0803-1202_400-images/frame_0845_f21915.jpg,frame803-1202/annotations-400-images.xml,data/images/test/frame_0845_f21915.jpg,data/labels/test/frame_0845_f21915.txt,data/masks-original/test/frame_0845_f21915.png,2,1280,720,0.556759
frame_0846_f21941.jpg,846,test,2d64dddbbc8f5791a85c8e1d93211f429ab514284f0eba96f6883fb4d68fcdf0,frame803-1202/PSU-Track-0803-1202_400-images/frame_0846_f21941.jpg,frame803-1202/annotations-400-images.xml,data/images/test/frame_0846_f21941.jpg,data/labels/test/frame_0846_f21941.txt,data/masks-original/test/frame_0846_f21941.png,2,1280,720,0.555679
frame_0847_f21967.jpg,847,test,338583338c190f0fbf26c09d3660903767a7184822960153b53a37a65d6c6f68,frame803-1202/PSU-Track-0803-1202_400-images/frame_0847_f21967.jpg,frame803-1202/annotations-400-images.xml,data/images/test/frame_0847_f21967.jpg,data/labels/test/frame_0847_f21967.txt,data/masks-original/test/frame_0847_f21967.png,2,1280,720,0.564017
frame_0848_f21993.jpg,848,test,41dfcdcc3f75c3f156de8dad5f460126ab601a5e27f67719e2d7e2d6d9c61280,frame803-1202/PSU-Track-0803-1202_400-images/frame_0848_f21993.jpg,frame803-1202/annotations-400-images.xml,data/images/test/frame_0848_f21993.jpg,data/labels/test/frame_0848_f21993.txt,data/masks-original/test/frame_0848_f21993.png,2,1280,720,0.56346
frame_0849_f22018.jpg,849,test,cd279835ab6cfcbe8ca4db7ff3d31ae2256a5e34ab03d00785f685afe8711e78,frame803-1202/PSU-Track-0803-1202_400-images/frame_0849_f22018.jpg,frame803-1202/annotations-400-images.xml,data/images/test/frame_0849_f22018.jpg,data/labels/test/frame_0849_f22018.txt,data/masks-original/test/frame_0849_f22018.png,2,1280,720,0.562449
frame_0850_f22044.jpg,850,test,32eaec9edfe0fb997f01dcb0880f8f72f5112ecdf749b2f272e3ef8608246301,frame803-1202/PSU-Track-0803-1202_400-images/frame_0850_f22044.jpg,frame803-1202/annotations-400-images.xml,data/images/test/frame_0850_f22044.jpg,data/labels/test/frame_0850_f22044.txt,data/masks-original/test/frame_0850_f22044.png,2,1280,720,0.561261
frame_0851_f22070.jpg,851,test,cdc615ab1d7cfbeb1c80f18f7948725d452e1d9495396433512a9c23d832f10c,frame803-1202/PSU-Track-0803-1202_400-images/frame_0851_f22070.jpg,frame803-1202/annotations-400-images.xml,data/images/test/frame_0851_f22070.jpg,data/labels/test/frame_0851_f22070.txt,data/masks-original/test/frame_0851_f22070.png,2,1280,720,0.560167
frame_0852_f22096.jpg,852,test,976bf9d2c9eeeaefc87d7bb8c855900cb8d7949e8ab126414003ff7270302557,frame803-1202/PSU-Track-0803-1202_400-images/frame_0852_f22096.jpg,frame803-1202/annotations-400-images.xml,data/images/test/frame_0852_f22096.jpg,data/labels/test/frame_0852_f22096.txt,data/masks-original/test/frame_0852_f22096.png,2,1280,720,0.55927
frame_0853_f22122.jpg,853,test,feb4e927d8f710d764f5fed96420a6a49796beeaf167998962235ca996b2b800,frame803-1202/PSU-Track-0803-1202_400-images/frame_0853_f22122.jpg,frame803-1202/annotations-400-images.xml,data/images/test/frame_0853_f22122.jpg,data/labels/test/frame_0853_f22122.txt,data/masks-original/test/frame_0853_f22122.png,2,1280,720,0.531831
frame_0854_f22148.jpg,854,test,0774981854394f8f9e7dc6e547ba15c4e9845153c0752531cb8dea6a73ea7885,frame803-1202/PSU-Track-0803-1202_400-images/frame_0854_f22148.jpg,frame803-1202/annotations-400-images.xml,data/images/test/frame_0854_f22148.jpg,data/labels/test/frame_0854_f22148.txt,data/masks-original/test/frame_0854_f22148.png,2,1280,720,0.559401
frame_0855_f22174.jpg,855,test,346fbafa5a874292966d3cb904035a05cb6c5124fc15f68085063a4fc15a55de,frame803-1202/PSU-Track-0803-1202_400-images/frame_0855_f22174.jpg,frame803-1202/annotations-400-images.xml,data/images/test/frame_0855_f22174.jpg,data/labels/test/frame_0855_f22174.txt,data/masks-original/test/frame_0855_f22174.png,2,1280,720,0.536883
frame_0856_f22200.jpg,856,test,e91916ff2d51e20f202267866055e2d52083e9cf1b95b66125f3f0fd725a458d,frame803-1202/PSU-Track-0803-1202_400-images/frame_0856_f22200.jpg,frame803-1202/annotations-400-images.xml,data/images/test/frame_0856_f22200.jpg,data/labels/test/frame_0856_f22200.txt,data/masks-original/test/frame_0856_f22200.png,2,1280,720,0.535728
frame_0857_f22226.jpg,857,test,0f868c7bcd536f951348f4f6966745988541283dd20c329999d3d818fd394269,frame803-1202/PSU-Track-0803-1202_400-images/frame_0857_f22226.jpg,frame803-1202/annotations-400-images.xml,data/images/test/frame_0857_f22226.jpg,data/labels/test/frame_0857_f22226.txt,data/masks-original/test/frame_0857_f22226.png,2,1280,720,0.528486
frame_0858_f22252.jpg,858,test,448d55a9b58b0c2add6ed6f28794235373055054b5b44acf10142285be1a830d,frame803-1202/PSU-Track-0803-1202_400-images/frame_0858_f22252.jpg,frame803-1202/annotations-400-images.xml,data/images/test/frame_0858_f22252.jpg,data/labels/test/frame_0858_f22252.txt,data/masks-original/test/frame_0858_f22252.png,2,1280,720,0.506379
frame_0859_f22278.jpg,859,test,98a87b3f417b1462397a3936d46ab38fab317f1397884e9b0e4151fe074ea599,frame803-1202/PSU-Track-0803-1202_400-images/frame_0859_f22278.jpg,frame803-1202/annotations-400-images.xml,data/images/test/frame_0859_f22278.jpg,data/labels/test/frame_0859_f22278.txt,data/masks-original/test/frame_0859_f22278.png,2,1280,720,0.515405
frame_0860_f22304.jpg,860,test,d79d1eb7bf7636c81e9653373df4eab2ae7b624f6d95d244b09e70c6194b7aac,frame803-1202/PSU-Track-0803-1202_400-images/frame_0860_f22304.jpg,frame803-1202/annotations-400-images.xml,data/images/test/frame_0860_f22304.jpg,data/labels/test/frame_0860_f22304.txt,data/masks-original/test/frame_0860_f22304.png,2,1280,720,0.494201
frame_0861_f22330.jpg,861,test,698252cfa3986a28fe6c7ea5a7e798e24d82813dbd969c23d4bb8b7aa46dae9c,frame803-1202/PSU-Track-0803-1202_400-images/frame_0861_f22330.jpg,frame803-1202/annotations-400-images.xml,data/images/test/frame_0861_f22330.jpg,data/labels/test/frame_0861_f22330.txt,data/masks-original/test/frame_0861_f22330.png,2,1280,720,0.463229
frame_0862_f22356.jpg,862,test,2b6c04bffefa37e2cc5f8da737f6d0fb23a284aadc1bca39914182a2303b3679,frame803-1202/PSU-Track-0803-1202_400-images/frame_0862_f22356.jpg,frame803-1202/annotations-400-images.xml,data/images/test/frame_0862_f22356.jpg,data/labels/test/frame_0862_f22356.txt,data/masks-original/test/frame_0862_f22356.png,2,1280,720,0.461214
frame_0863_f22382.jpg,863,test,3107827c7d9359cad84eab950092629a2d0586f21c66a0bdb5d45aaffd37bc51,frame803-1202/PSU-Track-0803-1202_400-images/frame_0863_f22382.jpg,frame803-1202/annotations-400-images.xml,data/images/test/frame_0863_f22382.jpg,data/labels/test/frame_0863_f22382.txt,data/masks-original/test/frame_0863_f22382.png,2,1280,720,0.468511
frame_0864_f22408.jpg,864,test,7a5d125b0bbf82dfa4e2262102919ab607f6898bb0faa98c62fa9fc6def30cbe,frame803-1202/PSU-Track-0803-1202_400-images/frame_0864_f22408.jpg,frame803-1202/annotations-400-images.xml,data/images/test/frame_0864_f22408.jpg,data/labels/test/frame_0864_f22408.txt,data/masks-original/test/frame_0864_f22408.png,2,1280,720,0.469477
frame_0865_f22433.jpg,865,test,d514595a1d21401d449b4de561cb6fa76a717669117b268a0f80de8ffe19e566,frame803-1202/PSU-Track-0803-1202_400-images/frame_0865_f22433.jpg,frame803-1202/annotations-400-images.xml,data/images/test/frame_0865_f22433.jpg,data/labels/test/frame_0865_f22433.txt,data/masks-original/test/frame_0865_f22433.png,2,1280,720,0.470934
frame_0866_f22459.jpg,866,test,247582ba56be000ca3fed27661b51814c881f3957af85c2f9fab9dbcaaf1b2ae,frame803-1202/PSU-Track-0803-1202_400-images/frame_0866_f22459.jpg,frame803-1202/annotations-400-images.xml,data/images/test/frame_0866_f22459.jpg,data/labels/test/frame_0866_f22459.txt,data/masks-original/test/frame_0866_f22459.png,2,1280,720,0.481292
frame_0867_f22485.jpg,867,test,ee6b4114a756e387813bebb4f81057dbc65204120722539082d28e7e34b87cc6,frame803-1202/PSU-Track-0803-1202_400-images/frame_0867_f22485.jpg,frame803-1202/annotations-400-images.xml,data/images/test/frame_0867_f22485.jpg,data/labels/test/frame_0867_f22485.txt,data/masks-original/test/frame_0867_f22485.png,2,1280,720,0.472032
frame_0868_f22511.jpg,868,test,3428f78600fbe3043986f5eebf558dc95eb6803a97b2c1aab73267eb6dab56ca,frame803-1202/PSU-Track-0803-1202_400-images/frame_0868_f22511.jpg,frame803-1202/annotations-400-images.xml,data/images/test/frame_0868_f22511.jpg,data/labels/test/frame_0868_f22511.txt,data/masks-original/test/frame_0868_f22511.png,2,1280,720,0.462442
frame_0869_f22537.jpg,869,test,70dc9482ca07d3b74a4d15512d9cf953f17542c5806fa88b7cf7df16d69e985c,frame803-1202/PSU-Track-0803-1202_400-images/frame_0869_f22537.jpg,frame803-1202/annotations-400-images.xml,data/images/test/frame_0869_f22537.jpg,data/labels/test/frame_0869_f22537.txt,data/masks-original/test/frame_0869_f22537.png,2,1280,720,0.467563
frame_0870_f22563.jpg,870,test,063bbf902a2a9f9bd4f42554e8d00dbc6d38b5e0351026588b59963f7d1ebb41,frame803-1202/PSU-Track-0803-1202_400-images/frame_0870_f22563.jpg,frame803-1202/annotations-400-images.xml,data/images/test/frame_0870_f22563.jpg,data/labels/test/frame_0870_f22563.txt,data/masks-original/test/frame_0870_f22563.png,2,1280,720,0.481561
frame_0871_f22589.jpg,871,test,9bac7c0a9939313cbacd0c7eb5d8e77a37f76b927df66542620ae143f7cba6d4,frame803-1202/PSU-Track-0803-1202_400-images/frame_0871_f22589.jpg,frame803-1202/annotations-400-images.xml,data/images/test/frame_0871_f22589.jpg,data/labels/test/frame_0871_f22589.txt,data/masks-original/test/frame_0871_f22589.png,2,1280,720,0.465484
frame_0872_f22615.jpg,872,test,53e7941cecb902db9cedc4ba14b0892dd032b336c080cb2a4cad80880b31dd71,frame803-1202/PSU-Track-0803-1202_400-images/frame_0872_f22615.jpg,frame803-1202/annotations-400-images.xml,data/images/test/frame_0872_f22615.jpg,data/labels/test/frame_0872_f22615.txt,data/masks-original/test/frame_0872_f22615.png,2,1280,720,0.458611
frame_0873_f22641.jpg,873,test,468b8a3abbbe6b8f52b3aa8eff11a88a046cad199aedd277658c0512fd53d95f,frame803-1202/PSU-Track-0803-1202_400-images/frame_0873_f22641.jpg,frame803-1202/annotations-400-images.xml,data/images/test/frame_0873_f22641.jpg,data/labels/test/frame_0873_f22641.txt,data/masks-original/test/frame_0873_f22641.png,2,1280,720,0.466898
frame_0874_f22667.jpg,874,test,50a356c9516abeaa3f5d7780262ad0edf730dcc50faf20b7a850d8ca393db9ce,frame803-1202/PSU-Track-0803-1202_400-images/frame_0874_f22667.jpg,frame803-1202/annotations-400-images.xml,data/images/test/frame_0874_f22667.jpg,data/labels/test/frame_0874_f22667.txt,data/masks-original/test/frame_0874_f22667.png,2,1280,720,0.467
frame_0875_f22693.jpg,875,test,4da64215968333542d5dcb6fd4c9eb0e1cfd988e7d7f7904ff93aa0cfebed34e,frame803-1202/PSU-Track-0803-1202_400-images/frame_0875_f22693.jpg,frame803-1202/annotations-400-images.xml,data/images/test/frame_0875_f22693.jpg,data/labels/test/frame_0875_f22693.txt,data/masks-original/test/frame_0875_f22693.png,2,1280,720,0.470952
frame_0876_f22719.jpg,876,test,2d1156b827eac6fd0b077d63380bc7f09f79153a0f85b1bbdbdbbe3073f65878,frame803-1202/PSU-Track-0803-1202_400-images/frame_0876_f22719.jpg,frame803-1202/annotations-400-images.xml,data/images/test/frame_0876_f22719.jpg,data/labels/test/frame_0876_f22719.txt,data/masks-original/test/frame_0876_f22719.png,2,1280,720,0.459919
frame_0877_f22745.jpg,877,test,6eb746f7609448d74ba8c7e590a38609ad6383ee86133b5854f065ab11e51620,frame803-1202/PSU-Track-0803-1202_400-images/frame_0877_f22745.jpg,frame803-1202/annotations-400-images.xml,data/images/test/frame_0877_f22745.jpg,data/labels/test/frame_0877_f22745.txt,data/masks-original/test/frame_0877_f22745.png,2,1280,720,0.473027
frame_0878_f22771.jpg,878,test,3186c140e097c37d79ae823e82bdcddc09c43691ee09652b298a9b164c2cf1e2,frame803-1202/PSU-Track-0803-1202_400-images/frame_0878_f22771.jpg,frame803-1202/annotations-400-images.xml,data/images/test/frame_0878_f22771.jpg,data/labels/test/frame_0878_f22771.txt,data/masks-original/test/frame_0878_f22771.png,2,1280,720,0.460734
frame_0879_f22797.jpg,879,test,95c65ba6e67cbe1a6e328813099fcbadb51ee2f8b42f3588ccde5934a7716c32,frame803-1202/PSU-Track-0803-1202_400-images/frame_0879_f22797.jpg,frame803-1202/annotations-400-images.xml,data/images/test/frame_0879_f22797.jpg,data/labels/test/frame_0879_f22797.txt,data/masks-original/test/frame_0879_f22797.png,2,1280,720,0.474373
frame_0880_f22822.jpg,880,test,104ee947ffc5a8367237238f38b1ebe753ac30f6be3fb6251ff8acf63177e6c0,frame803-1202/PSU-Track-0803-1202_400-images/frame_0880_f22822.jpg,frame803-1202/annotations-400-images.xml,data/images/test/frame_0880_f22822.jpg,data/labels/test/frame_0880_f22822.txt,data/masks-original/test/frame_0880_f22822.png,2,1280,720,0.468005
frame_0881_f22848.jpg,881,test,8d230f528a902c5c3f5137b0e8ec5140d55b6d913c00ff7e3cdffca0a3d64864,frame803-1202/PSU-Track-0803-1202_400-images/frame_0881_f22848.jpg,frame803-1202/annotations-400-images.xml,data/images/test/frame_0881_f22848.jpg,data/labels/test/frame_0881_f22848.txt,data/masks-original/test/frame_0881_f22848.png,2,1280,720,0.456552
frame_0882_f22874.jpg,882,test,f640d5096d2b80dfa4c060ff573f2a7753167feaae60d2d92e855fa4502f5e7f,frame803-1202/PSU-Track-0803-1202_400-images/frame_0882_f22874.jpg,frame803-1202/annotations-400-images.xml,data/images/test/frame_0882_f22874.jpg,data/labels/test/frame_0882_f22874.txt,data/masks-original/test/frame_0882_f22874.png,2,1280,720,0.45777
frame_0883_f22900.jpg,883,test,3160cf5f09249a181d0057b71b11e803d1e11440a00e4a66fabb8772b1015412,frame803-1202/PSU-Track-0803-1202_400-images/frame_0883_f22900.jpg,frame803-1202/annotations-400-images.xml,data/images/test/frame_0883_f22900.jpg,data/labels/test/frame_0883_f22900.txt,data/masks-original/test/frame_0883_f22900.png,2,1280,720,0.459032
frame_0884_f22926.jpg,884,test,b78296870468bbe94ef01b1f3e7caf36506521a428024998821570711906b802,frame803-1202/PSU-Track-0803-1202_400-images/frame_0884_f22926.jpg,frame803-1202/annotations-400-images.xml,data/images/test/frame_0884_f22926.jpg,data/labels/test/frame_0884_f22926.txt,data/masks-original/test/frame_0884_f22926.png,2,1280,720,0.44937
frame_0885_f22952.jpg,885,test,bed391cec034ffa306787df12af21353741a53d2dd280152fe6a95b73b6bc11f,frame803-1202/PSU-Track-0803-1202_400-images/frame_0885_f22952.jpg,frame803-1202/annotations-400-images.xml,data/images/test/frame_0885_f22952.jpg,data/labels/test/frame_0885_f22952.txt,data/masks-original/test/frame_0885_f22952.png,2,1280,720,0.465375
frame_0886_f22978.jpg,886,test,298440aa7b883b9d27fa5dc4f5ccfc8e78193bde3bf536d836a0bf26a238267a,frame803-1202/PSU-Track-0803-1202_400-images/frame_0886_f22978.jpg,frame803-1202/annotations-400-images.xml,data/images/test/frame_0886_f22978.jpg,data/labels/test/frame_0886_f22978.txt,data/masks-original/test/frame_0886_f22978.png,2,1280,720,0.468212
frame_0887_f23004.jpg,887,test,aa4e05869813f222f83ccd8ad841940247476fc5a8c8a4cd441cadc52821e6f0,frame803-1202/PSU-Track-0803-1202_400-images/frame_0887_f23004.jpg,frame803-1202/annotations-400-images.xml,data/images/test/frame_0887_f23004.jpg,data/labels/test/frame_0887_f23004.txt,data/masks-original/test/frame_0887_f23004.png,2,1280,720,0.471146
frame_0888_f23030.jpg,888,test,3ee3ad52e58dd6c75ec56064394af7f0a074975ff2fab9dfd32193bd93444d32,frame803-1202/PSU-Track-0803-1202_400-images/frame_0888_f23030.jpg,frame803-1202/annotations-400-images.xml,data/images/test/frame_0888_f23030.jpg,data/labels/test/frame_0888_f23030.txt,data/masks-original/test/frame_0888_f23030.png,2,1280,720,0.475866
frame_0889_f23056.jpg,889,test,335e84d0981b98b8f01e6eca82c018a2f3551a2890df71e26059ff9a4e9fbe2e,frame803-1202/PSU-Track-0803-1202_400-images/frame_0889_f23056.jpg,frame803-1202/annotations-400-images.xml,data/images/test/frame_0889_f23056.jpg,data/labels/test/frame_0889_f23056.txt,data/masks-original/test/frame_0889_f23056.png,2,1280,720,0.444151
frame_0890_f23082.jpg,890,test,0aab58059d64750b85dcce081180d80e5f467e7c54930510a5346bbee107df3c,frame803-1202/PSU-Track-0803-1202_400-images/frame_0890_f23082.jpg,frame803-1202/annotations-400-images.xml,data/images/test/frame_0890_f23082.jpg,data/labels/test/frame_0890_f23082.txt,data/masks-original/test/frame_0890_f23082.png,2,1280,720,0.471437
frame_0891_f23108.jpg,891,test,b9f90659c4da92a3c60e3cccdc57798fac79c6d282b4ce759f5ea732c0bba92b,frame803-1202/PSU-Track-0803-1202_400-images/frame_0891_f23108.jpg,frame803-1202/annotations-400-images.xml,data/images/test/frame_0891_f23108.jpg,data/labels/test/frame_0891_f23108.txt,data/masks-original/test/frame_0891_f23108.png,2,1280,720,0.477397
frame_0892_f23134.jpg,892,test,6ef094cd5af494966ce6cbbd2295416eae1984f165155cd82a1ef4b8505de2df,frame803-1202/PSU-Track-0803-1202_400-images/frame_0892_f23134.jpg,frame803-1202/annotations-400-images.xml,data/images/test/frame_0892_f23134.jpg,data/labels/test/frame_0892_f23134.txt,data/masks-original/test/frame_0892_f23134.png,2,1280,720,0.494971
frame_0893_f23160.jpg,893,test,80ba9df28bb37a770f9f3473d5e77a45cfece7e80225284228f356032f7cd255,frame803-1202/PSU-Track-0803-1202_400-images/frame_0893_f23160.jpg,frame803-1202/annotations-400-images.xml,data/images/test/frame_0893_f23160.jpg,data/labels/test/frame_0893_f23160.txt,data/masks-original/test/frame_0893_f23160.png,2,1280,720,0.462923
frame_0894_f23186.jpg,894,test,bc40318b8e0c16c8ee5870cef8e0055a521c4bb9399cd8a69dfccffd9f622188,frame803-1202/PSU-Track-0803-1202_400-images/frame_0894_f23186.jpg,frame803-1202/annotations-400-images.xml,data/images/test/frame_0894_f23186.jpg,data/labels/test/frame_0894_f23186.txt,data/masks-original/test/frame_0894_f23186.png,2,1280,720,0.454198
frame_0895_f23211.jpg,895,test,e1d65d8b3fb7656f663568115a543656d89643a85c4b2682975db7308e85cc1e,frame803-1202/PSU-Track-0803-1202_400-images/frame_0895_f23211.jpg,frame803-1202/annotations-400-images.xml,data/images/test/frame_0895_f23211.jpg,data/labels/test/frame_0895_f23211.txt,data/masks-original/test/frame_0895_f23211.png,2,1280,720,0.459838
frame_0896_f23237.jpg,896,test,6439ce93dc878f73f68a4de9b6c1eb418b21caf32144fc34a3807cd40d05d317,frame803-1202/PSU-Track-0803-1202_400-images/frame_0896_f23237.jpg,frame803-1202/annotations-400-images.xml,data/images/test/frame_0896_f23237.jpg,data/labels/test/frame_0896_f23237.txt,data/masks-original/test/frame_0896_f23237.png,2,1280,720,0.46599
frame_0897_f23263.jpg,897,test,df554250f6beb1d692ef186068e9b9e67b1b87a557858ece9a7290327f2ea016,frame803-1202/PSU-Track-0803-1202_400-images/frame_0897_f23263.jpg,frame803-1202/annotations-400-images.xml,data/images/test/frame_0897_f23263.jpg,data/labels/test/frame_0897_f23263.txt,data/masks-original/test/frame_0897_f23263.png,2,1280,720,0.48121
frame_0898_f23289.jpg,898,test,acd559a4b7d1c9f0343ec333496ea7a16390f64e309650aa69f3e96be830681d,frame803-1202/PSU-Track-0803-1202_400-images/frame_0898_f23289.jpg,frame803-1202/annotations-400-images.xml,data/images/test/frame_0898_f23289.jpg,data/labels/test/frame_0898_f23289.txt,data/masks-original/test/frame_0898_f23289.png,2,1280,720,0.45531
frame_0899_f23315.jpg,899,test,7ecb266ecaa384050ab7ddc7805a7fa6bc7842b8a380e47afdcbd43aa4663d4d,frame803-1202/PSU-Track-0803-1202_400-images/frame_0899_f23315.jpg,frame803-1202/annotations-400-images.xml,data/images/test/frame_0899_f23315.jpg,data/labels/test/frame_0899_f23315.txt,data/masks-original/test/frame_0899_f23315.png,2,1280,720,0.444849
frame_0900_f23341.jpg,900,test,d08afc13c498495a2307f4ef0700e01f0bad70cc76d8cf55f37a7862e75b6702,frame803-1202/PSU-Track-0803-1202_400-images/frame_0900_f23341.jpg,frame803-1202/annotations-400-images.xml,data/images/test/frame_0900_f23341.jpg,data/labels/test/frame_0900_f23341.txt,data/masks-original/test/frame_0900_f23341.png,2,1280,720,0.45052
frame_0901_f23367.jpg,901,test,6f5cf898ff9eafd9ac6285ccd9c5e128ce267c99e7982b1e87671fcaaf7f5a73,frame803-1202/PSU-Track-0803-1202_400-images/frame_0901_f23367.jpg,frame803-1202/annotations-400-images.xml,data/images/test/frame_0901_f23367.jpg,data/labels/test/frame_0901_f23367.txt,data/masks-original/test/frame_0901_f23367.png,2,1280,720,0.440281
frame_0902_f23393.jpg,902,test,eb4e2efda19cfab608e17428b7fb7914ab1682293c967655cc44f0a01f9acf06,frame803-1202/PSU-Track-0803-1202_400-images/frame_0902_f23393.jpg,frame803-1202/annotations-400-images.xml,data/images/test/frame_0902_f23393.jpg,data/labels/test/frame_0902_f23393.txt,data/masks-original/test/frame_0902_f23393.png,2,1280,720,0.455586
frame_0903_f23419.jpg,903,test,d144c00ee2fc58659ed4bf2d1e4de6e8d6c4b9cb3d49d265ee4b82a78a3f7fc5,frame803-1202/PSU-Track-0803-1202_400-images/frame_0903_f23419.jpg,frame803-1202/annotations-400-images.xml,data/images/test/frame_0903_f23419.jpg,data/labels/test/frame_0903_f23419.txt,data/masks-original/test/frame_0903_f23419.png,2,1280,720,0.475999
frame_0904_f23445.jpg,904,test,73602221e90c23b901ffacc24f0102b055df65e5c936cb34d9b50e306937679f,frame803-1202/PSU-Track-0803-1202_400-images/frame_0904_f23445.jpg,frame803-1202/annotations-400-images.xml,data/images/test/frame_0904_f23445.jpg,data/labels/test/frame_0904_f23445.txt,data/masks-original/test/frame_0904_f23445.png,2,1280,720,0.450882
frame_0905_f23471.jpg,905,test,efc4d81326b40b2143669d9dad508af23a828e8ddb2e70bb7ba57ecb3e1360ca,frame803-1202/PSU-Track-0803-1202_400-images/frame_0905_f23471.jpg,frame803-1202/annotations-400-images.xml,data/images/test/frame_0905_f23471.jpg,data/labels/test/frame_0905_f23471.txt,data/masks-original/test/frame_0905_f23471.png,2,1280,720,0.477215
frame_0906_f23497.jpg,906,test,b3f96f2416a8c88df1d449618c4d476b4a20ab30499a513737c55cd85dc9fd20,frame803-1202/PSU-Track-0803-1202_400-images/frame_0906_f23497.jpg,frame803-1202/annotations-400-images.xml,data/images/test/frame_0906_f23497.jpg,data/labels/test/frame_0906_f23497.txt,data/masks-original/test/frame_0906_f23497.png,2,1280,720,0.486418
frame_0907_f23523.jpg,907,test,67ca552cc6c81be5a4a0b318c5e47b13943e22f927f07f2c91e7482c2dbc342e,frame803-1202/PSU-Track-0803-1202_400-images/frame_0907_f23523.jpg,frame803-1202/annotations-400-images.xml,data/images/test/frame_0907_f23523.jpg,data/labels/test/frame_0907_f23523.txt,data/masks-original/test/frame_0907_f23523.png,2,1280,720,0.453895
frame_0908_f23549.jpg,908,test,8a18195f395766cb641fbaf0a97df80e868b738169e0dacc1674ba5b579d20fd,frame803-1202/PSU-Track-0803-1202_400-images/frame_0908_f23549.jpg,frame803-1202/annotations-400-images.xml,data/images/test/frame_0908_f23549.jpg,data/labels/test/frame_0908_f23549.txt,data/masks-original/test/frame_0908_f23549.png,2,1280,720,0.450306
frame_0909_f23575.jpg,909,test,ddaaad4c3ed1d840795091906b0632b0018b32c9a13c9bd53dd79a73afaeffce,frame803-1202/PSU-Track-0803-1202_400-images/frame_0909_f23575.jpg,frame803-1202/annotations-400-images.xml,data/images/test/frame_0909_f23575.jpg,data/labels/test/frame_0909_f23575.txt,data/masks-original/test/frame_0909_f23575.png,2,1280,720,0.462638
frame_0910_f23601.jpg,910,test,7e25c4c930f1bedc34bb7aa3adeb50c69814fbc9640f7003b45161ae559d5048,frame803-1202/PSU-Track-0803-1202_400-images/frame_0910_f23601.jpg,frame803-1202/annotations-400-images.xml,data/images/test/frame_0910_f23601.jpg,data/labels/test/frame_0910_f23601.txt,data/masks-original/test/frame_0910_f23601.png,2,1280,720,0.482028
frame_0911_f23626.jpg,911,test,0c5550d00871ecde3bc61a119b95dc8a0c459234c33eefadf38aa7862bf087a5,frame803-1202/PSU-Track-0803-1202_400-images/frame_0911_f23626.jpg,frame803-1202/annotations-400-images.xml,data/images/test/frame_0911_f23626.jpg,data/labels/test/frame_0911_f23626.txt,data/masks-original/test/frame_0911_f23626.png,2,1280,720,0.46734
frame_0912_f23652.jpg,912,test,148bbb2f8f466f7e47e8a32d8ff949012f8adb80d57386a7b1c7d156b7a5cdad,frame803-1202/PSU-Track-0803-1202_400-images/frame_0912_f23652.jpg,frame803-1202/annotations-400-images.xml,data/images/test/frame_0912_f23652.jpg,data/labels/test/frame_0912_f23652.txt,data/masks-original/test/frame_0912_f23652.png,2,1280,720,0.4515
frame_0913_f23678.jpg,913,test,67e5b7862a2267ce66e74420ce9eb6a70f63221faf875d16c9b9171cd5f314d9,frame803-1202/PSU-Track-0803-1202_400-images/frame_0913_f23678.jpg,frame803-1202/annotations-400-images.xml,data/images/test/frame_0913_f23678.jpg,data/labels/test/frame_0913_f23678.txt,data/masks-original/test/frame_0913_f23678.png,2,1280,720,0.451992
frame_0914_f23704.jpg,914,test,abefcd5f69e8694bd9cec9321f4c7fdf3a24121f0f8a1055a515f0d857f3d8fa,frame803-1202/PSU-Track-0803-1202_400-images/frame_0914_f23704.jpg,frame803-1202/annotations-400-images.xml,data/images/test/frame_0914_f23704.jpg,data/labels/test/frame_0914_f23704.txt,data/masks-original/test/frame_0914_f23704.png,2,1280,720,0.464048
frame_0915_f23730.jpg,915,test,00550cb7076a0ee0550c658c8731e66fe42191b5fbee3a8dca77c7c13ab26fa9,frame803-1202/PSU-Track-0803-1202_400-images/frame_0915_f23730.jpg,frame803-1202/annotations-400-images.xml,data/images/test/frame_0915_f23730.jpg,data/labels/test/frame_0915_f23730.txt,data/masks-original/test/frame_0915_f23730.png,2,1280,720,0.463309
frame_0916_f23756.jpg,916,test,c771c4e664decd5b09aef235ce46401fab132c3c696b73fdb6e9a86e34c83bf5,frame803-1202/PSU-Track-0803-1202_400-images/frame_0916_f23756.jpg,frame803-1202/annotations-400-images.xml,data/images/test/frame_0916_f23756.jpg,data/labels/test/frame_0916_f23756.txt,data/masks-original/test/frame_0916_f23756.png,2,1280,720,0.458474
frame_0917_f23782.jpg,917,test,220ebb0df2d868bec69ccaca13c8bd60c17c485be88c617520601469ff56af5e,frame803-1202/PSU-Track-0803-1202_400-images/frame_0917_f23782.jpg,frame803-1202/annotations-400-images.xml,data/images/test/frame_0917_f23782.jpg,data/labels/test/frame_0917_f23782.txt,data/masks-original/test/frame_0917_f23782.png,2,1280,720,0.454647
frame_0918_f23808.jpg,918,test,9c72ec73656cb859459a53878ccfe813ff737d0c9e6775cc9bbd16c3d2743210,frame803-1202/PSU-Track-0803-1202_400-images/frame_0918_f23808.jpg,frame803-1202/annotations-400-images.xml,data/images/test/frame_0918_f23808.jpg,data/labels/test/frame_0918_f23808.txt,data/masks-original/test/frame_0918_f23808.png,2,1280,720,0.469434
frame_0919_f23834.jpg,919,test,65ea77c17e4b0c142e618ecd883e86653f9911dd007b31a8d987d66b6297466a,frame803-1202/PSU-Track-0803-1202_400-images/frame_0919_f23834.jpg,frame803-1202/annotations-400-images.xml,data/images/test/frame_0919_f23834.jpg,data/labels/test/frame_0919_f23834.txt,data/masks-original/test/frame_0919_f23834.png,2,1280,720,0.448405
frame_0920_f23860.jpg,920,test,61a01ea542029532c91b9daf3c3d51b7cf2fa4e7b9c83cf784f97ea0da587b67,frame803-1202/PSU-Track-0803-1202_400-images/frame_0920_f23860.jpg,frame803-1202/annotations-400-images.xml,data/images/test/frame_0920_f23860.jpg,data/labels/test/frame_0920_f23860.txt,data/masks-original/test/frame_0920_f23860.png,2,1280,720,0.455458
frame_0921_f23886.jpg,921,test,4181c62d6208e9a679538c996c72e2e8cfb9288c786d43c0ccd07b8c3f7442bf,frame803-1202/PSU-Track-0803-1202_400-images/frame_0921_f23886.jpg,frame803-1202/annotations-400-images.xml,data/images/test/frame_0921_f23886.jpg,data/labels/test/frame_0921_f23886.txt,data/masks-original/test/frame_0921_f23886.png,2,1280,720,0.455736
frame_0922_f23912.jpg,922,test,5e3866f3bdc8e68ae0655eb6969228480a564fdb4af832faf77ef4f9ec9759dd,frame803-1202/PSU-Track-0803-1202_400-images/frame_0922_f23912.jpg,frame803-1202/annotations-400-images.xml,data/images/test/frame_0922_f23912.jpg,data/labels/test/frame_0922_f23912.txt,data/masks-original/test/frame_0922_f23912.png,2,1280,720,0.457538
frame_0923_f23938.jpg,923,test,2eb59ff7c658b891edf8f8bd65467b0c7407152c508ff2fa16f90d178b787520,frame803-1202/PSU-Track-0803-1202_400-images/frame_0923_f23938.jpg,frame803-1202/annotations-400-images.xml,data/images/test/frame_0923_f23938.jpg,data/labels/test/frame_0923_f23938.txt,data/masks-original/test/frame_0923_f23938.png,2,1280,720,0.443179
frame_0924_f23964.jpg,924,test,ce9026e2ec8967d719d7d075e55f149b450abc5121c5ec2a5ff7ecafce30c089,frame803-1202/PSU-Track-0803-1202_400-images/frame_0924_f23964.jpg,frame803-1202/annotations-400-images.xml,data/images/test/frame_0924_f23964.jpg,data/labels/test/frame_0924_f23964.txt,data/masks-original/test/frame_0924_f23964.png,2,1280,720,0.442687
frame_0925_f23990.jpg,925,test,87f62040b10c8ecbc811f338b7595dc4226c74778267dc48e2269c65c33f9ce2,frame803-1202/PSU-Track-0803-1202_400-images/frame_0925_f23990.jpg,frame803-1202/annotations-400-images.xml,data/images/test/frame_0925_f23990.jpg,data/labels/test/frame_0925_f23990.txt,data/masks-original/test/frame_0925_f23990.png,2,1280,720,0.459084
frame_0926_f24015.jpg,926,test,b32282521bbe36da580508998bdaad981846b04c29126539e84d67818533adc7,frame803-1202/PSU-Track-0803-1202_400-images/frame_0926_f24015.jpg,frame803-1202/annotations-400-images.xml,data/images/test/frame_0926_f24015.jpg,data/labels/test/frame_0926_f24015.txt,data/masks-original/test/frame_0926_f24015.png,2,1280,720,0.446213
frame_0927_f24041.jpg,927,test,455600ee4ff0001080ff41bc51bf0e2eaedc66871cd18a165d3229305b3d230b,frame803-1202/PSU-Track-0803-1202_400-images/frame_0927_f24041.jpg,frame803-1202/annotations-400-images.xml,data/images/test/frame_0927_f24041.jpg,data/labels/test/frame_0927_f24041.txt,data/masks-original/test/frame_0927_f24041.png,2,1280,720,0.464227
frame_0928_f24067.jpg,928,test,9517b011c95d364fa9756823192ed111975bb4eb6d81c4e9378263ed3b94842c,frame803-1202/PSU-Track-0803-1202_400-images/frame_0928_f24067.jpg,frame803-1202/annotations-400-images.xml,data/images/test/frame_0928_f24067.jpg,data/labels/test/frame_0928_f24067.txt,data/masks-original/test/frame_0928_f24067.png,2,1280,720,0.467386
frame_0929_f24093.jpg,929,test,aa3d10d2dc43452e811bddde9f6a4c72f46cf7b130428464f6404c7e6975f84f,frame803-1202/PSU-Track-0803-1202_400-images/frame_0929_f24093.jpg,frame803-1202/annotations-400-images.xml,data/images/test/frame_0929_f24093.jpg,data/labels/test/frame_0929_f24093.txt,data/masks-original/test/frame_0929_f24093.png,2,1280,720,0.443492
frame_0930_f24119.jpg,930,test,4e7262eb9c20c4dcbf085f350e67135c5481826ac2033d35b7c7d0c56f6f425f,frame803-1202/PSU-Track-0803-1202_400-images/frame_0930_f24119.jpg,frame803-1202/annotations-400-images.xml,data/images/test/frame_0930_f24119.jpg,data/labels/test/frame_0930_f24119.txt,data/masks-original/test/frame_0930_f24119.png,2,1280,720,0.461953
frame_0931_f24145.jpg,931,test,84dddcae5b7d68d6ff467bf89610d3991c59ff582f3f9d33251eb576dbb6854d,frame803-1202/PSU-Track-0803-1202_400-images/frame_0931_f24145.jpg,frame803-1202/annotations-400-images.xml,data/images/test/frame_0931_f24145.jpg,data/labels/test/frame_0931_f24145.txt,data/masks-original/test/frame_0931_f24145.png,2,1280,720,0.44441
frame_0932_f24171.jpg,932,test,571b111a8b46cddd3b7ec43ef5f7510630fd99902f17932e61c6fd4da2a1f832,frame803-1202/PSU-Track-0803-1202_400-images/frame_0932_f24171.jpg,frame803-1202/annotations-400-images.xml,data/images/test/frame_0932_f24171.jpg,data/labels/test/frame_0932_f24171.txt,data/masks-original/test/frame_0932_f24171.png,2,1280,720,0.450337
frame_0933_f24197.jpg,933,test,5ec5875bd892e6688e43914923812b0b0fd109be1e9ae3d5761337322718c893,frame803-1202/PSU-Track-0803-1202_400-images/frame_0933_f24197.jpg,frame803-1202/annotations-400-images.xml,data/images/test/frame_0933_f24197.jpg,data/labels/test/frame_0933_f24197.txt,data/masks-original/test/frame_0933_f24197.png,2,1280,720,0.462708
frame_0934_f24223.jpg,934,test,14c2fb752e7e6d150318750c6e0dde11572afeddba59d58eaec78ad70e622c64,frame803-1202/PSU-Track-0803-1202_400-images/frame_0934_f24223.jpg,frame803-1202/annotations-400-images.xml,data/images/test/frame_0934_f24223.jpg,data/labels/test/frame_0934_f24223.txt,data/masks-original/test/frame_0934_f24223.png,2,1280,720,0.443078
frame_0935_f24249.jpg,935,test,f722e2cfcc73b4c552d9b9b1c8e73a93b4bcf7ab66b5e29ede30a2b8428bd31b,frame803-1202/PSU-Track-0803-1202_400-images/frame_0935_f24249.jpg,frame803-1202/annotations-400-images.xml,data/images/test/frame_0935_f24249.jpg,data/labels/test/frame_0935_f24249.txt,data/masks-original/test/frame_0935_f24249.png,2,1280,720,0.431709
frame_0936_f24275.jpg,936,test,d4747642928f031ee7750db056435027789f580608e99c6dd1130d462b40cee9,frame803-1202/PSU-Track-0803-1202_400-images/frame_0936_f24275.jpg,frame803-1202/annotations-400-images.xml,data/images/test/frame_0936_f24275.jpg,data/labels/test/frame_0936_f24275.txt,data/masks-original/test/frame_0936_f24275.png,2,1280,720,0.445431
frame_0937_f24301.jpg,937,test,a5a369d68c92d121464a55ff6f4a84524897e4011907debb1aa9037810697b71,frame803-1202/PSU-Track-0803-1202_400-images/frame_0937_f24301.jpg,frame803-1202/annotations-400-images.xml,data/images/test/frame_0937_f24301.jpg,data/labels/test/frame_0937_f24301.txt,data/masks-original/test/frame_0937_f24301.png,2,1280,720,0.45116
frame_0938_f24327.jpg,938,test,252709b47d46b422cb9a6b12d95e2828892678a0ec67cbfa5ae7397961162507,frame803-1202/PSU-Track-0803-1202_400-images/frame_0938_f24327.jpg,frame803-1202/annotations-400-images.xml,data/images/test/frame_0938_f24327.jpg,data/labels/test/frame_0938_f24327.txt,data/masks-original/test/frame_0938_f24327.png,2,1280,720,0.451607
frame_0939_f24353.jpg,939,test,24c3fc93be7987b889e950efa0b95d54e13e2b11a5f202191e100a1d093a86aa,frame803-1202/PSU-Track-0803-1202_400-images/frame_0939_f24353.jpg,frame803-1202/annotations-400-images.xml,data/images/test/frame_0939_f24353.jpg,data/labels/test/frame_0939_f24353.txt,data/masks-original/test/frame_0939_f24353.png,2,1280,720,0.456571
frame_0940_f24379.jpg,940,test,796a84ba2ade140f513e0d9b6c88a21c529f9634e0bf56c1610f32c1cf2e5fef,frame803-1202/PSU-Track-0803-1202_400-images/frame_0940_f24379.jpg,frame803-1202/annotations-400-images.xml,data/images/test/frame_0940_f24379.jpg,data/labels/test/frame_0940_f24379.txt,data/masks-original/test/frame_0940_f24379.png,2,1280,720,0.456799
frame_0941_f24404.jpg,941,test,4075c4f453e38a5b9058019a6ed8dd7672debb5856affac75b57599cbe2699e0,frame803-1202/PSU-Track-0803-1202_400-images/frame_0941_f24404.jpg,frame803-1202/annotations-400-images.xml,data/images/test/frame_0941_f24404.jpg,data/labels/test/frame_0941_f24404.txt,data/masks-original/test/frame_0941_f24404.png,2,1280,720,0.452975
frame_0942_f24430.jpg,942,test,c5d6de303bc9db4246cf7e01e7894b897d48c6525e585b9b3ed1674465e70a56,frame803-1202/PSU-Track-0803-1202_400-images/frame_0942_f24430.jpg,frame803-1202/annotations-400-images.xml,data/images/test/frame_0942_f24430.jpg,data/labels/test/frame_0942_f24430.txt,data/masks-original/test/frame_0942_f24430.png,2,1280,720,0.447059
frame_0943_f24456.jpg,943,test,bb7a30d874d81aa6bb766f33593406f2679f0cd7b09f4af7df8aeb34a8332d26,frame803-1202/PSU-Track-0803-1202_400-images/frame_0943_f24456.jpg,frame803-1202/annotations-400-images.xml,data/images/test/frame_0943_f24456.jpg,data/labels/test/frame_0943_f24456.txt,data/masks-original/test/frame_0943_f24456.png,2,1280,720,0.453543
frame_0944_f24482.jpg,944,test,df595302de855690ca6c70c8484a08731979672b5d1321e368ac8b7beafd0a40,frame803-1202/PSU-Track-0803-1202_400-images/frame_0944_f24482.jpg,frame803-1202/annotations-400-images.xml,data/images/test/frame_0944_f24482.jpg,data/labels/test/frame_0944_f24482.txt,data/masks-original/test/frame_0944_f24482.png,2,1280,720,0.470234
frame_0945_f24508.jpg,945,test,d7a54c7e03fa639fa26c131312a6a1cd568fc783c28d917e752693adc02534bb,frame803-1202/PSU-Track-0803-1202_400-images/frame_0945_f24508.jpg,frame803-1202/annotations-400-images.xml,data/images/test/frame_0945_f24508.jpg,data/labels/test/frame_0945_f24508.txt,data/masks-original/test/frame_0945_f24508.png,2,1280,720,0.457326
frame_0946_f24534.jpg,946,test,c8a4e1a8c6908d2212e883ca8f1e12b390007eceac57c6613c8a20fc9c9db279,frame803-1202/PSU-Track-0803-1202_400-images/frame_0946_f24534.jpg,frame803-1202/annotations-400-images.xml,data/images/test/frame_0946_f24534.jpg,data/labels/test/frame_0946_f24534.txt,data/masks-original/test/frame_0946_f24534.png,2,1280,720,0.479389
frame_0947_f24560.jpg,947,test,d9e69b939721c3afdc159fb16cf01863ad8d386f6775212ed96b6b590d534e5f,frame803-1202/PSU-Track-0803-1202_400-images/frame_0947_f24560.jpg,frame803-1202/annotations-400-images.xml,data/images/test/frame_0947_f24560.jpg,data/labels/test/frame_0947_f24560.txt,data/masks-original/test/frame_0947_f24560.png,2,1280,720,0.450411
frame_0948_f24586.jpg,948,test,8bd448b5ffa840ad43bf2a55fcbf28db7d165663e47fe60c82ec34a3464a4225,frame803-1202/PSU-Track-0803-1202_400-images/frame_0948_f24586.jpg,frame803-1202/annotations-400-images.xml,data/images/test/frame_0948_f24586.jpg,data/labels/test/frame_0948_f24586.txt,data/masks-original/test/frame_0948_f24586.png,2,1280,720,0.451678
frame_0949_f24612.jpg,949,test,1ce3147f68603a2d7129456865678b5e8712c7448fd7531a5eddc3a9b9496c53,frame803-1202/PSU-Track-0803-1202_400-images/frame_0949_f24612.jpg,frame803-1202/annotations-400-images.xml,data/images/test/frame_0949_f24612.jpg,data/labels/test/frame_0949_f24612.txt,data/masks-original/test/frame_0949_f24612.png,2,1280,720,0.451988
frame_0950_f24638.jpg,950,test,aff25c31cf163a2fc5aa8f0c97134f2c7f73e07037e0ca377c7cd80915779bcd,frame803-1202/PSU-Track-0803-1202_400-images/frame_0950_f24638.jpg,frame803-1202/annotations-400-images.xml,data/images/test/frame_0950_f24638.jpg,data/labels/test/frame_0950_f24638.txt,data/masks-original/test/frame_0950_f24638.png,2,1280,720,0.445136
frame_0951_f24664.jpg,951,test,91915ef8f9e8c1dcb10876aa06510b714d87010773075786a43a091c7bac63ce,frame803-1202/PSU-Track-0803-1202_400-images/frame_0951_f24664.jpg,frame803-1202/annotations-400-images.xml,data/images/test/frame_0951_f24664.jpg,data/labels/test/frame_0951_f24664.txt,data/masks-original/test/frame_0951_f24664.png,2,1280,720,0.473883
frame_0952_f24690.jpg,952,test,6616fc56545faed5c81535a1733a5e236674fae0e311cdff0b0ebe7b36a090ee,frame803-1202/PSU-Track-0803-1202_400-images/frame_0952_f24690.jpg,frame803-1202/annotations-400-images.xml,data/images/test/frame_0952_f24690.jpg,data/labels/test/frame_0952_f24690.txt,data/masks-original/test/frame_0952_f24690.png,2,1280,720,0.44323
frame_0953_f24716.jpg,953,test,de8ddadcd46dc9290ec296744a2dd3b613e26e952e5b52970d2d7b609e4a69c0,frame803-1202/PSU-Track-0803-1202_400-images/frame_0953_f24716.jpg,frame803-1202/annotations-400-images.xml,data/images/test/frame_0953_f24716.jpg,data/labels/test/frame_0953_f24716.txt,data/masks-original/test/frame_0953_f24716.png,2,1280,720,0.452552
frame_0954_f24742.jpg,954,test,44ccd3084653fc70488b0fe43db70e0254049129c799b42ee1f799c5f36171b1,frame803-1202/PSU-Track-0803-1202_400-images/frame_0954_f24742.jpg,frame803-1202/annotations-400-images.xml,data/images/test/frame_0954_f24742.jpg,data/labels/test/frame_0954_f24742.txt,data/masks-original/test/frame_0954_f24742.png,2,1280,720,0.470994
frame_0955_f24768.jpg,955,test,3a119d4d104ff5ff286994aeeb53d4b4cd056c4614b761c1a4c739f94952fd3e,frame803-1202/PSU-Track-0803-1202_400-images/frame_0955_f24768.jpg,frame803-1202/annotations-400-images.xml,data/images/test/frame_0955_f24768.jpg,data/labels/test/frame_0955_f24768.txt,data/masks-original/test/frame_0955_f24768.png,2,1280,720,0.462609
frame_0956_f24793.jpg,956,test,1630a495762afbc6c08671fe305e871cad743b79ae252ba5509750fed1012adf,frame803-1202/PSU-Track-0803-1202_400-images/frame_0956_f24793.jpg,frame803-1202/annotations-400-images.xml,data/images/test/frame_0956_f24793.jpg,data/labels/test/frame_0956_f24793.txt,data/masks-original/test/frame_0956_f24793.png,2,1280,720,0.452894
frame_0957_f24819.jpg,957,test,27f7213ec6c8a2dc2f88bcd3ac02e2cf0f28802e3e2a832b826d841afa3dead4,frame803-1202/PSU-Track-0803-1202_400-images/frame_0957_f24819.jpg,frame803-1202/annotations-400-images.xml,data/images/test/frame_0957_f24819.jpg,data/labels/test/frame_0957_f24819.txt,data/masks-original/test/frame_0957_f24819.png,2,1280,720,0.435825
frame_0958_f24845.jpg,958,test,01f96794ebede5a9b21bcabc2b24fb38db9ab0c80076296eeff7ff57a74853ef,frame803-1202/PSU-Track-0803-1202_400-images/frame_0958_f24845.jpg,frame803-1202/annotations-400-images.xml,data/images/test/frame_0958_f24845.jpg,data/labels/test/frame_0958_f24845.txt,data/masks-original/test/frame_0958_f24845.png,2,1280,720,0.467205
frame_0959_f24871.jpg,959,test,4e4cc88467bca5359d15e94e3a51547d2069d394f130cb50baf77d5e5154c0e2,frame803-1202/PSU-Track-0803-1202_400-images/frame_0959_f24871.jpg,frame803-1202/annotations-400-images.xml,data/images/test/frame_0959_f24871.jpg,data/labels/test/frame_0959_f24871.txt,data/masks-original/test/frame_0959_f24871.png,2,1280,720,0.43914
frame_0960_f24897.jpg,960,test,cb55db5fa8f81074b7bbeb8fc533fffed2d6d7c40e454eb5f02aafee816ab6c3,frame803-1202/PSU-Track-0803-1202_400-images/frame_0960_f24897.jpg,frame803-1202/annotations-400-images.xml,data/images/test/frame_0960_f24897.jpg,data/labels/test/frame_0960_f24897.txt,data/masks-original/test/frame_0960_f24897.png,2,1280,720,0.429329
frame_0961_f24923.jpg,961,test,98276bafa0df00f1bdc42cb12a658af4af4eba0446bf73f62e0ef8a94fcccfcd,frame803-1202/PSU-Track-0803-1202_400-images/frame_0961_f24923.jpg,frame803-1202/annotations-400-images.xml,data/images/test/frame_0961_f24923.jpg,data/labels/test/frame_0961_f24923.txt,data/masks-original/test/frame_0961_f24923.png,2,1280,720,0.455117
frame_0962_f24949.jpg,962,test,dc9e1a7f3616211c91d2af59c116df29ba6599a42289a23c56fc91f744dd1cb8,frame803-1202/PSU-Track-0803-1202_400-images/frame_0962_f24949.jpg,frame803-1202/annotations-400-images.xml,data/images/test/frame_0962_f24949.jpg,data/labels/test/frame_0962_f24949.txt,data/masks-original/test/frame_0962_f24949.png,2,1280,720,0.441756
frame_0963_f24975.jpg,963,test,e806323bba72d4ec2b96e2da665ccad14c277d72bc5cae6c21eaaf88ead1e804,frame803-1202/PSU-Track-0803-1202_400-images/frame_0963_f24975.jpg,frame803-1202/annotations-400-images.xml,data/images/test/frame_0963_f24975.jpg,data/labels/test/frame_0963_f24975.txt,data/masks-original/test/frame_0963_f24975.png,2,1280,720,0.426455
frame_0964_f25001.jpg,964,test,315860686f0243e31da6c9bf0ffaa98add5d6a7d93c6a98f5ebea5b8db36874b,frame803-1202/PSU-Track-0803-1202_400-images/frame_0964_f25001.jpg,frame803-1202/annotations-400-images.xml,data/images/test/frame_0964_f25001.jpg,data/labels/test/frame_0964_f25001.txt,data/masks-original/test/frame_0964_f25001.png,2,1280,720,0.455283
frame_0965_f25027.jpg,965,test,e964e40fb084e3279102533d206d704cb5cf94ca0afeeb4aac124a64f8ce5e92,frame803-1202/PSU-Track-0803-1202_400-images/frame_0965_f25027.jpg,frame803-1202/annotations-400-images.xml,data/images/test/frame_0965_f25027.jpg,data/labels/test/frame_0965_f25027.txt,data/masks-original/test/frame_0965_f25027.png,2,1280,720,0.454954
frame_0966_f25053.jpg,966,test,4d9b7811d9642bf0acc25b3a626e4a495efc55fef4b0548e8588e69d45081f9c,frame803-1202/PSU-Track-0803-1202_400-images/frame_0966_f25053.jpg,frame803-1202/annotations-400-images.xml,data/images/test/frame_0966_f25053.jpg,data/labels/test/frame_0966_f25053.txt,data/masks-original/test/frame_0966_f25053.png,2,1280,720,0.443834
frame_0967_f25079.jpg,967,test,2866ba8f638165868712fd337a938f7343d0f217c701ec1cf675af69a7f1cc0a,frame803-1202/PSU-Track-0803-1202_400-images/frame_0967_f25079.jpg,frame803-1202/annotations-400-images.xml,data/images/test/frame_0967_f25079.jpg,data/labels/test/frame_0967_f25079.txt,data/masks-original/test/frame_0967_f25079.png,2,1280,720,0.471696
frame_0968_f25105.jpg,968,test,ba7757c1c318280633902e6b88ed3887f986be2b723ee58e05c3b72370aee0bf,frame803-1202/PSU-Track-0803-1202_400-images/frame_0968_f25105.jpg,frame803-1202/annotations-400-images.xml,data/images/test/frame_0968_f25105.jpg,data/labels/test/frame_0968_f25105.txt,data/masks-original/test/frame_0968_f25105.png,2,1280,720,0.47123
frame_0969_f25131.jpg,969,test,011002adf30b0acc91a601685c4fc939a064104b13fe17d6b5d69af26d1bbb89,frame803-1202/PSU-Track-0803-1202_400-images/frame_0969_f25131.jpg,frame803-1202/annotations-400-images.xml,data/images/test/frame_0969_f25131.jpg,data/labels/test/frame_0969_f25131.txt,data/masks-original/test/frame_0969_f25131.png,2,1280,720,0.462011
frame_0970_f25157.jpg,970,test,dbcc9758071258e6d30fb89238833fc7b996959ce479eb9f5062cf017ca05182,frame803-1202/PSU-Track-0803-1202_400-images/frame_0970_f25157.jpg,frame803-1202/annotations-400-images.xml,data/images/test/frame_0970_f25157.jpg,data/labels/test/frame_0970_f25157.txt,data/masks-original/test/frame_0970_f25157.png,2,1280,720,0.448873
frame_0971_f25183.jpg,971,test,9192d1ffb33b2c623b04fd60eab956af1dfe81c7ee94ee2c7b7dce3c65b9af45,frame803-1202/PSU-Track-0803-1202_400-images/frame_0971_f25183.jpg,frame803-1202/annotations-400-images.xml,data/images/test/frame_0971_f25183.jpg,data/labels/test/frame_0971_f25183.txt,data/masks-original/test/frame_0971_f25183.png,2,1280,720,0.456707
frame_0972_f25208.jpg,972,test,ee2aa25e171d3a3d316ad9123747d8fa17e25f6ef530d3017933c07165995506,frame803-1202/PSU-Track-0803-1202_400-images/frame_0972_f25208.jpg,frame803-1202/annotations-400-images.xml,data/images/test/frame_0972_f25208.jpg,data/labels/test/frame_0972_f25208.txt,data/masks-original/test/frame_0972_f25208.png,2,1280,720,0.447042
frame_0973_f25234.jpg,973,test,ed8d101fe5ff71648fe8afc44e5ac3923e1d6ffed406615abda6588d51e969b5,frame803-1202/PSU-Track-0803-1202_400-images/frame_0973_f25234.jpg,frame803-1202/annotations-400-images.xml,data/images/test/frame_0973_f25234.jpg,data/labels/test/frame_0973_f25234.txt,data/masks-original/test/frame_0973_f25234.png,2,1280,720,0.458095
frame_0974_f25260.jpg,974,test,b76c171166e47f73f042d5cb7491c91785117866cf57b3df96c245040adb992e,frame803-1202/PSU-Track-0803-1202_400-images/frame_0974_f25260.jpg,frame803-1202/annotations-400-images.xml,data/images/test/frame_0974_f25260.jpg,data/labels/test/frame_0974_f25260.txt,data/masks-original/test/frame_0974_f25260.png,2,1280,720,0.446227
frame_0975_f25286.jpg,975,test,8f21c0ed4789bb05cd3190368762db7df34af27a24bb3855916b67df887d58dd,frame803-1202/PSU-Track-0803-1202_400-images/frame_0975_f25286.jpg,frame803-1202/annotations-400-images.xml,data/images/test/frame_0975_f25286.jpg,data/labels/test/frame_0975_f25286.txt,data/masks-original/test/frame_0975_f25286.png,2,1280,720,0.434475
frame_0976_f25312.jpg,976,test,930df341640519f359d7624309b899c46d529ce4e25d60d4f97a3c779c10dee6,frame803-1202/PSU-Track-0803-1202_400-images/frame_0976_f25312.jpg,frame803-1202/annotations-400-images.xml,data/images/test/frame_0976_f25312.jpg,data/labels/test/frame_0976_f25312.txt,data/masks-original/test/frame_0976_f25312.png,2,1280,720,0.465862
frame_0977_f25338.jpg,977,test,c44708b1607e10acb0227dc4595bfbb32a20da0fd33715fcd59b881c5f5d07d1,frame803-1202/PSU-Track-0803-1202_400-images/frame_0977_f25338.jpg,frame803-1202/annotations-400-images.xml,data/images/test/frame_0977_f25338.jpg,data/labels/test/frame_0977_f25338.txt,data/masks-original/test/frame_0977_f25338.png,2,1280,720,0.460947
frame_0978_f25364.jpg,978,test,8029f60af2df74fe49b05b958c8cdcb1f3cd7d766630277741dbfe4167e12c3c,frame803-1202/PSU-Track-0803-1202_400-images/frame_0978_f25364.jpg,frame803-1202/annotations-400-images.xml,data/images/test/frame_0978_f25364.jpg,data/labels/test/frame_0978_f25364.txt,data/masks-original/test/frame_0978_f25364.png,2,1280,720,0.458911
frame_0979_f25390.jpg,979,test,4b3a4b73ff2969fda1290e008d80c731037b86ce7bbe879d4bdd7ffd706e35fd,frame803-1202/PSU-Track-0803-1202_400-images/frame_0979_f25390.jpg,frame803-1202/annotations-400-images.xml,data/images/test/frame_0979_f25390.jpg,data/labels/test/frame_0979_f25390.txt,data/masks-original/test/frame_0979_f25390.png,2,1280,720,0.458781
frame_0980_f25416.jpg,980,test,a01868d306b1d04862d530a7e5ac60055df91b7db9fbefc544edbca70ed89c7c,frame803-1202/PSU-Track-0803-1202_400-images/frame_0980_f25416.jpg,frame803-1202/annotations-400-images.xml,data/images/test/frame_0980_f25416.jpg,data/labels/test/frame_0980_f25416.txt,data/masks-original/test/frame_0980_f25416.png,2,1280,720,0.461404
frame_0981_f25442.jpg,981,test,ffe0e06fd7c3180bf2ed37f0450e8b03e17c41a9e86bc292a6ea37988f608cd1,frame803-1202/PSU-Track-0803-1202_400-images/frame_0981_f25442.jpg,frame803-1202/annotations-400-images.xml,data/images/test/frame_0981_f25442.jpg,data/labels/test/frame_0981_f25442.txt,data/masks-original/test/frame_0981_f25442.png,2,1280,720,0.455898
frame_0982_f25468.jpg,982,test,8e49b000fe30da7e1c08bf13f54413f3a39fdf30b5f135474c873a2815471516,frame803-1202/PSU-Track-0803-1202_400-images/frame_0982_f25468.jpg,frame803-1202/annotations-400-images.xml,data/images/test/frame_0982_f25468.jpg,data/labels/test/frame_0982_f25468.txt,data/masks-original/test/frame_0982_f25468.png,2,1280,720,0.458165
frame_0983_f25494.jpg,983,test,f956bf9baaddae21b91f64e87499f9cd61f4337b2ba29dbf59965c2917651412,frame803-1202/PSU-Track-0803-1202_400-images/frame_0983_f25494.jpg,frame803-1202/annotations-400-images.xml,data/images/test/frame_0983_f25494.jpg,data/labels/test/frame_0983_f25494.txt,data/masks-original/test/frame_0983_f25494.png,2,1280,720,0.456442
frame_0984_f25520.jpg,984,test,eab2e6b9ab82a9920a43f4c3e463afa196953e9239e1b8b37732d0580f37b591,frame803-1202/PSU-Track-0803-1202_400-images/frame_0984_f25520.jpg,frame803-1202/annotations-400-images.xml,data/images/test/frame_0984_f25520.jpg,data/labels/test/frame_0984_f25520.txt,data/masks-original/test/frame_0984_f25520.png,2,1280,720,0.461903
frame_0985_f25546.jpg,985,test,5f8cad77b92b91291784df2d75abae1e791ace46a29f8638659e0301cedfd19d,frame803-1202/PSU-Track-0803-1202_400-images/frame_0985_f25546.jpg,frame803-1202/annotations-400-images.xml,data/images/test/frame_0985_f25546.jpg,data/labels/test/frame_0985_f25546.txt,data/masks-original/test/frame_0985_f25546.png,2,1280,720,0.442363
frame_0986_f25572.jpg,986,test,0a6163d8ffedbc4b0d8321dbe39c76bd4c714b60b0f3a76a4db335278652a51f,frame803-1202/PSU-Track-0803-1202_400-images/frame_0986_f25572.jpg,frame803-1202/annotations-400-images.xml,data/images/test/frame_0986_f25572.jpg,data/labels/test/frame_0986_f25572.txt,data/masks-original/test/frame_0986_f25572.png,2,1280,720,0.465074
frame_0987_f25597.jpg,987,test,53f1325ea5e869dc0d715af63ec8f3dcc273575c963736aab9c0a4c1568e4756,frame803-1202/PSU-Track-0803-1202_400-images/frame_0987_f25597.jpg,frame803-1202/annotations-400-images.xml,data/images/test/frame_0987_f25597.jpg,data/labels/test/frame_0987_f25597.txt,data/masks-original/test/frame_0987_f25597.png,2,1280,720,0.46
frame_0988_f25623.jpg,988,test,f127d100422f40f9660fccd900dda119cfea70bbde618bd5278bd16234aba334,frame803-1202/PSU-Track-0803-1202_400-images/frame_0988_f25623.jpg,frame803-1202/annotations-400-images.xml,data/images/test/frame_0988_f25623.jpg,data/labels/test/frame_0988_f25623.txt,data/masks-original/test/frame_0988_f25623.png,2,1280,720,0.464794
frame_0989_f25649.jpg,989,test,7e46c69480607707dd4ac309c0f1ff51b6245e175cb75698bcf3e2438ad2f260,frame803-1202/PSU-Track-0803-1202_400-images/frame_0989_f25649.jpg,frame803-1202/annotations-400-images.xml,data/images/test/frame_0989_f25649.jpg,data/labels/test/frame_0989_f25649.txt,data/masks-original/test/frame_0989_f25649.png,2,1280,720,0.459461
frame_0990_f25675.jpg,990,test,886a6b99e0268e5eded276623048e7850f5d8179d66340380e0526e23e843031,frame803-1202/PSU-Track-0803-1202_400-images/frame_0990_f25675.jpg,frame803-1202/annotations-400-images.xml,data/images/test/frame_0990_f25675.jpg,data/labels/test/frame_0990_f25675.txt,data/masks-original/test/frame_0990_f25675.png,2,1280,720,0.45875
frame_0991_f25701.jpg,991,test,2214b39b6fb076e076860acc57aa935e06d4fa73b9b9655d370f49027586ea61,frame803-1202/PSU-Track-0803-1202_400-images/frame_0991_f25701.jpg,frame803-1202/annotations-400-images.xml,data/images/test/frame_0991_f25701.jpg,data/labels/test/frame_0991_f25701.txt,data/masks-original/test/frame_0991_f25701.png,2,1280,720,0.446845
frame_0992_f25727.jpg,992,test,92c5de0c1aa6a24b648ab03b49263b499750f0630407a7eccc4855b4d264d0d5,frame803-1202/PSU-Track-0803-1202_400-images/frame_0992_f25727.jpg,frame803-1202/annotations-400-images.xml,data/images/test/frame_0992_f25727.jpg,data/labels/test/frame_0992_f25727.txt,data/masks-original/test/frame_0992_f25727.png,2,1280,720,0.460397
frame_0993_f25753.jpg,993,test,c274814141de5e1602855a09fc36303f606cdea3e0251d0cfbbf11df7c30bcf7,frame803-1202/PSU-Track-0803-1202_400-images/frame_0993_f25753.jpg,frame803-1202/annotations-400-images.xml,data/images/test/frame_0993_f25753.jpg,data/labels/test/frame_0993_f25753.txt,data/masks-original/test/frame_0993_f25753.png,2,1280,720,0.449081
frame_0994_f25779.jpg,994,test,90d407963b01f6b7fbbdbe1e975411dde6ffdfff3471f07fb6926cee40b45f4c,frame803-1202/PSU-Track-0803-1202_400-images/frame_0994_f25779.jpg,frame803-1202/annotations-400-images.xml,data/images/test/frame_0994_f25779.jpg,data/labels/test/frame_0994_f25779.txt,data/masks-original/test/frame_0994_f25779.png,2,1280,720,0.450519
frame_0995_f25805.jpg,995,test,b782267cf802b6a5375fdba38fb875249638b9936db16108fb43add2e798faf3,frame803-1202/PSU-Track-0803-1202_400-images/frame_0995_f25805.jpg,frame803-1202/annotations-400-images.xml,data/images/test/frame_0995_f25805.jpg,data/labels/test/frame_0995_f25805.txt,data/masks-original/test/frame_0995_f25805.png,2,1280,720,0.453025
frame_0996_f25831.jpg,996,test,54cb48a4c49dadaff86d5be7f0856aa014ca3c3e6e828afe31b169b5b8ff7101,frame803-1202/PSU-Track-0803-1202_400-images/frame_0996_f25831.jpg,frame803-1202/annotations-400-images.xml,data/images/test/frame_0996_f25831.jpg,data/labels/test/frame_0996_f25831.txt,data/masks-original/test/frame_0996_f25831.png,2,1280,720,0.453974
frame_0997_f25857.jpg,997,test,9636078f6e67a961c47c4199a1534e3bbb0b2d45975303c6c209d8104356ae64,frame803-1202/PSU-Track-0803-1202_400-images/frame_0997_f25857.jpg,frame803-1202/annotations-400-images.xml,data/images/test/frame_0997_f25857.jpg,data/labels/test/frame_0997_f25857.txt,data/masks-original/test/frame_0997_f25857.png,2,1280,720,0.461786
frame_0998_f25883.jpg,998,test,fe0f79b90b40428cd2f8c21fc8b3c99776a6b06a96660ccd65ab8c3fa4132f89,frame803-1202/PSU-Track-0803-1202_400-images/frame_0998_f25883.jpg,frame803-1202/annotations-400-images.xml,data/images/test/frame_0998_f25883.jpg,data/labels/test/frame_0998_f25883.txt,data/masks-original/test/frame_0998_f25883.png,2,1280,720,0.452401
frame_0999_f25909.jpg,999,test,e664df05cc61959c60ff417d1bb9acbf7970762bffa6e4541482b3c6422bfaeb,frame803-1202/PSU-Track-0803-1202_400-images/frame_0999_f25909.jpg,frame803-1202/annotations-400-images.xml,data/images/test/frame_0999_f25909.jpg,data/labels/test/frame_0999_f25909.txt,data/masks-original/test/frame_0999_f25909.png,2,1280,720,0.429171
frame_1000_f25935.jpg,1000,test,15e8fcaad8cbce3a31216b877b1baa3aaea9d68aadd255491c4503f8df2146da,frame803-1202/PSU-Track-0803-1202_400-images/frame_1000_f25935.jpg,frame803-1202/annotations-400-images.xml,data/images/test/frame_1000_f25935.jpg,data/labels/test/frame_1000_f25935.txt,data/masks-original/test/frame_1000_f25935.png,2,1280,720,0.456196
frame_1001_f25961.jpg,1001,test,3cac1ed13b7ba6003f2f49bd1c3745632f34931d9b00a069b9564381e4453a90,frame803-1202/PSU-Track-0803-1202_400-images/frame_1001_f25961.jpg,frame803-1202/annotations-400-images.xml,data/images/test/frame_1001_f25961.jpg,data/labels/test/frame_1001_f25961.txt,data/masks-original/test/frame_1001_f25961.png,2,1280,720,0.452917
frame_1002_f25986.jpg,1002,test,1f45ec6c98f0daeaa384b1bbfb4cf5ed317b70f601a78f696e5602c69ed5b976,frame803-1202/PSU-Track-0803-1202_400-images/frame_1002_f25986.jpg,frame803-1202/annotations-400-images.xml,data/images/test/frame_1002_f25986.jpg,data/labels/test/frame_1002_f25986.txt,data/masks-original/test/frame_1002_f25986.png,2,1280,720,0.45202
frame_1003_f26012.jpg,1003,test,8c496bb5ccc9e885ac3f0ffe89fba4027f4158fb58691519dba3f492ffaf4245,frame803-1202/PSU-Track-0803-1202_400-images/frame_1003_f26012.jpg,frame803-1202/annotations-400-images.xml,data/images/test/frame_1003_f26012.jpg,data/labels/test/frame_1003_f26012.txt,data/masks-original/test/frame_1003_f26012.png,2,1280,720,0.438558
frame_1004_f26038.jpg,1004,test,033fc983d761d47e45b63ccfef0849b1b880fda677911fc99c28d727adaa8faf,frame803-1202/PSU-Track-0803-1202_400-images/frame_1004_f26038.jpg,frame803-1202/annotations-400-images.xml,data/images/test/frame_1004_f26038.jpg,data/labels/test/frame_1004_f26038.txt,data/masks-original/test/frame_1004_f26038.png,2,1280,720,0.459098
frame_1005_f26064.jpg,1005,test,c473c0e9f8dad6fe56a669823cd69d08854217174872c21058cdd0cdcdf43e01,frame803-1202/PSU-Track-0803-1202_400-images/frame_1005_f26064.jpg,frame803-1202/annotations-400-images.xml,data/images/test/frame_1005_f26064.jpg,data/labels/test/frame_1005_f26064.txt,data/masks-original/test/frame_1005_f26064.png,2,1280,720,0.449374
frame_1006_f26090.jpg,1006,test,24d2c4dd9b0f80374cb665879480387cae1107e34dcc4a8bb3a4859710c67b02,frame803-1202/PSU-Track-0803-1202_400-images/frame_1006_f26090.jpg,frame803-1202/annotations-400-images.xml,data/images/test/frame_1006_f26090.jpg,data/labels/test/frame_1006_f26090.txt,data/masks-original/test/frame_1006_f26090.png,2,1280,720,0.451795
frame_1007_f26116.jpg,1007,test,bfbda63eaa99b0cc540a16a596074e61b5e0b1735fc338d41617f1db2d6ea24c,frame803-1202/PSU-Track-0803-1202_400-images/frame_1007_f26116.jpg,frame803-1202/annotations-400-images.xml,data/images/test/frame_1007_f26116.jpg,data/labels/test/frame_1007_f26116.txt,data/masks-original/test/frame_1007_f26116.png,2,1280,720,0.469428
frame_1008_f26142.jpg,1008,test,90c5349347609893f4bebe4ef14c17481a3146df295a6c8fcbbc5325809c5472,frame803-1202/PSU-Track-0803-1202_400-images/frame_1008_f26142.jpg,frame803-1202/annotations-400-images.xml,data/images/test/frame_1008_f26142.jpg,data/labels/test/frame_1008_f26142.txt,data/masks-original/test/frame_1008_f26142.png,2,1280,720,0.460847
frame_1009_f26168.jpg,1009,test,c6684f5f5b47003db0e98d3d79497aff57d8ca200fae5f48ce6c793330f57d4d,frame803-1202/PSU-Track-0803-1202_400-images/frame_1009_f26168.jpg,frame803-1202/annotations-400-images.xml,data/images/test/frame_1009_f26168.jpg,data/labels/test/frame_1009_f26168.txt,data/masks-original/test/frame_1009_f26168.png,2,1280,720,0.448446
frame_1010_f26194.jpg,1010,test,f56e541ffe1f2e8e4df27d902a92ba17a9d029400d2d990a619c43433992ff4e,frame803-1202/PSU-Track-0803-1202_400-images/frame_1010_f26194.jpg,frame803-1202/annotations-400-images.xml,data/images/test/frame_1010_f26194.jpg,data/labels/test/frame_1010_f26194.txt,data/masks-original/test/frame_1010_f26194.png,2,1280,720,0.46004
frame_1011_f26220.jpg,1011,test,ff5a78952407591c4430a32a5cfb321f57f661815f58cf1596246725e920b895,frame803-1202/PSU-Track-0803-1202_400-images/frame_1011_f26220.jpg,frame803-1202/annotations-400-images.xml,data/images/test/frame_1011_f26220.jpg,data/labels/test/frame_1011_f26220.txt,data/masks-original/test/frame_1011_f26220.png,2,1280,720,0.453615
frame_1012_f26246.jpg,1012,test,204db2fb4314fa59d1586927c9a9a41aa6e64813b04f50b4fada6c131b6b43c6,frame803-1202/PSU-Track-0803-1202_400-images/frame_1012_f26246.jpg,frame803-1202/annotations-400-images.xml,data/images/test/frame_1012_f26246.jpg,data/labels/test/frame_1012_f26246.txt,data/masks-original/test/frame_1012_f26246.png,2,1280,720,0.460282
frame_1013_f26272.jpg,1013,test,0221b431a46c825ebd61e09c44fe0458c729617209443bbe942600e334482b05,frame803-1202/PSU-Track-0803-1202_400-images/frame_1013_f26272.jpg,frame803-1202/annotations-400-images.xml,data/images/test/frame_1013_f26272.jpg,data/labels/test/frame_1013_f26272.txt,data/masks-original/test/frame_1013_f26272.png,2,1280,720,0.454317
frame_1014_f26298.jpg,1014,test,dd12981e304208613a7d918d619029bdd5e28a195dca2484b62464d0e6ec15fc,frame803-1202/PSU-Track-0803-1202_400-images/frame_1014_f26298.jpg,frame803-1202/annotations-400-images.xml,data/images/test/frame_1014_f26298.jpg,data/labels/test/frame_1014_f26298.txt,data/masks-original/test/frame_1014_f26298.png,2,1280,720,0.454786
frame_1015_f26324.jpg,1015,test,cea52e0f8be29ccb97c460640c934a868ac4001492fec85522933f128484a67e,frame803-1202/PSU-Track-0803-1202_400-images/frame_1015_f26324.jpg,frame803-1202/annotations-400-images.xml,data/images/test/frame_1015_f26324.jpg,data/labels/test/frame_1015_f26324.txt,data/masks-original/test/frame_1015_f26324.png,2,1280,720,0.458117
frame_1016_f26350.jpg,1016,test,69c1e91d2a878df12239077baae56563cefc6fa3bba41b82635ea9d92a4d3b7f,frame803-1202/PSU-Track-0803-1202_400-images/frame_1016_f26350.jpg,frame803-1202/annotations-400-images.xml,data/images/test/frame_1016_f26350.jpg,data/labels/test/frame_1016_f26350.txt,data/masks-original/test/frame_1016_f26350.png,2,1280,720,0.458414
frame_1017_f26376.jpg,1017,test,3917e575cf7671206d9c3031bcd18023504c2c5d1a1a04b5fdca12df26c711a7,frame803-1202/PSU-Track-0803-1202_400-images/frame_1017_f26376.jpg,frame803-1202/annotations-400-images.xml,data/images/test/frame_1017_f26376.jpg,data/labels/test/frame_1017_f26376.txt,data/masks-original/test/frame_1017_f26376.png,2,1280,720,0.464882
frame_1018_f26401.jpg,1018,test,916c329d4941a36372a1eccb2800a4c321ce73dc28353489fd7692660916c63c,frame803-1202/PSU-Track-0803-1202_400-images/frame_1018_f26401.jpg,frame803-1202/annotations-400-images.xml,data/images/test/frame_1018_f26401.jpg,data/labels/test/frame_1018_f26401.txt,data/masks-original/test/frame_1018_f26401.png,2,1280,720,0.464601
frame_1019_f26427.jpg,1019,test,4453c222a3140f170162a23b7f871953e3863249593b53f6b9efb3860557d4d7,frame803-1202/PSU-Track-0803-1202_400-images/frame_1019_f26427.jpg,frame803-1202/annotations-400-images.xml,data/images/test/frame_1019_f26427.jpg,data/labels/test/frame_1019_f26427.txt,data/masks-original/test/frame_1019_f26427.png,2,1280,720,0.453394
frame_1020_f26453.jpg,1020,test,5aa42449d8fce30a5e66cbcb62fe16da02a2ac94c95994ca9dabe5bc2f877192,frame803-1202/PSU-Track-0803-1202_400-images/frame_1020_f26453.jpg,frame803-1202/annotations-400-images.xml,data/images/test/frame_1020_f26453.jpg,data/labels/test/frame_1020_f26453.txt,data/masks-original/test/frame_1020_f26453.png,2,1280,720,0.46823
frame_1021_f26479.jpg,1021,test,396dca25bf06b45a99e9411527ab8426b1622d09cc6284f90dcb3325f47869cf,frame803-1202/PSU-Track-0803-1202_400-images/frame_1021_f26479.jpg,frame803-1202/annotations-400-images.xml,data/images/test/frame_1021_f26479.jpg,data/labels/test/frame_1021_f26479.txt,data/masks-original/test/frame_1021_f26479.png,2,1280,720,0.450038
frame_1022_f26505.jpg,1022,test,deca20a3a17969a1a3e47a39f869ad3865ce1446e1a795751559f75fa6fdb3ec,frame803-1202/PSU-Track-0803-1202_400-images/frame_1022_f26505.jpg,frame803-1202/annotations-400-images.xml,data/images/test/frame_1022_f26505.jpg,data/labels/test/frame_1022_f26505.txt,data/masks-original/test/frame_1022_f26505.png,2,1280,720,0.455474
frame_1023_f26531.jpg,1023,test,8363441ebf65b74b8579ff3f597d12ddae5454e689c4724ffb25599aa32640b4,frame803-1202/PSU-Track-0803-1202_400-images/frame_1023_f26531.jpg,frame803-1202/annotations-400-images.xml,data/images/test/frame_1023_f26531.jpg,data/labels/test/frame_1023_f26531.txt,data/masks-original/test/frame_1023_f26531.png,2,1280,720,0.455138
frame_1024_f26557.jpg,1024,test,e7f3d1a2136b17a05115e58c9db9b980b5e98316795555e1648899c1d3d7f7a4,frame803-1202/PSU-Track-0803-1202_400-images/frame_1024_f26557.jpg,frame803-1202/annotations-400-images.xml,data/images/test/frame_1024_f26557.jpg,data/labels/test/frame_1024_f26557.txt,data/masks-original/test/frame_1024_f26557.png,2,1280,720,0.468827
frame_1025_f26583.jpg,1025,test,af37ecb03e03030a77a30d01ffb1371fcc82074bfc08acd0af5df99ced5a4d1b,frame803-1202/PSU-Track-0803-1202_400-images/frame_1025_f26583.jpg,frame803-1202/annotations-400-images.xml,data/images/test/frame_1025_f26583.jpg,data/labels/test/frame_1025_f26583.txt,data/masks-original/test/frame_1025_f26583.png,2,1280,720,0.456362
frame_1026_f26609.jpg,1026,test,63802a5ddd81222088229c311c79493a6c455b8942b6c864256541cdbe0c31ec,frame803-1202/PSU-Track-0803-1202_400-images/frame_1026_f26609.jpg,frame803-1202/annotations-400-images.xml,data/images/test/frame_1026_f26609.jpg,data/labels/test/frame_1026_f26609.txt,data/masks-original/test/frame_1026_f26609.png,2,1280,720,0.454248
frame_1027_f26635.jpg,1027,test,8f1f106a3587a951b2df6e8ffaa4ba23461e861c70f1870a2812d8d012182e1e,frame803-1202/PSU-Track-0803-1202_400-images/frame_1027_f26635.jpg,frame803-1202/annotations-400-images.xml,data/images/test/frame_1027_f26635.jpg,data/labels/test/frame_1027_f26635.txt,data/masks-original/test/frame_1027_f26635.png,2,1280,720,0.446773
frame_1028_f26661.jpg,1028,test,7d3e7b926041fe7c383cca6ef79e0e7cbe356581baf68bc3f95faa3ebb120a7e,frame803-1202/PSU-Track-0803-1202_400-images/frame_1028_f26661.jpg,frame803-1202/annotations-400-images.xml,data/images/test/frame_1028_f26661.jpg,data/labels/test/frame_1028_f26661.txt,data/masks-original/test/frame_1028_f26661.png,2,1280,720,0.4514
frame_1029_f26687.jpg,1029,test,2833af3ccf9fbb3d9d364979ea1d0794ba789784bac308b9911373bee82096ec,frame803-1202/PSU-Track-0803-1202_400-images/frame_1029_f26687.jpg,frame803-1202/annotations-400-images.xml,data/images/test/frame_1029_f26687.jpg,data/labels/test/frame_1029_f26687.txt,data/masks-original/test/frame_1029_f26687.png,2,1280,720,0.458013
frame_1030_f26713.jpg,1030,test,c43f1e163936f63de59fdebc208dd00c7dd5f70312f8525891f444903f818c3f,frame803-1202/PSU-Track-0803-1202_400-images/frame_1030_f26713.jpg,frame803-1202/annotations-400-images.xml,data/images/test/frame_1030_f26713.jpg,data/labels/test/frame_1030_f26713.txt,data/masks-original/test/frame_1030_f26713.png,2,1280,720,0.464244
frame_1031_f26739.jpg,1031,test,c08252910d8405608b9e5a630546ab0147fbf9725042180e9c9dc3853ec78c49,frame803-1202/PSU-Track-0803-1202_400-images/frame_1031_f26739.jpg,frame803-1202/annotations-400-images.xml,data/images/test/frame_1031_f26739.jpg,data/labels/test/frame_1031_f26739.txt,data/masks-original/test/frame_1031_f26739.png,2,1280,720,0.469096
frame_1032_f26765.jpg,1032,test,3b7c44d95935380f5117b99393321666f34265318ed21488a3585a6d9d994cb7,frame803-1202/PSU-Track-0803-1202_400-images/frame_1032_f26765.jpg,frame803-1202/annotations-400-images.xml,data/images/test/frame_1032_f26765.jpg,data/labels/test/frame_1032_f26765.txt,data/masks-original/test/frame_1032_f26765.png,2,1280,720,0.444119
frame_1033_f26790.jpg,1033,test,20ab782803888addec5a10994bd7fdb0a9a5c0340aea50f0b4174cb3aed88474,frame803-1202/PSU-Track-0803-1202_400-images/frame_1033_f26790.jpg,frame803-1202/annotations-400-images.xml,data/images/test/frame_1033_f26790.jpg,data/labels/test/frame_1033_f26790.txt,data/masks-original/test/frame_1033_f26790.png,2,1280,720,0.451296
frame_1034_f26816.jpg,1034,test,c34a887838c266be4f77e4c57e62772606d79ebe54a93f1e3d494bf7664524bd,frame803-1202/PSU-Track-0803-1202_400-images/frame_1034_f26816.jpg,frame803-1202/annotations-400-images.xml,data/images/test/frame_1034_f26816.jpg,data/labels/test/frame_1034_f26816.txt,data/masks-original/test/frame_1034_f26816.png,2,1280,720,0.4614
frame_1035_f26842.jpg,1035,test,0c970688c9204a87f4dd7914231f53525a2206d05d656578662c9cf73c0be277,frame803-1202/PSU-Track-0803-1202_400-images/frame_1035_f26842.jpg,frame803-1202/annotations-400-images.xml,data/images/test/frame_1035_f26842.jpg,data/labels/test/frame_1035_f26842.txt,data/masks-original/test/frame_1035_f26842.png,2,1280,720,0.461863
frame_1036_f26868.jpg,1036,test,f5b9e85d3a3225383686a79c89767127d90f4802cd98f687e0e2d5522d8f6801,frame803-1202/PSU-Track-0803-1202_400-images/frame_1036_f26868.jpg,frame803-1202/annotations-400-images.xml,data/images/test/frame_1036_f26868.jpg,data/labels/test/frame_1036_f26868.txt,data/masks-original/test/frame_1036_f26868.png,2,1280,720,0.459664
frame_1037_f26894.jpg,1037,test,98251d6a50e558b76f5881ca2d38406922995509fb66afdff2fd597a295d81bd,frame803-1202/PSU-Track-0803-1202_400-images/frame_1037_f26894.jpg,frame803-1202/annotations-400-images.xml,data/images/test/frame_1037_f26894.jpg,data/labels/test/frame_1037_f26894.txt,data/masks-original/test/frame_1037_f26894.png,2,1280,720,0.455622
frame_1038_f26920.jpg,1038,test,59749cc0614983cc0402cf14c5aea0e02e6bfb717a40dd1f80f15396e8de5e5c,frame803-1202/PSU-Track-0803-1202_400-images/frame_1038_f26920.jpg,frame803-1202/annotations-400-images.xml,data/images/test/frame_1038_f26920.jpg,data/labels/test/frame_1038_f26920.txt,data/masks-original/test/frame_1038_f26920.png,2,1280,720,0.46341
frame_1039_f26946.jpg,1039,test,9366dc4e5ead5ea31c2e4b3c1083f95918de781c27b30652eb54cbcd70eff140,frame803-1202/PSU-Track-0803-1202_400-images/frame_1039_f26946.jpg,frame803-1202/annotations-400-images.xml,data/images/test/frame_1039_f26946.jpg,data/labels/test/frame_1039_f26946.txt,data/masks-original/test/frame_1039_f26946.png,2,1280,720,0.448261
frame_1040_f26972.jpg,1040,test,9db20359bc6f9b9fb707f014fe6890c41fa34941076b99f18428cc30ac61e0af,frame803-1202/PSU-Track-0803-1202_400-images/frame_1040_f26972.jpg,frame803-1202/annotations-400-images.xml,data/images/test/frame_1040_f26972.jpg,data/labels/test/frame_1040_f26972.txt,data/masks-original/test/frame_1040_f26972.png,2,1280,720,0.454996
frame_1041_f26998.jpg,1041,test,fee783122be3874f615975441fd4cfede3431d6b33f993d4fa33afd8ed88264e,frame803-1202/PSU-Track-0803-1202_400-images/frame_1041_f26998.jpg,frame803-1202/annotations-400-images.xml,data/images/test/frame_1041_f26998.jpg,data/labels/test/frame_1041_f26998.txt,data/masks-original/test/frame_1041_f26998.png,2,1280,720,0.452798
frame_1042_f27024.jpg,1042,test,a40d7392fc16d87d66c598439c0ad287af3e0b205fc459760bc5e0090f3ec679,frame803-1202/PSU-Track-0803-1202_400-images/frame_1042_f27024.jpg,frame803-1202/annotations-400-images.xml,data/images/test/frame_1042_f27024.jpg,data/labels/test/frame_1042_f27024.txt,data/masks-original/test/frame_1042_f27024.png,2,1280,720,0.460278
frame_1043_f27050.jpg,1043,test,f9ab43ebf31709ba9497c4c6346b6945577ee99c8155f50d0bd3108c31643f5f,frame803-1202/PSU-Track-0803-1202_400-images/frame_1043_f27050.jpg,frame803-1202/annotations-400-images.xml,data/images/test/frame_1043_f27050.jpg,data/labels/test/frame_1043_f27050.txt,data/masks-original/test/frame_1043_f27050.png,2,1280,720,0.461425
frame_1044_f27076.jpg,1044,test,9a10339d1af5f3d1b6c7d04d67dd826009b2211e9b109bcf23d5c4267faa1084,frame803-1202/PSU-Track-0803-1202_400-images/frame_1044_f27076.jpg,frame803-1202/annotations-400-images.xml,data/images/test/frame_1044_f27076.jpg,data/labels/test/frame_1044_f27076.txt,data/masks-original/test/frame_1044_f27076.png,2,1280,720,0.45964
frame_1045_f27102.jpg,1045,test,f5e09e98ffaa9481dd92d8f06c38be72c53d2864d70df6768b3cd93e3046fbef,frame803-1202/PSU-Track-0803-1202_400-images/frame_1045_f27102.jpg,frame803-1202/annotations-400-images.xml,data/images/test/frame_1045_f27102.jpg,data/labels/test/frame_1045_f27102.txt,data/masks-original/test/frame_1045_f27102.png,2,1280,720,0.463668
frame_1046_f27128.jpg,1046,test,517e58404a9351748da693ff6b8f18b40bd377481e00376131fd3c788d86ae0c,frame803-1202/PSU-Track-0803-1202_400-images/frame_1046_f27128.jpg,frame803-1202/annotations-400-images.xml,data/images/test/frame_1046_f27128.jpg,data/labels/test/frame_1046_f27128.txt,data/masks-original/test/frame_1046_f27128.png,2,1280,720,0.451267
frame_1047_f27154.jpg,1047,test,2d5cc205309812b72cd06570c36482bc0437b4ad157fa54287c2eb26f778c60f,frame803-1202/PSU-Track-0803-1202_400-images/frame_1047_f27154.jpg,frame803-1202/annotations-400-images.xml,data/images/test/frame_1047_f27154.jpg,data/labels/test/frame_1047_f27154.txt,data/masks-original/test/frame_1047_f27154.png,2,1280,720,0.460931
frame_1048_f27179.jpg,1048,test,0ee7b3b166dae36aae86f90992b126c217d7d31f0034a99d14fc0e7a1a002820,frame803-1202/PSU-Track-0803-1202_400-images/frame_1048_f27179.jpg,frame803-1202/annotations-400-images.xml,data/images/test/frame_1048_f27179.jpg,data/labels/test/frame_1048_f27179.txt,data/masks-original/test/frame_1048_f27179.png,2,1280,720,0.454317
frame_1049_f27205.jpg,1049,test,7ae7bfe92ac64597a0eeb2b360c76211caa0eb14a2c0a8c7c26277f560c7d006,frame803-1202/PSU-Track-0803-1202_400-images/frame_1049_f27205.jpg,frame803-1202/annotations-400-images.xml,data/images/test/frame_1049_f27205.jpg,data/labels/test/frame_1049_f27205.txt,data/masks-original/test/frame_1049_f27205.png,2,1280,720,0.460802
frame_1050_f27231.jpg,1050,test,6183a5a982174f54faebaea5a03466c3de7833b96cb325796cd0c9c9e1cfc76d,frame803-1202/PSU-Track-0803-1202_400-images/frame_1050_f27231.jpg,frame803-1202/annotations-400-images.xml,data/images/test/frame_1050_f27231.jpg,data/labels/test/frame_1050_f27231.txt,data/masks-original/test/frame_1050_f27231.png,2,1280,720,0.458154
frame_1051_f27257.jpg,1051,test,d462cb2ee2af109507102e9006cfc2d3665e671a05f2ba2cd7e74cc3839fd0fc,frame803-1202/PSU-Track-0803-1202_400-images/frame_1051_f27257.jpg,frame803-1202/annotations-400-images.xml,data/images/test/frame_1051_f27257.jpg,data/labels/test/frame_1051_f27257.txt,data/masks-original/test/frame_1051_f27257.png,2,1280,720,0.464568
frame_1052_f27283.jpg,1052,test,12f822a7a66adbf513b5572d3c3777979c95b98e2ec807f2074a6cfdbfcef3c6,frame803-1202/PSU-Track-0803-1202_400-images/frame_1052_f27283.jpg,frame803-1202/annotations-400-images.xml,data/images/test/frame_1052_f27283.jpg,data/labels/test/frame_1052_f27283.txt,data/masks-original/test/frame_1052_f27283.png,2,1280,720,0.452705
frame_1053_f27309.jpg,1053,test,84798cf2626770258614d0e746ac0821011782ea02a88771a484f9aad61f3696,frame803-1202/PSU-Track-0803-1202_400-images/frame_1053_f27309.jpg,frame803-1202/annotations-400-images.xml,data/images/test/frame_1053_f27309.jpg,data/labels/test/frame_1053_f27309.txt,data/masks-original/test/frame_1053_f27309.png,2,1280,720,0.450048
frame_1054_f27335.jpg,1054,test,a5506f87d23101a60ca89a7bdbb17f29f581c3d0be29a8f37ad1cd3068705c4d,frame803-1202/PSU-Track-0803-1202_400-images/frame_1054_f27335.jpg,frame803-1202/annotations-400-images.xml,data/images/test/frame_1054_f27335.jpg,data/labels/test/frame_1054_f27335.txt,data/masks-original/test/frame_1054_f27335.png,2,1280,720,0.461967
frame_1055_f27361.jpg,1055,test,897d013ef6e75bdec614fe1f601613e44542962fb775fdc2af58c8093b951e08,frame803-1202/PSU-Track-0803-1202_400-images/frame_1055_f27361.jpg,frame803-1202/annotations-400-images.xml,data/images/test/frame_1055_f27361.jpg,data/labels/test/frame_1055_f27361.txt,data/masks-original/test/frame_1055_f27361.png,2,1280,720,0.458719
frame_1056_f27387.jpg,1056,test,cdded93eaf931079460e7324ab37d709fd019f9c7e72869b23c843d7a0fb600f,frame803-1202/PSU-Track-0803-1202_400-images/frame_1056_f27387.jpg,frame803-1202/annotations-400-images.xml,data/images/test/frame_1056_f27387.jpg,data/labels/test/frame_1056_f27387.txt,data/masks-original/test/frame_1056_f27387.png,2,1280,720,0.449889
frame_1057_f27413.jpg,1057,test,e98201c457e7cb53dbdc746cd7e3b1c1da05e7f9bd1af2ea5c6f03afec891475,frame803-1202/PSU-Track-0803-1202_400-images/frame_1057_f27413.jpg,frame803-1202/annotations-400-images.xml,data/images/test/frame_1057_f27413.jpg,data/labels/test/frame_1057_f27413.txt,data/masks-original/test/frame_1057_f27413.png,2,1280,720,0.450533
frame_1058_f27439.jpg,1058,test,0bd6b8681e4d9708d8da3109d938199e5ba66461cb2d5054c7b76947fed5b199,frame803-1202/PSU-Track-0803-1202_400-images/frame_1058_f27439.jpg,frame803-1202/annotations-400-images.xml,data/images/test/frame_1058_f27439.jpg,data/labels/test/frame_1058_f27439.txt,data/masks-original/test/frame_1058_f27439.png,2,1280,720,0.450488
frame_1059_f27465.jpg,1059,test,2d7af1ddd6dd3a17433e067e7a0572e1bd100fc4ad73a74f1cb30cd58ff84310,frame803-1202/PSU-Track-0803-1202_400-images/frame_1059_f27465.jpg,frame803-1202/annotations-400-images.xml,data/images/test/frame_1059_f27465.jpg,data/labels/test/frame_1059_f27465.txt,data/masks-original/test/frame_1059_f27465.png,2,1280,720,0.458882
frame_1060_f27491.jpg,1060,test,c84421e8ddd88fd26649ce1ed8563586c67540809c7ac0a77d6eac05621f853f,frame803-1202/PSU-Track-0803-1202_400-images/frame_1060_f27491.jpg,frame803-1202/annotations-400-images.xml,data/images/test/frame_1060_f27491.jpg,data/labels/test/frame_1060_f27491.txt,data/masks-original/test/frame_1060_f27491.png,2,1280,720,0.450565
frame_1061_f27517.jpg,1061,test,2cb661c658387cc057b66939e44c463db34371f9a3c3cf06db2965f64def6d36,frame803-1202/PSU-Track-0803-1202_400-images/frame_1061_f27517.jpg,frame803-1202/annotations-400-images.xml,data/images/test/frame_1061_f27517.jpg,data/labels/test/frame_1061_f27517.txt,data/masks-original/test/frame_1061_f27517.png,2,1280,720,0.445633
frame_1062_f27543.jpg,1062,test,e4a56ba36719e611848c34651ff8ba2304f940f9035163041b887aa752e5ccb4,frame803-1202/PSU-Track-0803-1202_400-images/frame_1062_f27543.jpg,frame803-1202/annotations-400-images.xml,data/images/test/frame_1062_f27543.jpg,data/labels/test/frame_1062_f27543.txt,data/masks-original/test/frame_1062_f27543.png,2,1280,720,0.462167
frame_1063_f27569.jpg,1063,test,fe41f1ba084cb378f544acde8fcef68d64db727606aede20b2c4903a4d6fcea2,frame803-1202/PSU-Track-0803-1202_400-images/frame_1063_f27569.jpg,frame803-1202/annotations-400-images.xml,data/images/test/frame_1063_f27569.jpg,data/labels/test/frame_1063_f27569.txt,data/masks-original/test/frame_1063_f27569.png,2,1280,720,0.443163
frame_1064_f27594.jpg,1064,test,6e362684ba0ac2727fe5bc26ff6f1dfbae1153941a63962fb2657407722d70c6,frame803-1202/PSU-Track-0803-1202_400-images/frame_1064_f27594.jpg,frame803-1202/annotations-400-images.xml,data/images/test/frame_1064_f27594.jpg,data/labels/test/frame_1064_f27594.txt,data/masks-original/test/frame_1064_f27594.png,2,1280,720,0.455909
frame_1065_f27620.jpg,1065,test,e5e08e07d78b71856c42a17de7a0d4a11ffdf100ae72e241314a2d988b70acff,frame803-1202/PSU-Track-0803-1202_400-images/frame_1065_f27620.jpg,frame803-1202/annotations-400-images.xml,data/images/test/frame_1065_f27620.jpg,data/labels/test/frame_1065_f27620.txt,data/masks-original/test/frame_1065_f27620.png,2,1280,720,0.460933
frame_1066_f27646.jpg,1066,test,ad44119f4e7d157913f6fda968cb49bcfc1767d9d145531db6c12f46ed5289ee,frame803-1202/PSU-Track-0803-1202_400-images/frame_1066_f27646.jpg,frame803-1202/annotations-400-images.xml,data/images/test/frame_1066_f27646.jpg,data/labels/test/frame_1066_f27646.txt,data/masks-original/test/frame_1066_f27646.png,2,1280,720,0.452467
frame_1067_f27672.jpg,1067,test,c266168289bc9ffdd3a327f19653bf80766d0430d234144acd2d1a4dc79a9268,frame803-1202/PSU-Track-0803-1202_400-images/frame_1067_f27672.jpg,frame803-1202/annotations-400-images.xml,data/images/test/frame_1067_f27672.jpg,data/labels/test/frame_1067_f27672.txt,data/masks-original/test/frame_1067_f27672.png,2,1280,720,0.454402
frame_1068_f27698.jpg,1068,test,91453cef7aceaeeca8bcf05b4cb7989170a0b181d9e604ceea787af9a085ba10,frame803-1202/PSU-Track-0803-1202_400-images/frame_1068_f27698.jpg,frame803-1202/annotations-400-images.xml,data/images/test/frame_1068_f27698.jpg,data/labels/test/frame_1068_f27698.txt,data/masks-original/test/frame_1068_f27698.png,2,1280,720,0.457005
frame_1069_f27724.jpg,1069,test,1eda70594792adccec12ac634d3223409c73a76a57357299371d6789ecf06d8b,frame803-1202/PSU-Track-0803-1202_400-images/frame_1069_f27724.jpg,frame803-1202/annotations-400-images.xml,data/images/test/frame_1069_f27724.jpg,data/labels/test/frame_1069_f27724.txt,data/masks-original/test/frame_1069_f27724.png,2,1280,720,0.450999
frame_1070_f27750.jpg,1070,test,57e590f107bb9126198016d8ecf567983bb35c885073ca3a52df08acf316eaba,frame803-1202/PSU-Track-0803-1202_400-images/frame_1070_f27750.jpg,frame803-1202/annotations-400-images.xml,data/images/test/frame_1070_f27750.jpg,data/labels/test/frame_1070_f27750.txt,data/masks-original/test/frame_1070_f27750.png,2,1280,720,0.457619
frame_1071_f27776.jpg,1071,test,4bf5b7654f514021cb5c1a851bf6a2662fe2a41da5927d530e28cd0ac2f66cf0,frame803-1202/PSU-Track-0803-1202_400-images/frame_1071_f27776.jpg,frame803-1202/annotations-400-images.xml,data/images/test/frame_1071_f27776.jpg,data/labels/test/frame_1071_f27776.txt,data/masks-original/test/frame_1071_f27776.png,2,1280,720,0.469423
frame_1072_f27802.jpg,1072,test,8cd7c78697bb329b1f2b49a1510fd1decf6406537d964242ad3375d028597f37,frame803-1202/PSU-Track-0803-1202_400-images/frame_1072_f27802.jpg,frame803-1202/annotations-400-images.xml,data/images/test/frame_1072_f27802.jpg,data/labels/test/frame_1072_f27802.txt,data/masks-original/test/frame_1072_f27802.png,2,1280,720,0.467574
frame_1073_f27828.jpg,1073,test,d648a8acaf3a5b0dd510d65e4b75567c79bad3fd2136127c3c43e7d40be81b8f,frame803-1202/PSU-Track-0803-1202_400-images/frame_1073_f27828.jpg,frame803-1202/annotations-400-images.xml,data/images/test/frame_1073_f27828.jpg,data/labels/test/frame_1073_f27828.txt,data/masks-original/test/frame_1073_f27828.png,2,1280,720,0.461509
frame_1074_f27854.jpg,1074,test,2f72faf1b7e5d32846b5188669464cf4896eddcc6c56c705b3168d7665d38da1,frame803-1202/PSU-Track-0803-1202_400-images/frame_1074_f27854.jpg,frame803-1202/annotations-400-images.xml,data/images/test/frame_1074_f27854.jpg,data/labels/test/frame_1074_f27854.txt,data/masks-original/test/frame_1074_f27854.png,2,1280,720,0.447861
frame_1075_f27880.jpg,1075,test,cec066318f57ef3c10ee971bb0902b6b49026b2ba64b9554923956ba6330f157,frame803-1202/PSU-Track-0803-1202_400-images/frame_1075_f27880.jpg,frame803-1202/annotations-400-images.xml,data/images/test/frame_1075_f27880.jpg,data/labels/test/frame_1075_f27880.txt,data/masks-original/test/frame_1075_f27880.png,2,1280,720,0.460597
frame_1076_f27906.jpg,1076,test,eb3a68e633c5a324a850bab7d98d1088dee1f375d7b509d9b2c467dcb6054127,frame803-1202/PSU-Track-0803-1202_400-images/frame_1076_f27906.jpg,frame803-1202/annotations-400-images.xml,data/images/test/frame_1076_f27906.jpg,data/labels/test/frame_1076_f27906.txt,data/masks-original/test/frame_1076_f27906.png,2,1280,720,0.457242
frame_1077_f27932.jpg,1077,test,786b23725c10c313c150b5a0070f3337258074d938226d771b7fc369786beeb0,frame803-1202/PSU-Track-0803-1202_400-images/frame_1077_f27932.jpg,frame803-1202/annotations-400-images.xml,data/images/test/frame_1077_f27932.jpg,data/labels/test/frame_1077_f27932.txt,data/masks-original/test/frame_1077_f27932.png,2,1280,720,0.460435
frame_1078_f27958.jpg,1078,test,fb36969c2fd20abfa559ba5de459601f3639bb677ae17104897b878685a05776,frame803-1202/PSU-Track-0803-1202_400-images/frame_1078_f27958.jpg,frame803-1202/annotations-400-images.xml,data/images/test/frame_1078_f27958.jpg,data/labels/test/frame_1078_f27958.txt,data/masks-original/test/frame_1078_f27958.png,2,1280,720,0.459698
frame_1079_f27983.jpg,1079,test,bbd1d5c685de7203c56f704907dee67095656abc74fbfbb39c7db407037c9347,frame803-1202/PSU-Track-0803-1202_400-images/frame_1079_f27983.jpg,frame803-1202/annotations-400-images.xml,data/images/test/frame_1079_f27983.jpg,data/labels/test/frame_1079_f27983.txt,data/masks-original/test/frame_1079_f27983.png,2,1280,720,0.46974
frame_1080_f28009.jpg,1080,test,298df660594312f4de7f59447db0691e1db3dc50f7681d40bf3a3447bdbac14a,frame803-1202/PSU-Track-0803-1202_400-images/frame_1080_f28009.jpg,frame803-1202/annotations-400-images.xml,data/images/test/frame_1080_f28009.jpg,data/labels/test/frame_1080_f28009.txt,data/masks-original/test/frame_1080_f28009.png,2,1280,720,0.445132
frame_1081_f28035.jpg,1081,test,6852081ebe8fc13f640ca9151b62e58c17449b446fadd65ded41d8d69f781776,frame803-1202/PSU-Track-0803-1202_400-images/frame_1081_f28035.jpg,frame803-1202/annotations-400-images.xml,data/images/test/frame_1081_f28035.jpg,data/labels/test/frame_1081_f28035.txt,data/masks-original/test/frame_1081_f28035.png,2,1280,720,0.451866
frame_1082_f28061.jpg,1082,test,f40a469b56850e7981eb54ec8e4f7669a9f244fa4e2546dba6023d3a08df8ebc,frame803-1202/PSU-Track-0803-1202_400-images/frame_1082_f28061.jpg,frame803-1202/annotations-400-images.xml,data/images/test/frame_1082_f28061.jpg,data/labels/test/frame_1082_f28061.txt,data/masks-original/test/frame_1082_f28061.png,2,1280,720,0.472706
frame_1083_f28087.jpg,1083,test,940a84c9759b4c205cc9e849df9f64b4bfd403ddf34c5da95b70140d052f6755,frame803-1202/PSU-Track-0803-1202_400-images/frame_1083_f28087.jpg,frame803-1202/annotations-400-images.xml,data/images/test/frame_1083_f28087.jpg,data/labels/test/frame_1083_f28087.txt,data/masks-original/test/frame_1083_f28087.png,2,1280,720,0.45486
frame_1084_f28113.jpg,1084,test,9af108a07da90e84c16f7619a201471845e67afe2793de3c1e210323ece7337b,frame803-1202/PSU-Track-0803-1202_400-images/frame_1084_f28113.jpg,frame803-1202/annotations-400-images.xml,data/images/test/frame_1084_f28113.jpg,data/labels/test/frame_1084_f28113.txt,data/masks-original/test/frame_1084_f28113.png,2,1280,720,0.450087
frame_1085_f28139.jpg,1085,test,037e9a1a5851b1bb30c7e721f7d87fa73dcb1af1b949fbc26d7884d15afbcb6f,frame803-1202/PSU-Track-0803-1202_400-images/frame_1085_f28139.jpg,frame803-1202/annotations-400-images.xml,data/images/test/frame_1085_f28139.jpg,data/labels/test/frame_1085_f28139.txt,data/masks-original/test/frame_1085_f28139.png,2,1280,720,0.447908
frame_1086_f28165.jpg,1086,test,17c5f3e0018fb5745452e7dad8a9cc116f60236f0784561d01a212512fc5e883,frame803-1202/PSU-Track-0803-1202_400-images/frame_1086_f28165.jpg,frame803-1202/annotations-400-images.xml,data/images/test/frame_1086_f28165.jpg,data/labels/test/frame_1086_f28165.txt,data/masks-original/test/frame_1086_f28165.png,2,1280,720,0.457764
frame_1087_f28191.jpg,1087,test,597d2aa16eed4a2daba4ba1d1719029332d043fbfcab3e5b94982a7f51765ad7,frame803-1202/PSU-Track-0803-1202_400-images/frame_1087_f28191.jpg,frame803-1202/annotations-400-images.xml,data/images/test/frame_1087_f28191.jpg,data/labels/test/frame_1087_f28191.txt,data/masks-original/test/frame_1087_f28191.png,2,1280,720,0.460268
frame_1088_f28217.jpg,1088,test,7dd1f5587da6382c851454924f96edac32366bea0549b5d2f01129e1d17a01b7,frame803-1202/PSU-Track-0803-1202_400-images/frame_1088_f28217.jpg,frame803-1202/annotations-400-images.xml,data/images/test/frame_1088_f28217.jpg,data/labels/test/frame_1088_f28217.txt,data/masks-original/test/frame_1088_f28217.png,2,1280,720,0.456369
frame_1089_f28243.jpg,1089,test,060a1bb5b388c60b4d25b5ce899507d9bad320aacd3b83a69497a06a7580e99a,frame803-1202/PSU-Track-0803-1202_400-images/frame_1089_f28243.jpg,frame803-1202/annotations-400-images.xml,data/images/test/frame_1089_f28243.jpg,data/labels/test/frame_1089_f28243.txt,data/masks-original/test/frame_1089_f28243.png,2,1280,720,0.45591
frame_1090_f28269.jpg,1090,test,5390a5fdcf3931a1f49a1ad87a980cad0b957d1b57de4044026bdb7c16c95093,frame803-1202/PSU-Track-0803-1202_400-images/frame_1090_f28269.jpg,frame803-1202/annotations-400-images.xml,data/images/test/frame_1090_f28269.jpg,data/labels/test/frame_1090_f28269.txt,data/masks-original/test/frame_1090_f28269.png,2,1280,720,0.444519
frame_1091_f28295.jpg,1091,test,09b2a134a79265a30db9d2f13ecefa4b0ae7a5714bdbdc8b8ecdfad6aede57e5,frame803-1202/PSU-Track-0803-1202_400-images/frame_1091_f28295.jpg,frame803-1202/annotations-400-images.xml,data/images/test/frame_1091_f28295.jpg,data/labels/test/frame_1091_f28295.txt,data/masks-original/test/frame_1091_f28295.png,2,1280,720,0.459475
frame_1092_f28321.jpg,1092,test,666e73a2f49a06ccda3302153604ff2e4228d1dd3f860a7106d9e89664c22f43,frame803-1202/PSU-Track-0803-1202_400-images/frame_1092_f28321.jpg,frame803-1202/annotations-400-images.xml,data/images/test/frame_1092_f28321.jpg,data/labels/test/frame_1092_f28321.txt,data/masks-original/test/frame_1092_f28321.png,2,1280,720,0.45773
frame_1093_f28347.jpg,1093,test,6c98cb5da61cdee23c02d544554404768f7becbe459398043391f0604c3860a4,frame803-1202/PSU-Track-0803-1202_400-images/frame_1093_f28347.jpg,frame803-1202/annotations-400-images.xml,data/images/test/frame_1093_f28347.jpg,data/labels/test/frame_1093_f28347.txt,data/masks-original/test/frame_1093_f28347.png,2,1280,720,0.46384
frame_1094_f28372.jpg,1094,test,ed1db0b13f84fd70e6c0039df49af869ae7eb8c034d11451e202864e5e103361,frame803-1202/PSU-Track-0803-1202_400-images/frame_1094_f28372.jpg,frame803-1202/annotations-400-images.xml,data/images/test/frame_1094_f28372.jpg,data/labels/test/frame_1094_f28372.txt,data/masks-original/test/frame_1094_f28372.png,2,1280,720,0.445243
frame_1095_f28398.jpg,1095,test,141a6ec168a955afe2ad799cd1a3f6bc33f00e082a2d899345b92c5b63176dee,frame803-1202/PSU-Track-0803-1202_400-images/frame_1095_f28398.jpg,frame803-1202/annotations-400-images.xml,data/images/test/frame_1095_f28398.jpg,data/labels/test/frame_1095_f28398.txt,data/masks-original/test/frame_1095_f28398.png,2,1280,720,0.441736
frame_1096_f28424.jpg,1096,test,e7cd9f070ff04eabdce1d92df48f4b36cae73b77eaa9633a36367d9fe8440d3a,frame803-1202/PSU-Track-0803-1202_400-images/frame_1096_f28424.jpg,frame803-1202/annotations-400-images.xml,data/images/test/frame_1096_f28424.jpg,data/labels/test/frame_1096_f28424.txt,data/masks-original/test/frame_1096_f28424.png,2,1280,720,0.43497
frame_1097_f28450.jpg,1097,test,8c42a69124b4f4c531f4f05ec7ef5e8762e33d4a48bf57021e426cf1bcd776e9,frame803-1202/PSU-Track-0803-1202_400-images/frame_1097_f28450.jpg,frame803-1202/annotations-400-images.xml,data/images/test/frame_1097_f28450.jpg,data/labels/test/frame_1097_f28450.txt,data/masks-original/test/frame_1097_f28450.png,2,1280,720,0.467227
frame_1098_f28476.jpg,1098,test,cf68cd535b9e14a5482147d7c82e3070b0f7fb6e6011607610874a8d309e2001,frame803-1202/PSU-Track-0803-1202_400-images/frame_1098_f28476.jpg,frame803-1202/annotations-400-images.xml,data/images/test/frame_1098_f28476.jpg,data/labels/test/frame_1098_f28476.txt,data/masks-original/test/frame_1098_f28476.png,2,1280,720,0.452648
frame_1099_f28502.jpg,1099,test,d01474500bd201d03073050f13822fdc3674769826df01b17b182ce407711f46,frame803-1202/PSU-Track-0803-1202_400-images/frame_1099_f28502.jpg,frame803-1202/annotations-400-images.xml,data/images/test/frame_1099_f28502.jpg,data/labels/test/frame_1099_f28502.txt,data/masks-original/test/frame_1099_f28502.png,2,1280,720,0.451387
frame_1100_f28528.jpg,1100,test,2c266caee862b3058adb07e0e6aab5d9f242b785c70b0d5c6784ce556d0fa80a,frame803-1202/PSU-Track-0803-1202_400-images/frame_1100_f28528.jpg,frame803-1202/annotations-400-images.xml,data/images/test/frame_1100_f28528.jpg,data/labels/test/frame_1100_f28528.txt,data/masks-original/test/frame_1100_f28528.png,2,1280,720,0.449944
frame_1101_f28554.jpg,1101,test,38270842622dd6fc8a5658c9161f2423d0d90d071a5dfb33a4a9df593364d9ac,frame803-1202/PSU-Track-0803-1202_400-images/frame_1101_f28554.jpg,frame803-1202/annotations-400-images.xml,data/images/test/frame_1101_f28554.jpg,data/labels/test/frame_1101_f28554.txt,data/masks-original/test/frame_1101_f28554.png,2,1280,720,0.45689
frame_1102_f28580.jpg,1102,test,70b4a17caadf07cdb7afdd3c5b5c257e94c3ecd8a32855ab7209ba91744feadf,frame803-1202/PSU-Track-0803-1202_400-images/frame_1102_f28580.jpg,frame803-1202/annotations-400-images.xml,data/images/test/frame_1102_f28580.jpg,data/labels/test/frame_1102_f28580.txt,data/masks-original/test/frame_1102_f28580.png,2,1280,720,0.454348
frame_1103_f28606.jpg,1103,test,c962a37051700e62c0cda9c6b8aa266665a8e0edc27ef272f0d722a3cfc0888b,frame803-1202/PSU-Track-0803-1202_400-images/frame_1103_f28606.jpg,frame803-1202/annotations-400-images.xml,data/images/test/frame_1103_f28606.jpg,data/labels/test/frame_1103_f28606.txt,data/masks-original/test/frame_1103_f28606.png,2,1280,720,0.452962
frame_1104_f28632.jpg,1104,test,af02f6cd44555cb9d6647ddc00748bbf70157e878411cae6832e376f86340db9,frame803-1202/PSU-Track-0803-1202_400-images/frame_1104_f28632.jpg,frame803-1202/annotations-400-images.xml,data/images/test/frame_1104_f28632.jpg,data/labels/test/frame_1104_f28632.txt,data/masks-original/test/frame_1104_f28632.png,2,1280,720,0.45959
frame_1105_f28658.jpg,1105,test,220be1e90e1ed1fb2be0a6cda2ebf1deb8cb38b4111e491c85bdf1ab7d420488,frame803-1202/PSU-Track-0803-1202_400-images/frame_1105_f28658.jpg,frame803-1202/annotations-400-images.xml,data/images/test/frame_1105_f28658.jpg,data/labels/test/frame_1105_f28658.txt,data/masks-original/test/frame_1105_f28658.png,2,1280,720,0.453984
frame_1106_f28684.jpg,1106,test,b3f517b749510a510c4e47568111e78ead061ab3837b36dc3ad0e9e160c5cde8,frame803-1202/PSU-Track-0803-1202_400-images/frame_1106_f28684.jpg,frame803-1202/annotations-400-images.xml,data/images/test/frame_1106_f28684.jpg,data/labels/test/frame_1106_f28684.txt,data/masks-original/test/frame_1106_f28684.png,2,1280,720,0.44563
frame_1107_f28710.jpg,1107,test,a00ecff9996c2ca7be19c09f303605ed2ed20d5df2bc7579eb18b467edd21664,frame803-1202/PSU-Track-0803-1202_400-images/frame_1107_f28710.jpg,frame803-1202/annotations-400-images.xml,data/images/test/frame_1107_f28710.jpg,data/labels/test/frame_1107_f28710.txt,data/masks-original/test/frame_1107_f28710.png,2,1280,720,0.444229
frame_1108_f28736.jpg,1108,test,25c074268a257bedff268b68da0f16935d56f689f4f20c44d1bee0d3f0c60934,frame803-1202/PSU-Track-0803-1202_400-images/frame_1108_f28736.jpg,frame803-1202/annotations-400-images.xml,data/images/test/frame_1108_f28736.jpg,data/labels/test/frame_1108_f28736.txt,data/masks-original/test/frame_1108_f28736.png,2,1280,720,0.445879
frame_1109_f28761.jpg,1109,test,4ab8397e63397e917ba71014de3d254cee3fa01e1c97ff14a8c7212cee440704,frame803-1202/PSU-Track-0803-1202_400-images/frame_1109_f28761.jpg,frame803-1202/annotations-400-images.xml,data/images/test/frame_1109_f28761.jpg,data/labels/test/frame_1109_f28761.txt,data/masks-original/test/frame_1109_f28761.png,2,1280,720,0.45307
frame_1110_f28787.jpg,1110,test,81d0ba4ab3fd490208e4583f4e7971d8480bfb8ee9e3a882b5945c8e02bdb2a1,frame803-1202/PSU-Track-0803-1202_400-images/frame_1110_f28787.jpg,frame803-1202/annotations-400-images.xml,data/images/test/frame_1110_f28787.jpg,data/labels/test/frame_1110_f28787.txt,data/masks-original/test/frame_1110_f28787.png,2,1280,720,0.45002
frame_1111_f28813.jpg,1111,test,f18f287285aa65974608942291014ac230545a6cd2956c1f4cdcb35977a6a80e,frame803-1202/PSU-Track-0803-1202_400-images/frame_1111_f28813.jpg,frame803-1202/annotations-400-images.xml,data/images/test/frame_1111_f28813.jpg,data/labels/test/frame_1111_f28813.txt,data/masks-original/test/frame_1111_f28813.png,2,1280,720,0.460687
frame_1112_f28839.jpg,1112,test,c5f42ac54032dfc624f67fdd787ec2446bdee19c2f26f7f498bb1086e48d5df2,frame803-1202/PSU-Track-0803-1202_400-images/frame_1112_f28839.jpg,frame803-1202/annotations-400-images.xml,data/images/test/frame_1112_f28839.jpg,data/labels/test/frame_1112_f28839.txt,data/masks-original/test/frame_1112_f28839.png,2,1280,720,0.455472
frame_1113_f28865.jpg,1113,test,58e170975a0475f534238064be29bef626b94f9993c8b8d6dc76b11d406f64cd,frame803-1202/PSU-Track-0803-1202_400-images/frame_1113_f28865.jpg,frame803-1202/annotations-400-images.xml,data/images/test/frame_1113_f28865.jpg,data/labels/test/frame_1113_f28865.txt,data/masks-original/test/frame_1113_f28865.png,2,1280,720,0.441915
frame_1114_f28891.jpg,1114,test,109ca1d420f0b2f8e7291079e61d1bc4562be7c3d61b6ee5ee0a32280f95eeb4,frame803-1202/PSU-Track-0803-1202_400-images/frame_1114_f28891.jpg,frame803-1202/annotations-400-images.xml,data/images/test/frame_1114_f28891.jpg,data/labels/test/frame_1114_f28891.txt,data/masks-original/test/frame_1114_f28891.png,2,1280,720,0.45036
frame_1115_f28917.jpg,1115,test,efba9824f4cb88fef6967fa6208f99fbfd7e9c5f1e5e7fd9ae4c3ece0126ca83,frame803-1202/PSU-Track-0803-1202_400-images/frame_1115_f28917.jpg,frame803-1202/annotations-400-images.xml,data/images/test/frame_1115_f28917.jpg,data/labels/test/frame_1115_f28917.txt,data/masks-original/test/frame_1115_f28917.png,2,1280,720,0.46147
frame_1116_f28943.jpg,1116,test,291b3437ca8e11d4277dfb36cae0a4b63dfff36cba58880e674cda3362e40829,frame803-1202/PSU-Track-0803-1202_400-images/frame_1116_f28943.jpg,frame803-1202/annotations-400-images.xml,data/images/test/frame_1116_f28943.jpg,data/labels/test/frame_1116_f28943.txt,data/masks-original/test/frame_1116_f28943.png,2,1280,720,0.435409
frame_1117_f28969.jpg,1117,test,b8a430a47c29cb127e519bf6adfb24338230b70523f66f17a6c655e7b34933b0,frame803-1202/PSU-Track-0803-1202_400-images/frame_1117_f28969.jpg,frame803-1202/annotations-400-images.xml,data/images/test/frame_1117_f28969.jpg,data/labels/test/frame_1117_f28969.txt,data/masks-original/test/frame_1117_f28969.png,2,1280,720,0.456783
frame_1118_f28995.jpg,1118,test,f5d0978e20ac0edc59e13465692407581e3925902183f1e5a4ce33af0bbba990,frame803-1202/PSU-Track-0803-1202_400-images/frame_1118_f28995.jpg,frame803-1202/annotations-400-images.xml,data/images/test/frame_1118_f28995.jpg,data/labels/test/frame_1118_f28995.txt,data/masks-original/test/frame_1118_f28995.png,2,1280,720,0.454676
frame_1119_f29021.jpg,1119,test,2a4b1ccccd00cc542ea7cac41b61b0870eff12c7bd501a5ac20aed3af33fce31,frame803-1202/PSU-Track-0803-1202_400-images/frame_1119_f29021.jpg,frame803-1202/annotations-400-images.xml,data/images/test/frame_1119_f29021.jpg,data/labels/test/frame_1119_f29021.txt,data/masks-original/test/frame_1119_f29021.png,2,1280,720,0.451257
frame_1120_f29047.jpg,1120,test,958694f99eacf4e6ed232d5c9533c4f79b0ed543bf408fe3069b7fdb7d114af1,frame803-1202/PSU-Track-0803-1202_400-images/frame_1120_f29047.jpg,frame803-1202/annotations-400-images.xml,data/images/test/frame_1120_f29047.jpg,data/labels/test/frame_1120_f29047.txt,data/masks-original/test/frame_1120_f29047.png,2,1280,720,0.458362
frame_1121_f29073.jpg,1121,test,3be4a8f22a25c73aa59627842054ad3fce3025d9e51abe8b1de0b3ffda42a825,frame803-1202/PSU-Track-0803-1202_400-images/frame_1121_f29073.jpg,frame803-1202/annotations-400-images.xml,data/images/test/frame_1121_f29073.jpg,data/labels/test/frame_1121_f29073.txt,data/masks-original/test/frame_1121_f29073.png,2,1280,720,0.472511
frame_1122_f29099.jpg,1122,test,558e291991e6273d838c587ca0041fe237e39c05d50909f62faf4ae08dc7144d,frame803-1202/PSU-Track-0803-1202_400-images/frame_1122_f29099.jpg,frame803-1202/annotations-400-images.xml,data/images/test/frame_1122_f29099.jpg,data/labels/test/frame_1122_f29099.txt,data/masks-original/test/frame_1122_f29099.png,2,1280,720,0.476211
frame_1123_f29125.jpg,1123,test,08d070a001a197404b9c095bd81c926c24369e9766dfd4d490d85d1487c1a97a,frame803-1202/PSU-Track-0803-1202_400-images/frame_1123_f29125.jpg,frame803-1202/annotations-400-images.xml,data/images/test/frame_1123_f29125.jpg,data/labels/test/frame_1123_f29125.txt,data/masks-original/test/frame_1123_f29125.png,2,1280,720,0.446698
frame_1124_f29151.jpg,1124,test,8112f191187bb0a595a6d2ecb9e1553ccea732b33d3a8da964c9bebc87db6ede,frame803-1202/PSU-Track-0803-1202_400-images/frame_1124_f29151.jpg,frame803-1202/annotations-400-images.xml,data/images/test/frame_1124_f29151.jpg,data/labels/test/frame_1124_f29151.txt,data/masks-original/test/frame_1124_f29151.png,2,1280,720,0.467039
frame_1125_f29176.jpg,1125,test,d52f71f8c2761bc4fd0b38052ffa76c5e9ad45cdeed355ab0dc35912c20d897f,frame803-1202/PSU-Track-0803-1202_400-images/frame_1125_f29176.jpg,frame803-1202/annotations-400-images.xml,data/images/test/frame_1125_f29176.jpg,data/labels/test/frame_1125_f29176.txt,data/masks-original/test/frame_1125_f29176.png,2,1280,720,0.454441
frame_1126_f29202.jpg,1126,test,36b32e90eddadedcc3a02a1f1f7fe7d63f4e6c9aecfed3fb362cb8b2c5aa5ba0,frame803-1202/PSU-Track-0803-1202_400-images/frame_1126_f29202.jpg,frame803-1202/annotations-400-images.xml,data/images/test/frame_1126_f29202.jpg,data/labels/test/frame_1126_f29202.txt,data/masks-original/test/frame_1126_f29202.png,2,1280,720,0.464911
frame_1127_f29228.jpg,1127,test,befcd0e479f1143e9adbc1641b371da8d586846127c9179bde7a6650b617bc20,frame803-1202/PSU-Track-0803-1202_400-images/frame_1127_f29228.jpg,frame803-1202/annotations-400-images.xml,data/images/test/frame_1127_f29228.jpg,data/labels/test/frame_1127_f29228.txt,data/masks-original/test/frame_1127_f29228.png,2,1280,720,0.456591
frame_1128_f29254.jpg,1128,test,39def1fea6248fc110be60bd9f74686524af4f81e9a0c72c6f21bf48428091c8,frame803-1202/PSU-Track-0803-1202_400-images/frame_1128_f29254.jpg,frame803-1202/annotations-400-images.xml,data/images/test/frame_1128_f29254.jpg,data/labels/test/frame_1128_f29254.txt,data/masks-original/test/frame_1128_f29254.png,2,1280,720,0.445845
frame_1129_f29280.jpg,1129,test,e941cad0b2fcf4361c8251238bed880555e5a7f9915943591b6930b918a9436a,frame803-1202/PSU-Track-0803-1202_400-images/frame_1129_f29280.jpg,frame803-1202/annotations-400-images.xml,data/images/test/frame_1129_f29280.jpg,data/labels/test/frame_1129_f29280.txt,data/masks-original/test/frame_1129_f29280.png,2,1280,720,0.458838
frame_1130_f29306.jpg,1130,test,23c677bcd0befb1d23a5c251dc75ec95d71071adbe3fe17dd8c8011edca5222f,frame803-1202/PSU-Track-0803-1202_400-images/frame_1130_f29306.jpg,frame803-1202/annotations-400-images.xml,data/images/test/frame_1130_f29306.jpg,data/labels/test/frame_1130_f29306.txt,data/masks-original/test/frame_1130_f29306.png,2,1280,720,0.446644
frame_1131_f29332.jpg,1131,test,3b8d489805f28f98d6f3d2f71beaad1d9f2f3c770ddfa74094b1e77fba8c3463,frame803-1202/PSU-Track-0803-1202_400-images/frame_1131_f29332.jpg,frame803-1202/annotations-400-images.xml,data/images/test/frame_1131_f29332.jpg,data/labels/test/frame_1131_f29332.txt,data/masks-original/test/frame_1131_f29332.png,2,1280,720,0.448147
frame_1132_f29358.jpg,1132,test,9a7ad87e5bbaed4620f4aec813fe4c80cf5f5def852a2edf70593c78f10d1e80,frame803-1202/PSU-Track-0803-1202_400-images/frame_1132_f29358.jpg,frame803-1202/annotations-400-images.xml,data/images/test/frame_1132_f29358.jpg,data/labels/test/frame_1132_f29358.txt,data/masks-original/test/frame_1132_f29358.png,2,1280,720,0.454782
frame_1133_f29384.jpg,1133,test,e1b0d6642e759fa39d1e83fb2cea998f8dbce9b8e903f66dff913a038169c63d,frame803-1202/PSU-Track-0803-1202_400-images/frame_1133_f29384.jpg,frame803-1202/annotations-400-images.xml,data/images/test/frame_1133_f29384.jpg,data/labels/test/frame_1133_f29384.txt,data/masks-original/test/frame_1133_f29384.png,2,1280,720,0.450199
frame_1134_f29410.jpg,1134,test,3ba44152b80e17c175bb0b93014a7ed17d0363f3e171d9159977490aea787cb4,frame803-1202/PSU-Track-0803-1202_400-images/frame_1134_f29410.jpg,frame803-1202/annotations-400-images.xml,data/images/test/frame_1134_f29410.jpg,data/labels/test/frame_1134_f29410.txt,data/masks-original/test/frame_1134_f29410.png,2,1280,720,0.444789
frame_1135_f29436.jpg,1135,test,c953e47cd5d6ffc7f8fb06e8a94c597580dff118f5752f78ae442a70b33e7031,frame803-1202/PSU-Track-0803-1202_400-images/frame_1135_f29436.jpg,frame803-1202/annotations-400-images.xml,data/images/test/frame_1135_f29436.jpg,data/labels/test/frame_1135_f29436.txt,data/masks-original/test/frame_1135_f29436.png,2,1280,720,0.445699
frame_1136_f29462.jpg,1136,test,83b1bfb1a5c1081427af6e729edc9e3626702a858d651e0d8b76162d02fbb045,frame803-1202/PSU-Track-0803-1202_400-images/frame_1136_f29462.jpg,frame803-1202/annotations-400-images.xml,data/images/test/frame_1136_f29462.jpg,data/labels/test/frame_1136_f29462.txt,data/masks-original/test/frame_1136_f29462.png,2,1280,720,0.449676
frame_1137_f29488.jpg,1137,test,81cf97a1e169e536d4d157d218f072b162c9ec5e5c23d0e94be84387d65e64e5,frame803-1202/PSU-Track-0803-1202_400-images/frame_1137_f29488.jpg,frame803-1202/annotations-400-images.xml,data/images/test/frame_1137_f29488.jpg,data/labels/test/frame_1137_f29488.txt,data/masks-original/test/frame_1137_f29488.png,2,1280,720,0.452981
frame_1138_f29514.jpg,1138,test,a77eb2230f3d18fe9b0bd2737131b04046bc4a2967797d9399da5a81b364fc44,frame803-1202/PSU-Track-0803-1202_400-images/frame_1138_f29514.jpg,frame803-1202/annotations-400-images.xml,data/images/test/frame_1138_f29514.jpg,data/labels/test/frame_1138_f29514.txt,data/masks-original/test/frame_1138_f29514.png,2,1280,720,0.443276
frame_1139_f29540.jpg,1139,test,28b29affbebc5a147b8db4b80342a05905b9351b61c030654041a67d2a6ac13d,frame803-1202/PSU-Track-0803-1202_400-images/frame_1139_f29540.jpg,frame803-1202/annotations-400-images.xml,data/images/test/frame_1139_f29540.jpg,data/labels/test/frame_1139_f29540.txt,data/masks-original/test/frame_1139_f29540.png,2,1280,720,0.464433
frame_1140_f29565.jpg,1140,test,b719243b737567ee1a056b594827786a7794416ae0469c83e343e2fe04caa496,frame803-1202/PSU-Track-0803-1202_400-images/frame_1140_f29565.jpg,frame803-1202/annotations-400-images.xml,data/images/test/frame_1140_f29565.jpg,data/labels/test/frame_1140_f29565.txt,data/masks-original/test/frame_1140_f29565.png,2,1280,720,0.456402
frame_1141_f29591.jpg,1141,test,4c6fcecfd6d3566c969104fa25e6af1054c09b335c21fd6860fb302a948e088a,frame803-1202/PSU-Track-0803-1202_400-images/frame_1141_f29591.jpg,frame803-1202/annotations-400-images.xml,data/images/test/frame_1141_f29591.jpg,data/labels/test/frame_1141_f29591.txt,data/masks-original/test/frame_1141_f29591.png,2,1280,720,0.471042
frame_1142_f29617.jpg,1142,test,deee98e0afa1923662b6b9a4bc55b69500a63ba3c63ec9180c3eb4e5f72bf236,frame803-1202/PSU-Track-0803-1202_400-images/frame_1142_f29617.jpg,frame803-1202/annotations-400-images.xml,data/images/test/frame_1142_f29617.jpg,data/labels/test/frame_1142_f29617.txt,data/masks-original/test/frame_1142_f29617.png,2,1280,720,0.452099
frame_1143_f29643.jpg,1143,test,e1cc6628cf3793f3f5f96b6f2494c1fc75ad47a8b6cf1d431d43ffbb7a1a023a,frame803-1202/PSU-Track-0803-1202_400-images/frame_1143_f29643.jpg,frame803-1202/annotations-400-images.xml,data/images/test/frame_1143_f29643.jpg,data/labels/test/frame_1143_f29643.txt,data/masks-original/test/frame_1143_f29643.png,2,1280,720,0.462078
frame_1144_f29669.jpg,1144,test,009384b47652edef48a45e99c0e7eab5ab507d51a31b6902b0f74d1aac4db7bc,frame803-1202/PSU-Track-0803-1202_400-images/frame_1144_f29669.jpg,frame803-1202/annotations-400-images.xml,data/images/test/frame_1144_f29669.jpg,data/labels/test/frame_1144_f29669.txt,data/masks-original/test/frame_1144_f29669.png,2,1280,720,0.456564
frame_1145_f29695.jpg,1145,test,1ade303aca26df5ebb8e6c6c2698335c6ac36fd69f1611deaf965237538eefdb,frame803-1202/PSU-Track-0803-1202_400-images/frame_1145_f29695.jpg,frame803-1202/annotations-400-images.xml,data/images/test/frame_1145_f29695.jpg,data/labels/test/frame_1145_f29695.txt,data/masks-original/test/frame_1145_f29695.png,2,1280,720,0.454262
frame_1146_f29721.jpg,1146,test,dd72a5335ae529d7aea8f0c2e73690208fa97eafbaac6c0e2adb3dc65e57738d,frame803-1202/PSU-Track-0803-1202_400-images/frame_1146_f29721.jpg,frame803-1202/annotations-400-images.xml,data/images/test/frame_1146_f29721.jpg,data/labels/test/frame_1146_f29721.txt,data/masks-original/test/frame_1146_f29721.png,2,1280,720,0.451362
frame_1147_f29747.jpg,1147,test,536019c341a4b98f2ee213129bd16c14afbd248466e88d5b6115edb248f77d2e,frame803-1202/PSU-Track-0803-1202_400-images/frame_1147_f29747.jpg,frame803-1202/annotations-400-images.xml,data/images/test/frame_1147_f29747.jpg,data/labels/test/frame_1147_f29747.txt,data/masks-original/test/frame_1147_f29747.png,2,1280,720,0.454157
frame_1148_f29773.jpg,1148,test,a78e81a77cb3dc9fd022c492661e95696125be585e08e4b8a3a507435d1da784,frame803-1202/PSU-Track-0803-1202_400-images/frame_1148_f29773.jpg,frame803-1202/annotations-400-images.xml,data/images/test/frame_1148_f29773.jpg,data/labels/test/frame_1148_f29773.txt,data/masks-original/test/frame_1148_f29773.png,2,1280,720,0.459209
frame_1149_f29799.jpg,1149,test,778683a9f1632e0eda1a28f1b468f9561e5b61e43136005fe5a292f86d1c4c1b,frame803-1202/PSU-Track-0803-1202_400-images/frame_1149_f29799.jpg,frame803-1202/annotations-400-images.xml,data/images/test/frame_1149_f29799.jpg,data/labels/test/frame_1149_f29799.txt,data/masks-original/test/frame_1149_f29799.png,2,1280,720,0.455436
frame_1150_f29825.jpg,1150,test,2ebdcd3c7b58d8afe57b86b8f2f8861bc582ee910bafb234d94a6a58b1825f47,frame803-1202/PSU-Track-0803-1202_400-images/frame_1150_f29825.jpg,frame803-1202/annotations-400-images.xml,data/images/test/frame_1150_f29825.jpg,data/labels/test/frame_1150_f29825.txt,data/masks-original/test/frame_1150_f29825.png,2,1280,720,0.447356
frame_1151_f29851.jpg,1151,test,e30cd36c02e9d7eb4431b65557ada1256ed3bab891dab496f8ae2251028830ac,frame803-1202/PSU-Track-0803-1202_400-images/frame_1151_f29851.jpg,frame803-1202/annotations-400-images.xml,data/images/test/frame_1151_f29851.jpg,data/labels/test/frame_1151_f29851.txt,data/masks-original/test/frame_1151_f29851.png,2,1280,720,0.456171
frame_1152_f29877.jpg,1152,test,da8b4dac180861e51d628a7b23f055e761a260fd6116e57eca6964ca940b0ae2,frame803-1202/PSU-Track-0803-1202_400-images/frame_1152_f29877.jpg,frame803-1202/annotations-400-images.xml,data/images/test/frame_1152_f29877.jpg,data/labels/test/frame_1152_f29877.txt,data/masks-original/test/frame_1152_f29877.png,2,1280,720,0.457882
frame_1153_f29903.jpg,1153,test,603b8164cb21be6239f55189b07de214d6e90a4aa8be3b2bc314bc96bf333bec,frame803-1202/PSU-Track-0803-1202_400-images/frame_1153_f29903.jpg,frame803-1202/annotations-400-images.xml,data/images/test/frame_1153_f29903.jpg,data/labels/test/frame_1153_f29903.txt,data/masks-original/test/frame_1153_f29903.png,2,1280,720,0.450652
frame_1154_f29929.jpg,1154,test,47796ff5520cc9ea04365c1cf1bd14c13bcb3b12403f91e9aeaea334d7f6f2b7,frame803-1202/PSU-Track-0803-1202_400-images/frame_1154_f29929.jpg,frame803-1202/annotations-400-images.xml,data/images/test/frame_1154_f29929.jpg,data/labels/test/frame_1154_f29929.txt,data/masks-original/test/frame_1154_f29929.png,2,1280,720,0.454285
frame_1155_f29954.jpg,1155,test,1f487c450a028e215c3f41ef05006deb4fa2339ce5629efaf9d091a6266e9877,frame803-1202/PSU-Track-0803-1202_400-images/frame_1155_f29954.jpg,frame803-1202/annotations-400-images.xml,data/images/test/frame_1155_f29954.jpg,data/labels/test/frame_1155_f29954.txt,data/masks-original/test/frame_1155_f29954.png,2,1280,720,0.43826
frame_1156_f29980.jpg,1156,test,53d95641e201769405aef5d2fed3a0685e1fee7e973bb0d82f3fa55fe88952af,frame803-1202/PSU-Track-0803-1202_400-images/frame_1156_f29980.jpg,frame803-1202/annotations-400-images.xml,data/images/test/frame_1156_f29980.jpg,data/labels/test/frame_1156_f29980.txt,data/masks-original/test/frame_1156_f29980.png,2,1280,720,0.454695
frame_1157_f30006.jpg,1157,test,682b31563d5ddccd74c19ffc54c4895dd38b7b626afbf4e4f37c2253eec573d8,frame803-1202/PSU-Track-0803-1202_400-images/frame_1157_f30006.jpg,frame803-1202/annotations-400-images.xml,data/images/test/frame_1157_f30006.jpg,data/labels/test/frame_1157_f30006.txt,data/masks-original/test/frame_1157_f30006.png,2,1280,720,0.457411
frame_1158_f30032.jpg,1158,test,ce047a8d831c3d1ef260146229e5422f4d8da8f657048e945e8677b7ed48f700,frame803-1202/PSU-Track-0803-1202_400-images/frame_1158_f30032.jpg,frame803-1202/annotations-400-images.xml,data/images/test/frame_1158_f30032.jpg,data/labels/test/frame_1158_f30032.txt,data/masks-original/test/frame_1158_f30032.png,2,1280,720,0.454423
frame_1159_f30058.jpg,1159,test,c74f13a3ded75525c31c273ddf7c4007b815fe03bab704341d4e788f0d534f1d,frame803-1202/PSU-Track-0803-1202_400-images/frame_1159_f30058.jpg,frame803-1202/annotations-400-images.xml,data/images/test/frame_1159_f30058.jpg,data/labels/test/frame_1159_f30058.txt,data/masks-original/test/frame_1159_f30058.png,2,1280,720,0.458492
frame_1160_f30084.jpg,1160,test,d0b491fe8ea16f8ec5b54b5ad0c9e75764081d67a8d7c7a185c22e66bacd02a4,frame803-1202/PSU-Track-0803-1202_400-images/frame_1160_f30084.jpg,frame803-1202/annotations-400-images.xml,data/images/test/frame_1160_f30084.jpg,data/labels/test/frame_1160_f30084.txt,data/masks-original/test/frame_1160_f30084.png,2,1280,720,0.444324
frame_1161_f30110.jpg,1161,test,aab776c38258fa15748f797f789dcfa57667321f8a963cfd11fc600eef211f29,frame803-1202/PSU-Track-0803-1202_400-images/frame_1161_f30110.jpg,frame803-1202/annotations-400-images.xml,data/images/test/frame_1161_f30110.jpg,data/labels/test/frame_1161_f30110.txt,data/masks-original/test/frame_1161_f30110.png,2,1280,720,0.455934
frame_1162_f30136.jpg,1162,test,9e8c45f15b03eb3d72f0a973b089cbb5dfe43149e06c987cc626a1eb9229c442,frame803-1202/PSU-Track-0803-1202_400-images/frame_1162_f30136.jpg,frame803-1202/annotations-400-images.xml,data/images/test/frame_1162_f30136.jpg,data/labels/test/frame_1162_f30136.txt,data/masks-original/test/frame_1162_f30136.png,2,1280,720,0.450034
frame_1163_f30162.jpg,1163,test,d02ddb6a567daa1c6c2abd42d6cb159d99aa4109f171322a5f41d5c61a093971,frame803-1202/PSU-Track-0803-1202_400-images/frame_1163_f30162.jpg,frame803-1202/annotations-400-images.xml,data/images/test/frame_1163_f30162.jpg,data/labels/test/frame_1163_f30162.txt,data/masks-original/test/frame_1163_f30162.png,2,1280,720,0.460017
frame_1164_f30188.jpg,1164,test,c28ab185529517175055cae60e42f5c3d8bc1edf06a00885fa5a4f9b70e19249,frame803-1202/PSU-Track-0803-1202_400-images/frame_1164_f30188.jpg,frame803-1202/annotations-400-images.xml,data/images/test/frame_1164_f30188.jpg,data/labels/test/frame_1164_f30188.txt,data/masks-original/test/frame_1164_f30188.png,2,1280,720,0.469285
frame_1165_f30214.jpg,1165,test,ab52e82ea1edb15ffad1ef41fc11257ea6c9053d0e78c7f83ebe75141222ede9,frame803-1202/PSU-Track-0803-1202_400-images/frame_1165_f30214.jpg,frame803-1202/annotations-400-images.xml,data/images/test/frame_1165_f30214.jpg,data/labels/test/frame_1165_f30214.txt,data/masks-original/test/frame_1165_f30214.png,2,1280,720,0.455654
frame_1166_f30240.jpg,1166,test,91b209131fa96064d46bcb64f9b629b1e6ebe29a8436184c51299d1278fa662f,frame803-1202/PSU-Track-0803-1202_400-images/frame_1166_f30240.jpg,frame803-1202/annotations-400-images.xml,data/images/test/frame_1166_f30240.jpg,data/labels/test/frame_1166_f30240.txt,data/masks-original/test/frame_1166_f30240.png,2,1280,720,0.458944
frame_1167_f30266.jpg,1167,test,acd85d1faa1fc6de7a14e378424ee52c4fb5dff0d823a8543ff7a60c4fded2c6,frame803-1202/PSU-Track-0803-1202_400-images/frame_1167_f30266.jpg,frame803-1202/annotations-400-images.xml,data/images/test/frame_1167_f30266.jpg,data/labels/test/frame_1167_f30266.txt,data/masks-original/test/frame_1167_f30266.png,2,1280,720,0.463094
frame_1168_f30292.jpg,1168,test,45ebad9af7dc1ea36bb146755eb43d7949846dab5b0f763c874312b88a31afb2,frame803-1202/PSU-Track-0803-1202_400-images/frame_1168_f30292.jpg,frame803-1202/annotations-400-images.xml,data/images/test/frame_1168_f30292.jpg,data/labels/test/frame_1168_f30292.txt,data/masks-original/test/frame_1168_f30292.png,2,1280,720,0.450203
frame_1169_f30318.jpg,1169,test,51277bebe15896b9afed79bdd7e72ea2e0655d04b9c7f7f1e1cf5c880b13d26b,frame803-1202/PSU-Track-0803-1202_400-images/frame_1169_f30318.jpg,frame803-1202/annotations-400-images.xml,data/images/test/frame_1169_f30318.jpg,data/labels/test/frame_1169_f30318.txt,data/masks-original/test/frame_1169_f30318.png,2,1280,720,0.457863
frame_1170_f30344.jpg,1170,test,46ff6b4ced7c72b9666a6fdf07b845402b94071e8ce1de6563e9040b387a310d,frame803-1202/PSU-Track-0803-1202_400-images/frame_1170_f30344.jpg,frame803-1202/annotations-400-images.xml,data/images/test/frame_1170_f30344.jpg,data/labels/test/frame_1170_f30344.txt,data/masks-original/test/frame_1170_f30344.png,2,1280,720,0.450962
frame_1171_f30369.jpg,1171,test,d9218b60fda44c1ee9325c39c29f5a8616c7989ce4bb9032365baf43b91641fc,frame803-1202/PSU-Track-0803-1202_400-images/frame_1171_f30369.jpg,frame803-1202/annotations-400-images.xml,data/images/test/frame_1171_f30369.jpg,data/labels/test/frame_1171_f30369.txt,data/masks-original/test/frame_1171_f30369.png,2,1280,720,0.454235
frame_1172_f30395.jpg,1172,test,e387d0a789c093183fd6b1aea657d5f4b8e3df3c663ea448a44ce97020922b35,frame803-1202/PSU-Track-0803-1202_400-images/frame_1172_f30395.jpg,frame803-1202/annotations-400-images.xml,data/images/test/frame_1172_f30395.jpg,data/labels/test/frame_1172_f30395.txt,data/masks-original/test/frame_1172_f30395.png,2,1280,720,0.448673
frame_1173_f30421.jpg,1173,test,a151c716d13a6babcb4496fe3a5186472b3b3103714def387ea69a4751d7cbf7,frame803-1202/PSU-Track-0803-1202_400-images/frame_1173_f30421.jpg,frame803-1202/annotations-400-images.xml,data/images/test/frame_1173_f30421.jpg,data/labels/test/frame_1173_f30421.txt,data/masks-original/test/frame_1173_f30421.png,2,1280,720,0.465477
frame_1174_f30447.jpg,1174,test,46fc65b57b0847c38d015e28780f072b8fe0c08b681a93597c928d1e038d3824,frame803-1202/PSU-Track-0803-1202_400-images/frame_1174_f30447.jpg,frame803-1202/annotations-400-images.xml,data/images/test/frame_1174_f30447.jpg,data/labels/test/frame_1174_f30447.txt,data/masks-original/test/frame_1174_f30447.png,2,1280,720,0.459889
frame_1175_f30473.jpg,1175,test,2254e9c26f473c8d2389d740e65fa69f7302c715a7d430d6d1443160216fd86d,frame803-1202/PSU-Track-0803-1202_400-images/frame_1175_f30473.jpg,frame803-1202/annotations-400-images.xml,data/images/test/frame_1175_f30473.jpg,data/labels/test/frame_1175_f30473.txt,data/masks-original/test/frame_1175_f30473.png,2,1280,720,0.457464
frame_1176_f30499.jpg,1176,test,a876b985369d4e50fdfc9e31ab9a47b113e4a5fa24f89bc8a10cb1d4f1265654,frame803-1202/PSU-Track-0803-1202_400-images/frame_1176_f30499.jpg,frame803-1202/annotations-400-images.xml,data/images/test/frame_1176_f30499.jpg,data/labels/test/frame_1176_f30499.txt,data/masks-original/test/frame_1176_f30499.png,2,1280,720,0.453091
frame_1177_f30525.jpg,1177,test,4f4dfce38c0fa7f85aac6a4539e7f8dd8b4c771fe76002edfd4cb2ac76f6797a,frame803-1202/PSU-Track-0803-1202_400-images/frame_1177_f30525.jpg,frame803-1202/annotations-400-images.xml,data/images/test/frame_1177_f30525.jpg,data/labels/test/frame_1177_f30525.txt,data/masks-original/test/frame_1177_f30525.png,2,1280,720,0.428394
frame_1178_f30551.jpg,1178,test,e76cddead5211068d9cb4b613fe84f42d4b097e590044155ce16cad093a19108,frame803-1202/PSU-Track-0803-1202_400-images/frame_1178_f30551.jpg,frame803-1202/annotations-400-images.xml,data/images/test/frame_1178_f30551.jpg,data/labels/test/frame_1178_f30551.txt,data/masks-original/test/frame_1178_f30551.png,2,1280,720,0.460276
frame_1179_f30577.jpg,1179,test,3765abaa9fabc28e49b392fb9ec5c9d876735fe71c166f8c2653cd4678713b97,frame803-1202/PSU-Track-0803-1202_400-images/frame_1179_f30577.jpg,frame803-1202/annotations-400-images.xml,data/images/test/frame_1179_f30577.jpg,data/labels/test/frame_1179_f30577.txt,data/masks-original/test/frame_1179_f30577.png,2,1280,720,0.449321
frame_1180_f30603.jpg,1180,test,e8818a879d310e27543d0b61f42646686c6871e92847f561a53ee8e4cee6ca05,frame803-1202/PSU-Track-0803-1202_400-images/frame_1180_f30603.jpg,frame803-1202/annotations-400-images.xml,data/images/test/frame_1180_f30603.jpg,data/labels/test/frame_1180_f30603.txt,data/masks-original/test/frame_1180_f30603.png,2,1280,720,0.449261
frame_1181_f30629.jpg,1181,test,d82aa689ced43df550efc604247395732eedb27129faa0364718c6ce4bc3732d,frame803-1202/PSU-Track-0803-1202_400-images/frame_1181_f30629.jpg,frame803-1202/annotations-400-images.xml,data/images/test/frame_1181_f30629.jpg,data/labels/test/frame_1181_f30629.txt,data/masks-original/test/frame_1181_f30629.png,2,1280,720,0.447819
frame_1182_f30655.jpg,1182,test,4969ca7642c00d7b84ca15482869da6a40684e0ae65b40c9628b27d5c199d0e9,frame803-1202/PSU-Track-0803-1202_400-images/frame_1182_f30655.jpg,frame803-1202/annotations-400-images.xml,data/images/test/frame_1182_f30655.jpg,data/labels/test/frame_1182_f30655.txt,data/masks-original/test/frame_1182_f30655.png,2,1280,720,0.459857
frame_1183_f30681.jpg,1183,test,9bb3adeba97a50637fd60420914e8cf96adaf77d090a99607ca260f49053acc3,frame803-1202/PSU-Track-0803-1202_400-images/frame_1183_f30681.jpg,frame803-1202/annotations-400-images.xml,data/images/test/frame_1183_f30681.jpg,data/labels/test/frame_1183_f30681.txt,data/masks-original/test/frame_1183_f30681.png,2,1280,720,0.449595
frame_1184_f30707.jpg,1184,test,66c2e5e82cc953aa1124e5259db9d18bf8cf0a31896d15d09e7d897c1da99462,frame803-1202/PSU-Track-0803-1202_400-images/frame_1184_f30707.jpg,frame803-1202/annotations-400-images.xml,data/images/test/frame_1184_f30707.jpg,data/labels/test/frame_1184_f30707.txt,data/masks-original/test/frame_1184_f30707.png,2,1280,720,0.447342
frame_1185_f30733.jpg,1185,test,d037e270c21d211d7f1870dd1e65051a214cd898f68d87c31eb29625a478824d,frame803-1202/PSU-Track-0803-1202_400-images/frame_1185_f30733.jpg,frame803-1202/annotations-400-images.xml,data/images/test/frame_1185_f30733.jpg,data/labels/test/frame_1185_f30733.txt,data/masks-original/test/frame_1185_f30733.png,2,1280,720,0.448536
frame_1186_f30758.jpg,1186,test,84a2e1574f2742a604e1ed964efdfffb969999046c74475f529e4a4fc91ba9f2,frame803-1202/PSU-Track-0803-1202_400-images/frame_1186_f30758.jpg,frame803-1202/annotations-400-images.xml,data/images/test/frame_1186_f30758.jpg,data/labels/test/frame_1186_f30758.txt,data/masks-original/test/frame_1186_f30758.png,2,1280,720,0.45193
frame_1187_f30784.jpg,1187,test,2d089db1129c76c893f494c1c3b2f22bf3a9db8aea5b64e30b6b13ec9592194e,frame803-1202/PSU-Track-0803-1202_400-images/frame_1187_f30784.jpg,frame803-1202/annotations-400-images.xml,data/images/test/frame_1187_f30784.jpg,data/labels/test/frame_1187_f30784.txt,data/masks-original/test/frame_1187_f30784.png,2,1280,720,0.454415
frame_1188_f30810.jpg,1188,test,537ac9946cc4f1ed55917ae7554a22f7bb567fe2a278f74978227a8bb0cb97a7,frame803-1202/PSU-Track-0803-1202_400-images/frame_1188_f30810.jpg,frame803-1202/annotations-400-images.xml,data/images/test/frame_1188_f30810.jpg,data/labels/test/frame_1188_f30810.txt,data/masks-original/test/frame_1188_f30810.png,2,1280,720,0.458035
frame_1189_f30836.jpg,1189,test,348bf1292cc0d94e97e729fafe2eb73353c650425e12a9cb698f983fabe49247,frame803-1202/PSU-Track-0803-1202_400-images/frame_1189_f30836.jpg,frame803-1202/annotations-400-images.xml,data/images/test/frame_1189_f30836.jpg,data/labels/test/frame_1189_f30836.txt,data/masks-original/test/frame_1189_f30836.png,2,1280,720,0.458092
frame_1190_f30862.jpg,1190,test,a043b0d2a8d1291938b2fcf1ff450f49d429f80a095846cef377795ad2577410,frame803-1202/PSU-Track-0803-1202_400-images/frame_1190_f30862.jpg,frame803-1202/annotations-400-images.xml,data/images/test/frame_1190_f30862.jpg,data/labels/test/frame_1190_f30862.txt,data/masks-original/test/frame_1190_f30862.png,2,1280,720,0.471517
frame_1191_f30888.jpg,1191,test,9d157c7d96400a293d68a937e514ac2b6c608e673d4fb4e4bdeab3ea7d082615,frame803-1202/PSU-Track-0803-1202_400-images/frame_1191_f30888.jpg,frame803-1202/annotations-400-images.xml,data/images/test/frame_1191_f30888.jpg,data/labels/test/frame_1191_f30888.txt,data/masks-original/test/frame_1191_f30888.png,2,1280,720,0.462999
frame_1192_f30914.jpg,1192,test,74e56e9fe440fcbc521c0a7207810982036cac368d6142e8662ec87f2d2c9331,frame803-1202/PSU-Track-0803-1202_400-images/frame_1192_f30914.jpg,frame803-1202/annotations-400-images.xml,data/images/test/frame_1192_f30914.jpg,data/labels/test/frame_1192_f30914.txt,data/masks-original/test/frame_1192_f30914.png,2,1280,720,0.463894
frame_1193_f30940.jpg,1193,test,aac8e9612f87ef4e3db88285ec23df967b9ce2218dc3f89e727506fb5955373b,frame803-1202/PSU-Track-0803-1202_400-images/frame_1193_f30940.jpg,frame803-1202/annotations-400-images.xml,data/images/test/frame_1193_f30940.jpg,data/labels/test/frame_1193_f30940.txt,data/masks-original/test/frame_1193_f30940.png,2,1280,720,0.450965
frame_1194_f30966.jpg,1194,test,fad766eebb211de038f26efb4a6a6b3e64c234ec0d49dc7c1864cd4107f71116,frame803-1202/PSU-Track-0803-1202_400-images/frame_1194_f30966.jpg,frame803-1202/annotations-400-images.xml,data/images/test/frame_1194_f30966.jpg,data/labels/test/frame_1194_f30966.txt,data/masks-original/test/frame_1194_f30966.png,2,1280,720,0.442521
frame_1195_f30992.jpg,1195,test,5e01307cb4f0a701b567a9447d00aac542110d5c5dc353787dfd1a0a4653abe3,frame803-1202/PSU-Track-0803-1202_400-images/frame_1195_f30992.jpg,frame803-1202/annotations-400-images.xml,data/images/test/frame_1195_f30992.jpg,data/labels/test/frame_1195_f30992.txt,data/masks-original/test/frame_1195_f30992.png,2,1280,720,0.450313
frame_1196_f31018.jpg,1196,test,323810e0219980ba703884bade471d5aaf5a5f5b3b71d72d6c495c01de71c885,frame803-1202/PSU-Track-0803-1202_400-images/frame_1196_f31018.jpg,frame803-1202/annotations-400-images.xml,data/images/test/frame_1196_f31018.jpg,data/labels/test/frame_1196_f31018.txt,data/masks-original/test/frame_1196_f31018.png,2,1280,720,0.457861
frame_1197_f31044.jpg,1197,test,7b8741fc7925139a44d5f170f1c65940d2592587ccd27065a021ef919cf284fa,frame803-1202/PSU-Track-0803-1202_400-images/frame_1197_f31044.jpg,frame803-1202/annotations-400-images.xml,data/images/test/frame_1197_f31044.jpg,data/labels/test/frame_1197_f31044.txt,data/masks-original/test/frame_1197_f31044.png,2,1280,720,0.45825
frame_1198_f31070.jpg,1198,test,40be0515f751443a554c7c7f8033b9be95e91411e9b25ce513726f847a7ff0ed,frame803-1202/PSU-Track-0803-1202_400-images/frame_1198_f31070.jpg,frame803-1202/annotations-400-images.xml,data/images/test/frame_1198_f31070.jpg,data/labels/test/frame_1198_f31070.txt,data/masks-original/test/frame_1198_f31070.png,2,1280,720,0.465075
frame_1199_f31096.jpg,1199,test,b8655fc9c84f7b37e0f27184ab74e69cecaacab7f47aabf2be5ff57b75c34bad,frame803-1202/PSU-Track-0803-1202_400-images/frame_1199_f31096.jpg,frame803-1202/annotations-400-images.xml,data/images/test/frame_1199_f31096.jpg,data/labels/test/frame_1199_f31096.txt,data/masks-original/test/frame_1199_f31096.png,2,1280,720,0.463026
frame_1200_f31122.jpg,1200,test,878047b326e858af25b54ca899525e4ac5c92cca985c2bf774adac2c05623412,frame803-1202/PSU-Track-0803-1202_400-images/frame_1200_f31122.jpg,frame803-1202/annotations-400-images.xml,data/images/test/frame_1200_f31122.jpg,data/labels/test/frame_1200_f31122.txt,data/masks-original/test/frame_1200_f31122.png,2,1280,720,0.462229
frame_1201_f31147.jpg,1201,test,d7191b8f01bf61a796d4a00543e071fd7af9e1c39c9e57158d741915a67ab2c9,frame803-1202/PSU-Track-0803-1202_400-images/frame_1201_f31147.jpg,frame803-1202/annotations-400-images.xml,data/images/test/frame_1201_f31147.jpg,data/labels/test/frame_1201_f31147.txt,data/masks-original/test/frame_1201_f31147.png,2,1280,720,0.453232
frame_1202_f31173.jpg,1202,test,7f00a2af7564ee8c60384e8eeb479d9b7e1ec981071630c9aa8cacb8df29923c,frame803-1202/PSU-Track-0803-1202_400-images/frame_1202_f31173.jpg,frame803-1202/annotations-400-images.xml,data/images/test/frame_1202_f31173.jpg,data/labels/test/frame_1202_f31173.txt,data/masks-original/test/frame_1202_f31173.png,2,1280,720,0.449273
